order_id,order_date,customer_id,customer_name,product_id,product_name,category,quantity,unit_price,currency
ORD-0D1CA0FC,2026-04-21,C-C6781E03,CV Kebun 4771,P-4FE4FF,Herbisida Metsulindo 20 WP Ukuran 100gr - Efektif kendalikan Gulma Muda,General,4,33499.0,IDR
ORD-0EA33C59,2026-04-21,C-787884C2,UD Agro 8226,P-C21693,ZA Cap Daun 50kg,Toling,35,360000.0,IDR
ORD-18134777,2026-04-21,C-5146E0E4,Toko Pupuk 1588,P-28A54F,Turmadan 328 SL 1 Liter - Herbisida Parakuat Pembasmi Gulma Super Cepat,Racun,2,68499.0,IDR
ORD-388A36D0,2026-04-21,C-50FF0D29,Koperasi Hijau 1329,P-F9D1EF,Herbisida Bom Up 520 SL Kemasan 20 Liter - Pembasmi Gulma dari Akar ke Daun,General,1,1128999.0,IDR
ORD-455C997D,2026-04-21,C-2AF072C7,Usaha Kebun 6095,P-41049F,Herbisida Metsulindo 20 WP Ukuran 250gr - Efektif kendalikan Gulma Muda,General,10,44999.0,IDR
ORD-48528485,2026-04-21,C-45552E4C,Toko Pupuk 6316,P-97F3A1,Herbisida Bom Up 520 SL Kemasan 1 Liter - Pembasmi Gulma dari Akar ke Daun,General,1,57499.0,IDR
ORD-49A1677C,2026-04-21,C-22668252,UD Agro 1378,P-6E74CB,Herbisida Bom Up 520 SL Kemasan 5 Liter - Pembasmi Gulma dari Akar ke Daun,General,1,265999.0,IDR
ORD-4B88945A,2026-04-21,C-EB87A2DB,CV Kebun 4811,P-385FCB,Herbisida Gramoxone 276 SL Kemasan 1 Liter - Parakuat Pembasmi Rumput Liar,General,1,76499.0,IDR
ORD-4B88945A,2026-04-21,C-EB87A2DB,CV Kebun 4811,P-6E74CB,Herbisida Bom Up 520 SL Kemasan 5 Liter - Pembasmi Gulma dari Akar ke Daun,General,1,265999.0,IDR
ORD-50080F0B,2026-04-21,C-7F14192B,CV Kebun 5595,P-6E74CB,Herbisida Bom Up 520 SL Kemasan 5 Liter - Pembasmi Gulma dari Akar ke Daun,General,1,265999.0,IDR
ORD-55892CFE,2026-04-21,C-8D58CF60,Mitra Tani 7712,P-3630B1,Minyak Goreng 1 Liter - Minyak Hemat Petani Hebat,Toling,13,21000.0,IDR
ORD-657DA2BF,2026-04-21,C-0AD0B725,Gapoktan 2533,P-3E8E64,Herbisida Bablass 490 SL Kemasan 20 Liter - Pembasmi Gulma dari Akar ke Daun,General,1,1035499.0,IDR
ORD-6ED37AEB,2026-04-21,C-0A6F91F6,Distributor Bibit 8022,P-6E74CB,Herbisida Bom Up 520 SL Kemasan 5 Liter - Pembasmi Gulma dari Akar ke Daun,General,1,265999.0,IDR
ORD-85E801A9,2026-04-21,C-217AFA80,Mitra Tani 9648,P-41049F,Herbisida Metsulindo 20 WP Ukuran 250gr - Efektif kendalikan Gulma Muda,General,2,49499.0,IDR
ORD-9652494D,2026-04-21,C-84EB3FF6,Distributor Bibit 8846,P-FCD235,Herbasida Garlon 670 EC Kemasan 1 Liter - Pembasmi Gulma Berkayu,General,1,319999.0,IDR
ORD-AA9590CC,2026-04-21,C-ADCE9FE3,CV Kebun 9715,P-E4C339,Herbisida Centatop 288 SL Kemasan 5 Liter - Herbisida Kontak Parakuat Pembasmi Gulma Cepat,General,1,237999.0,IDR
ORD-BB31FCE4,2026-04-21,C-90C900DF,Usaha Kebun 2063,P-41049F,Herbisida Metsulindo 20 WP Ukuran 250gr - Efektif kendalikan Gulma Muda,General,1,45999.0,IDR
ORD-BEB897AF,2026-04-21,C-ADDF518F,Usaha Kebun 5775,P-5A9662,ROUNDUP 486 SL (4 Liter) - Herbisida Sistemik Glifosat Tuntas,Racun,1,368499.0,IDR
ORD-C78354CD,2026-04-21,C-175AECBA,UD Agro 2810,P-6E74CB,Herbisida Bom Up 520 SL Kemasan 5 Liter - Pembasmi Gulma dari Akar ke Daun,General,1,262999.0,IDR
ORD-D716D869,2026-04-21,C-81E9FD4C,Toko Pupuk 3596,P-6E74CB,Herbisida Bom Up 520 SL Kemasan 5 Liter - Pembasmi Gulma dari Akar ke Daun,General,1,265999.0,IDR
ORD-FCC3DC40,2026-04-21,C-46730FA2,UD Agro 3762,P-FCD235,Herbasida Garlon 670 EC Kemasan 1 Liter - Pembasmi Gulma Berkayu,General,1,338999.0,IDR
ORD-022605ED,2026-04-22,C-249A4FCE,Distributor Bibit 5750,P-28A54F,Turmadan 328 SL 1 Liter - Herbisida Parakuat Pembasmi Gulma Super Cepat,Racun,3,68499.0,IDR
ORD-0768E43A,2026-04-22,C-EF0F8551,Koperasi Hijau 3793,P-05FE0B,Herbasida Garlon 670 EC Kemasan 100ml - Pembasmi Gulma Berkayu,Racun,6,44999.0,IDR
ORD-0F731D5F,2026-04-22,C-CD718DE2,UD Agro 6170,P-6E74CB,Herbisida Bom Up 520 SL Kemasan 5 Liter - Pembasmi Gulma dari Akar ke Daun,General,1,265999.0,IDR
ORD-10D65611,2026-04-22,C-808D14B1,Koperasi Hijau 6521,P-385FCB,Herbisida Gramoxone 276 SL Kemasan 1 Liter - Parakuat Pembasmi Rumput Liar,General,2,76499.0,IDR
ORD-16D594D9,2026-04-22,C-F6881E13,CV Kebun 4731,P-6E74CB,Herbisida Bom Up 520 SL Kemasan 5 Liter - Pembasmi Gulma dari Akar ke Daun,General,1,265999.0,IDR
ORD-256771A8,2026-04-22,C-78325152,UD Agro 6538,P-6E74CB,Herbisida Bom Up 520 SL Kemasan 5 Liter - Pembasmi Gulma dari Akar ke Daun,General,1,265999.0,IDR
ORD-25B1391F,2026-04-22,C-CCF077F6,Distributor Bibit 6414,P-E4C339,Herbisida Centatop 288 SL Kemasan 5 Liter - Herbisida Kontak Parakuat Pembasmi Gulma Cepat,General,1,248999.0,IDR
ORD-3A23F06B,2026-04-22,C-2335975C,Toko Pupuk 9716,P-6E74CB,Herbisida Bom Up 520 SL Kemasan 5 Liter - Pembasmi Gulma dari Akar ke Daun,General,1,265999.0,IDR
ORD-3E638F3F,2026-04-22,C-7A37A22D,Gapoktan 6349,P-28A54F,Turmadan 328 SL 1 Liter - Herbisida Parakuat Pembasmi Gulma Super Cepat,Racun,1,68499.0,IDR
ORD-459F3961,2026-04-22,C-E0A2EC61,Koperasi Hijau 6729,P-FCD235,Herbasida Garlon 670 EC Kemasan 1 Liter - Pembasmi Gulma Berkayu,General,1,338999.0,IDR
ORD-513DCE31,2026-04-22,C-A0034955,Gapoktan 5941,P-97F3A1,Herbisida Bom Up 520 SL Kemasan 1 Liter - Pembasmi Gulma dari Akar ke Daun,General,20,59999.0,IDR
ORD-545EACA6,2026-04-22,C-5C2DA726,Distributor Bibit 8782,P-E4C339,Herbisida Centatop 288 SL Kemasan 5 Liter - Herbisida Kontak Parakuat Pembasmi Gulma Cepat,General,1,248999.0,IDR
ORD-64054A2E,2026-04-22,C-CF97C24B,CV Kebun 1387,P-B2BB93,Benih Sawit Topaz 1-3 Seri 4 (100 butir),Benih,20,950000.0,IDR
ORD-6F6D7761,2026-04-22,C-DC85E795,Gapoktan 8093,P-516722,ROUNDUP 486 SL (1 Liter) - Herbisida Sistemik Glifosat Tuntas,General,1,91999.0,IDR
ORD-71B6F28C,2026-04-22,C-99BB238B,CV Kebun 4379,P-64CA8D,Dolomite M-100 50kg,Khusus Petani,20,40000.0,IDR
ORD-733B4EDE,2026-04-22,C-3B526435,Gapoktan 9349,P-97F3A1,Herbisida Bom Up 520 SL Kemasan 1 Liter - Pembasmi Gulma dari Akar ke Daun,General,1,59999.0,IDR
ORD-7C5CC7A0,2026-04-22,C-043C2143,CV Kebun 4539,P-E4C339,Herbisida Centatop 288 SL Kemasan 5 Liter - Herbisida Kontak Parakuat Pembasmi Gulma Cepat,General,1,248999.0,IDR
ORD-8BEF12CD,2026-04-22,C-D5D79CD9,Koperasi Hijau 8401,P-6E74CB,Herbisida Bom Up 520 SL Kemasan 5 Liter - Pembasmi Gulma dari Akar ke Daun,General,2,265999.0,IDR
ORD-9120160A,2026-04-22,C-5C34240B,CV Kebun 1971,P-6E74CB,Herbisida Bom Up 520 SL Kemasan 5 Liter - Pembasmi Gulma dari Akar ke Daun,General,1,265999.0,IDR
ORD-968408ED,2026-04-22,C-4ACFAE8F,Usaha Kebun 3623,P-41049F,Herbisida Metsulindo 20 WP Ukuran 250gr - Efektif kendalikan Gulma Muda,General,2,45999.0,IDR
ORD-9D5141BD,2026-04-22,C-552CF6E2,UD Agro 9146,P-AE5582,Bom Up 520 SL - 20 Liter,Khusus Petani,1,916200.0,IDR
ORD-A14C80B1,2026-04-22,C-50FF0D29,Koperasi Hijau 1329,P-F9D1EF,Herbisida Bom Up 520 SL Kemasan 20 Liter - Pembasmi Gulma dari Akar ke Daun,General,1,1153999.0,IDR
ORD-A776BA7B,2026-04-22,C-A82A4A00,Mitra Tani 6744,P-F9D1EF,Herbisida Bom Up 520 SL Kemasan 20 Liter - Pembasmi Gulma dari Akar ke Daun,General,1,1153999.0,IDR
ORD-AB3648EB,2026-04-22,C-DDFD593D,Gapoktan 7189,P-05FE0B,Herbasida Garlon 670 EC Kemasan 100ml - Pembasmi Gulma Berkayu,Racun,1,44999.0,IDR
ORD-ADF89483,2026-04-22,C-A779A026,Distributor Bibit 2926,P-FCD235,Herbasida Garlon 670 EC Kemasan 1 Liter - Pembasmi Gulma Berkayu,General,1,338999.0,IDR
ORD-BA54F876,2026-04-22,C-885FF22B,CV Kebun 1291,P-FD375A,Metsulindo 20 WP - 250gr,Toling,4,43500.0,IDR
ORD-BD20B07E,2026-04-22,C-F69C76F8,Mitra Tani 6208,P-97F3A1,Herbisida Bom Up 520 SL Kemasan 1 Liter - Pembasmi Gulma dari Akar ke Daun,General,1,59999.0,IDR
ORD-CB70351E,2026-04-22,C-22831812,UD Agro 2722,P-D6BB73,Pupuk KCL Canada Cap Mahkota 50kg - Meningkatkan Hasil Panen,Pupuk,1,421499.0,IDR
ORD-D372866F,2026-04-22,C-34036171,Koperasi Hijau 6785,P-28A54F,Turmadan 328 SL 1 Liter - Herbisida Parakuat Pembasmi Gulma Super Cepat,Racun,1,68499.0,IDR
ORD-DD335463,2026-04-22,C-1FB78246,Distributor Bibit 5134,P-97F3A1,Herbisida Bom Up 520 SL Kemasan 1 Liter - Pembasmi Gulma dari Akar ke Daun,General,1,59999.0,IDR
ORD-ECFC7D9D,2026-04-22,C-634C2B79,Koperasi Hijau 1249,P-6E74CB,Herbisida Bom Up 520 SL Kemasan 5 Liter - Pembasmi Gulma dari Akar ke Daun,General,1,265999.0,IDR
ORD-F0370D56,2026-04-22,C-C9700E81,Koperasi Hijau 2161,P-6E74CB,Herbisida Bom Up 520 SL Kemasan 5 Liter - Pembasmi Gulma dari Akar ke Daun,General,1,265999.0,IDR
ORD-F91966CE,2026-04-22,C-E228E6AE,Distributor Bibit 4310,P-05FE0B,Herbasida Garlon 670 EC Kemasan 100ml - Pembasmi Gulma Berkayu,Racun,1,44999.0,IDR
ORD-FBE58D09,2026-04-22,C-F2EF62AF,Usaha Kebun 8639,P-DDA2C3,"Pupuk Meroke Korn-Kali B (KKB) 50kg - Kalium, Magnesium & Sulfur Terbaik",Pupuk,1,562999.0,IDR
ORD-181A5D66,2026-04-23,C-237D3894,Toko Pupuk 6044,P-28A54F,Turmadan 328 SL 1 Liter - Herbisida Parakuat Pembasmi Gulma Super Cepat,Racun,2,68499.0,IDR
ORD-205B452F,2026-04-23,C-B9EA247E,Distributor Bibit 9726,P-2D0BC8,Herbisida Gramoxone 276 SL Kemasan 5 Liter - Parakuat Pembasmi Rumput Liar,General,1,357499.0,IDR
ORD-2463D94A,2026-04-23,C-BFC17EEE,Distributor Bibit 8198,P-41049F,Herbisida Metsulindo 20 WP Ukuran 250gr - Efektif kendalikan Gulma Muda,General,1,45999.0,IDR
ORD-32D0A518,2026-04-23,C-7E3C433B,CV Kebun 8587,P-97F3A1,Herbisida Bom Up 520 SL Kemasan 1 Liter - Pembasmi Gulma dari Akar ke Daun,General,1,59999.0,IDR
ORD-3DD906EC,2026-04-23,C-31176093,CV Kebun 8635,P-05FE0B,Herbasida Garlon 670 EC Kemasan 100ml - Pembasmi Gulma Berkayu,Racun,2,44999.0,IDR
ORD-4683164D,2026-04-23,C-C351E6B8,Mitra Tani 7600,P-41049F,Herbisida Metsulindo 20 WP Ukuran 250gr - Efektif kendalikan Gulma Muda,General,4,45999.0,IDR
ORD-4848E10C,2026-04-23,C-5F11842E,Distributor Bibit 4470,P-97F3A1,Herbisida Bom Up 520 SL Kemasan 1 Liter - Pembasmi Gulma dari Akar ke Daun,General,1,59999.0,IDR
ORD-7BFA26BF,2026-04-23,C-22F411A4,Toko Pupuk 8644,P-F9D1EF,Herbisida Bom Up 520 SL Kemasan 20 Liter - Pembasmi Gulma dari Akar ke Daun,General,1,1153999.0,IDR
ORD-7ECE38EF,2026-04-23,C-95CFE6F3,CV Kebun 1259,P-6E74CB,Herbisida Bom Up 520 SL Kemasan 5 Liter - Pembasmi Gulma dari Akar ke Daun,General,1,265999.0,IDR
ORD-7FEA1E83,2026-04-23,C-78F66E56,Distributor Bibit 7022,P-41049F,Herbisida Metsulindo 20 WP Ukuran 250gr - Efektif kendalikan Gulma Muda,General,1,45999.0,IDR
ORD-831DA687,2026-04-23,C-B10ADE37,Usaha Kebun 1479,P-6E74CB,Herbisida Bom Up 520 SL Kemasan 5 Liter - Pembasmi Gulma dari Akar ke Daun,General,2,265999.0,IDR
ORD-83AC29C6,2026-04-23,C-0AB519F9,Koperasi Hijau 1825,P-6E74CB,Herbisida Bom Up 520 SL Kemasan 5 Liter - Pembasmi Gulma dari Akar ke Daun,General,1,265999.0,IDR
ORD-9779B1ED,2026-04-23,C-A2C36185,Gapoktan 6477,P-385FCB,Herbisida Gramoxone 276 SL Kemasan 1 Liter - Parakuat Pembasmi Rumput Liar,General,1,76499.0,IDR
ORD-A3882E55,2026-04-23,C-F5B338A3,CV Kebun 2363,P-F9D1EF,Herbisida Bom Up 520 SL Kemasan 20 Liter - Pembasmi Gulma dari Akar ke Daun,General,1,1153999.0,IDR
ORD-CF736F4B,2026-04-23,C-0E7E4815,Gapoktan 5013,P-6E74CB,Herbisida Bom Up 520 SL Kemasan 5 Liter - Pembasmi Gulma dari Akar ke Daun,General,1,265999.0,IDR
ORD-D6FDFAC8,2026-04-23,C-19B88C98,Mitra Tani 3016,P-B11DC4,NPK Phonska Plus 15-15-15 25kg,Toling,22,260000.0,IDR
ORD-DFFC8A02,2026-04-23,C-276CF808,Mitra Tani 7808,P-4FE4FF,Herbisida Metsulindo 20 WP Ukuran 100gr - Efektif kendalikan Gulma Muda,General,10,34999.0,IDR
ORD-0CA8AF3A,2026-04-24,C-7FF283A2,UD Agro 1842,P-41049F,Herbisida Metsulindo 20 WP Ukuran 250gr - Efektif kendalikan Gulma Muda,General,5,45999.0,IDR
ORD-1296CA3D,2026-04-24,C-B137AE17,Usaha Kebun 4279,P-3630B1,Minyak Goreng 1 Liter - Minyak Hemat Petani Hebat,Minyak Hemat,1,21000.0,IDR
ORD-228B9EE2,2026-04-24,C-624EF40D,Gapoktan 2453,P-6E74CB,Herbisida Bom Up 520 SL Kemasan 5 Liter - Pembasmi Gulma dari Akar ke Daun,General,1,265999.0,IDR
ORD-22C82B5C,2026-04-24,C-C939EA75,Gapoktan 8989,P-385FCB,Herbisida Gramoxone 276 SL Kemasan 1 Liter - Parakuat Pembasmi Rumput Liar,General,10,76499.0,IDR
ORD-28E046D8,2026-04-24,C-FFB30E2E,Distributor Bibit 3654,P-FCD235,Herbasida Garlon 670 EC Kemasan 1 Liter - Pembasmi Gulma Berkayu,General,2,338999.0,IDR
ORD-39AA5C34,2026-04-24,C-4C08D9F9,Koperasi Hijau 7505,P-10ABDD,Herbisida Gramoxone 276 SL Kemasan 20 Liter - Parakuat Pembasmi Rumput Liar,General,1,1219999.0,IDR
ORD-49ABAA6E,2026-04-24,C-C2FC7AB2,UD Agro 7386,P-41049F,Herbisida Metsulindo 20 WP Ukuran 250gr - Efektif kendalikan Gulma Muda,General,92,45999.0,IDR
ORD-4A77DA0D,2026-04-24,C-98E47A03,CV Kebun 3275,P-6E74CB,Herbisida Bom Up 520 SL Kemasan 5 Liter - Pembasmi Gulma dari Akar ke Daun,General,1,265999.0,IDR
ORD-4EF88DF0,2026-04-24,C-9D919D65,Gapoktan 5925,P-89A982,MOP/KCL Sasco 50kg,Pupuk,2000,395000.0,IDR
ORD-56E6A7C7,2026-04-24,C-7EFAA254,Toko Pupuk 1772,P-28A54F,Turmadan 328 SL 1 Liter - Herbisida Parakuat Pembasmi Gulma Super Cepat,Racun,10,68499.0,IDR
ORD-571DA947,2026-04-24,C-CB66EBBB,CV Kebun 8867,P-6E74CB,Herbisida Bom Up 520 SL Kemasan 5 Liter - Pembasmi Gulma dari Akar ke Daun,General,1,265999.0,IDR
ORD-5AF2C07D,2026-04-24,C-9255921C,Toko Pupuk 8500,P-385FCB,Herbisida Gramoxone 276 SL Kemasan 1 Liter - Parakuat Pembasmi Rumput Liar,General,1,76499.0,IDR
ORD-71609AE9,2026-04-24,C-EDB27AB2,UD Agro 7010,P-4FE4FF,Herbisida Metsulindo 20 WP Ukuran 100gr - Efektif kendalikan Gulma Muda,General,3,34999.0,IDR
ORD-73826ABA,2026-04-24,C-58A353B7,Usaha Kebun 2807,P-BEDEAF,Herbisida Bablass 490 SL Kemasan 5 Liter - Pembasmi Gulma dari Akar ke Daun,General,1,310499.0,IDR
ORD-7A07AB6C,2026-04-24,C-8F30A1E8,Mitra Tani 5064,P-6E74CB,Herbisida Bom Up 520 SL Kemasan 5 Liter - Pembasmi Gulma dari Akar ke Daun,General,4,265999.0,IDR
ORD-7D8101EA,2026-04-24,C-E06BB827,Usaha Kebun 6879,P-D6BB73,Pupuk KCL Canada Cap Mahkota 50kg - Meningkatkan Hasil Panen,Pupuk,1,421499.0,IDR
ORD-7F65BD67,2026-04-24,C-938D7690,Mitra Tani 9680,P-6E74CB,Herbisida Bom Up 520 SL Kemasan 5 Liter - Pembasmi Gulma dari Akar ke Daun,General,1,265999.0,IDR
ORD-95DEA3EC,2026-04-24,C-6130E640,Mitra Tani 2624,P-6E74CB,Herbisida Bom Up 520 SL Kemasan 5 Liter - Pembasmi Gulma dari Akar ke Daun,General,3,265999.0,IDR
ORD-9679A0C4,2026-04-24,C-610245F9,Koperasi Hijau 6937,P-41049F,Herbisida Metsulindo 20 WP Ukuran 250gr - Efektif kendalikan Gulma Muda,General,20,45999.0,IDR
ORD-A48EDFB9,2026-04-24,C-F02E1473,CV Kebun 9731,P-DDB457,NPK Mahkota 13-8-27-4 0.5 B 50kg,Pupuk,2000,540000.0,IDR
ORD-B6DC1D53,2026-04-24,C-52F5E57F,Usaha Kebun 6783,P-0E5ABA,"Pupuk NPK YaraMila UNIK 16-16-16 (50kg) - Pupuk Dasar & Pemeliharaan, Kuatkan Akar dan Hasil",Pupuk,1,978499.0,IDR
ORD-B9342BAD,2026-04-24,C-454A778D,Gapoktan 6173,P-3630B1,Minyak Goreng 1 Liter - Minyak Hemat Petani Hebat,Minyak Hemat,1,21000.0,IDR
ORD-C15B3D06,2026-04-24,C-AEE86A3D,Gapoktan 9133,P-28A54F,Turmadan 328 SL 1 Liter - Herbisida Parakuat Pembasmi Gulma Super Cepat,Racun,3,68499.0,IDR
ORD-C44759CA,2026-04-24,C-8E8E8580,Mitra Tani 9960,P-5A9662,ROUNDUP 486 SL (4 Liter) - Herbisida Sistemik Glifosat Tuntas,Racun,2,368499.0,IDR
ORD-CEB61DBF,2026-04-24,C-6EECB42D,Gapoktan 5381,P-41049F,Herbisida Metsulindo 20 WP Ukuran 250gr - Efektif kendalikan Gulma Muda,General,1,45999.0,IDR
ORD-CEEB04EF,2026-04-24,C-FFB30E2E,Distributor Bibit 3654,P-FCD235,Herbasida Garlon 670 EC Kemasan 1 Liter - Pembasmi Gulma Berkayu,General,2,338999.0,IDR
ORD-EFFDD217,2026-04-24,C-E8F8972D,Gapoktan 5741,P-E4C339,Herbisida Centatop 288 SL Kemasan 5 Liter - Herbisida Kontak Parakuat Pembasmi Gulma Cepat,General,1,248999.0,IDR
ORD-05B55D58,2026-04-25,C-32D2003A,UD Agro 9418,P-05FE0B,Herbasida Garlon 670 EC Kemasan 100ml - Pembasmi Gulma Berkayu,Racun,1,44999.0,IDR
ORD-068F1C44,2026-04-25,C-E157E86C,Toko Pupuk 5732,P-6E74CB,Herbisida Bom Up 520 SL Kemasan 5 Liter - Pembasmi Gulma dari Akar ke Daun,General,2,265999.0,IDR
ORD-137C3207,2026-04-25,C-5F2EC21D,Gapoktan 3869,P-BEDEAF,Herbisida Bablass 490 SL Kemasan 5 Liter - Pembasmi Gulma dari Akar ke Daun,General,1,310499.0,IDR
ORD-2569BDDB,2026-04-25,C-01DE4E00,Mitra Tani 9176,P-6E74CB,Herbisida Bom Up 520 SL Kemasan 5 Liter - Pembasmi Gulma dari Akar ke Daun,General,1,265999.0,IDR
ORD-26F48879,2026-04-25,C-F2DB6A3A,UD Agro 4850,P-FCD235,Herbasida Garlon 670 EC Kemasan 1 Liter - Pembasmi Gulma Berkayu,General,1,338999.0,IDR
ORD-2B298A77,2026-04-25,C-B38816A8,Mitra Tani 2360,P-6E74CB,Herbisida Bom Up 520 SL Kemasan 5 Liter - Pembasmi Gulma dari Akar ke Daun,General,1,265999.0,IDR
ORD-2D63CA43,2026-04-25,C-340CD693,CV Kebun 5595,P-FCD235,Herbasida Garlon 670 EC Kemasan 1 Liter - Pembasmi Gulma Berkayu,General,2,338999.0,IDR
ORD-336556EB,2026-04-25,C-DC0BBB52,UD Agro 2370,P-BEDEAF,Herbisida Bablass 490 SL Kemasan 5 Liter - Pembasmi Gulma dari Akar ke Daun,General,1,310499.0,IDR
ORD-37DD4592,2026-04-25,C-A379ADC3,CV Kebun 1547,P-05FE0B,Herbasida Garlon 670 EC Kemasan 100ml - Pembasmi Gulma Berkayu,Racun,12,44999.0,IDR
ORD-3F17AC25,2026-04-25,C-2FF221CD,Gapoktan 5517,P-28A54F,Turmadan 328 SL 1 Liter - Herbisida Parakuat Pembasmi Gulma Super Cepat,Racun,1,68499.0,IDR
ORD-4B64F5A0,2026-04-25,C-AED87533,CV Kebun 7363,P-BEDEAF,Herbisida Bablass 490 SL Kemasan 5 Liter - Pembasmi Gulma dari Akar ke Daun,General,1,310499.0,IDR
ORD-52A0DA07,2026-04-25,C-FFB30E2E,Distributor Bibit 3654,P-FCD235,Herbasida Garlon 670 EC Kemasan 1 Liter - Pembasmi Gulma Berkayu,General,5,338999.0,IDR
ORD-569C4F1F,2026-04-25,C-075299AC,Toko Pupuk 4804,P-032ED5,Herbisida Sistemik Elang 480 SL Kemasan 1 Liter - Pembasmi Gulma dari Akar ke Daun,General,4,74999.0,IDR
ORD-58115A23,2026-04-25,C-87B6B012,UD Agro 5786,P-5A9662,ROUNDUP 486 SL (4 Liter) - Herbisida Sistemik Glifosat Tuntas,Racun,1,368499.0,IDR
ORD-59DAA219,2026-04-25,C-87774925,Gapoktan 8669,P-97F3A1,Herbisida Bom Up 520 SL Kemasan 1 Liter - Pembasmi Gulma dari Akar ke Daun,General,2,59999.0,IDR
ORD-60FB5185,2026-04-25,C-46A772AE,Distributor Bibit 7990,P-FCD235,Herbasida Garlon 670 EC Kemasan 1 Liter - Pembasmi Gulma Berkayu,General,1,338999.0,IDR
ORD-617F2868,2026-04-25,C-968E8D3A,UD Agro 3666,P-E4C339,Herbisida Centatop 288 SL Kemasan 5 Liter - Herbisida Kontak Parakuat Pembasmi Gulma Cepat,General,1,248999.0,IDR
ORD-64AC3C50,2026-04-25,C-CCB7713C,Toko Pupuk 4140,P-6E74CB,Herbisida Bom Up 520 SL Kemasan 5 Liter - Pembasmi Gulma dari Akar ke Daun,General,1,265999.0,IDR
ORD-652F7AD9,2026-04-25,C-FCA217B9,Koperasi Hijau 4337,P-385FCB,Herbisida Gramoxone 276 SL Kemasan 1 Liter - Parakuat Pembasmi Rumput Liar,General,1,76499.0,IDR
ORD-67CCE087,2026-04-25,C-37BF4550,Mitra Tani 3000,P-6E74CB,Herbisida Bom Up 520 SL Kemasan 5 Liter - Pembasmi Gulma dari Akar ke Daun,General,12,265999.0,IDR
ORD-92D8515C,2026-04-25,C-78706CC7,Usaha Kebun 8799,P-6E74CB,Herbisida Bom Up 520 SL Kemasan 5 Liter - Pembasmi Gulma dari Akar ke Daun,General,1,265999.0,IDR
ORD-99A9E371,2026-04-25,C-DEBC93CC,Toko Pupuk 2556,P-6E74CB,Herbisida Bom Up 520 SL Kemasan 5 Liter - Pembasmi Gulma dari Akar ke Daun,General,1,265999.0,IDR
ORD-99CA3776,2026-04-25,C-77A388CB,CV Kebun 9091,P-28A54F,Turmadan 328 SL 1 Liter - Herbisida Parakuat Pembasmi Gulma Super Cepat,Racun,2,68499.0,IDR
ORD-A616983F,2026-04-25,C-DB05A077,Usaha Kebun 6063,P-E4C339,Herbisida Centatop 288 SL Kemasan 5 Liter - Herbisida Kontak Parakuat Pembasmi Gulma Cepat,General,2,248999.0,IDR
ORD-A695160C,2026-04-25,C-6B4FA831,Koperasi Hijau 5513,P-C15400,Smart 486 SL Kemasan 4 Liter - Glifosat Sistemik Pembasmi Gulma Kuat,Racun,2,284999.0,IDR
ORD-AC57F2AD,2026-04-25,C-12DCF009,Koperasi Hijau 3257,P-6E74CB,Herbisida Bom Up 520 SL Kemasan 5 Liter - Pembasmi Gulma dari Akar ke Daun,General,1,265999.0,IDR
ORD-ADA903BA,2026-04-25,C-C185CA8F,Usaha Kebun 3831,P-6E74CB,Herbisida Bom Up 520 SL Kemasan 5 Liter - Pembasmi Gulma dari Akar ke Daun,General,4,265999.0,IDR
ORD-B3B4A44C,2026-04-25,C-A88BB808,Mitra Tani 1904,P-05FE0B,Herbasida Garlon 670 EC Kemasan 100ml - Pembasmi Gulma Berkayu,Racun,5,44999.0,IDR
ORD-B4E47E47,2026-04-25,C-112B21B4,Toko Pupuk 4348,P-6E74CB,Herbisida Bom Up 520 SL Kemasan 5 Liter - Pembasmi Gulma dari Akar ke Daun,General,1,265999.0,IDR
ORD-BD4026FA,2026-04-25,C-E1818B55,Gapoktan 7413,P-385FCB,Herbisida Gramoxone 276 SL Kemasan 1 Liter - Parakuat Pembasmi Rumput Liar,General,4,76499.0,IDR
ORD-CE60CA01,2026-04-25,C-C830D0C2,UD Agro 5370,P-05FE0B,Herbasida Garlon 670 EC Kemasan 100ml - Pembasmi Gulma Berkayu,Racun,1,44999.0,IDR
ORD-DA9D870C,2026-04-25,C-38D8CFF6,Distributor Bibit 4110,P-97F3A1,Herbisida Bom Up 520 SL Kemasan 1 Liter - Pembasmi Gulma dari Akar ke Daun,General,1,59999.0,IDR
ORD-DBCA0A4C,2026-04-25,C-276CF808,Mitra Tani 7808,P-41049F,Herbisida Metsulindo 20 WP Ukuran 250gr - Efektif kendalikan Gulma Muda,General,10,45999.0,IDR
ORD-DC0B73DB,2026-04-25,C-3E3B2F8D,Gapoktan 4189,P-6E74CB,Herbisida Bom Up 520 SL Kemasan 5 Liter - Pembasmi Gulma dari Akar ke Daun,General,1,265999.0,IDR
ORD-E71D97DF,2026-04-25,C-4FA36FC5,Gapoktan 8045,P-FCD235,Herbasida Garlon 670 EC Kemasan 1 Liter - Pembasmi Gulma Berkayu,General,1,338999.0,IDR
ORD-E7878B89,2026-04-25,C-A82A4A00,Mitra Tani 6744,P-F9D1EF,Herbisida Bom Up 520 SL Kemasan 20 Liter - Pembasmi Gulma dari Akar ke Daun,General,1,1153999.0,IDR
ORD-ED4A5B1D,2026-04-25,C-251BD4C4,Toko Pupuk 6932,P-516722,ROUNDUP 486 SL (1 Liter) - Herbisida Sistemik Glifosat Tuntas,General,1,91999.0,IDR
ORD-F5B53124,2026-04-25,C-97EC83A5,Gapoktan 6813,P-E4C339,Herbisida Centatop 288 SL Kemasan 5 Liter - Herbisida Kontak Parakuat Pembasmi Gulma Cepat,General,1,248999.0,IDR
ORD-FF829DDE,2026-04-25,C-17EE7B95,Gapoktan 7173,P-6E74CB,Herbisida Bom Up 520 SL Kemasan 5 Liter - Pembasmi Gulma dari Akar ke Daun,General,1,265999.0,IDR
ORD-03C53D4C,2026-04-26,C-796C4626,Distributor Bibit 7982,P-E4C339,Herbisida Centatop 288 SL Kemasan 5 Liter - Herbisida Kontak Parakuat Pembasmi Gulma Cepat,General,1,248999.0,IDR
ORD-089592DE,2026-04-26,C-A18383C2,UD Agro 4722,P-41049F,Herbisida Metsulindo 20 WP Ukuran 250gr - Efektif kendalikan Gulma Muda,General,1,45999.0,IDR
ORD-2AA24998,2026-04-26,C-27FB317F,Usaha Kebun 4631,P-385FCB,Herbisida Gramoxone 276 SL Kemasan 1 Liter - Parakuat Pembasmi Rumput Liar,General,2,76499.0,IDR
ORD-3A72C2D6,2026-04-26,C-4119E67C,Toko Pupuk 4444,P-6E74CB,Herbisida Bom Up 520 SL Kemasan 5 Liter - Pembasmi Gulma dari Akar ke Daun,General,1,265999.0,IDR
ORD-3F169119,2026-04-26,C-5F49C8E6,Distributor Bibit 2078,P-97F3A1,Herbisida Bom Up 520 SL Kemasan 1 Liter - Pembasmi Gulma dari Akar ke Daun,General,1,60999.0,IDR
ORD-5F326EC6,2026-04-26,C-B17DE4D3,CV Kebun 6811,P-28A54F,Turmadan 328 SL 1 Liter - Herbisida Parakuat Pembasmi Gulma Super Cepat,Racun,10,68499.0,IDR
ORD-985D17E2,2026-04-26,C-5F82D7A4,Toko Pupuk 6404,P-6E74CB,Herbisida Bom Up 520 SL Kemasan 5 Liter - Pembasmi Gulma dari Akar ke Daun,General,1,265999.0,IDR
ORD-A8F7966B,2026-04-26,C-D040F71F,Usaha Kebun 2495,P-6E74CB,Herbisida Bom Up 520 SL Kemasan 5 Liter - Pembasmi Gulma dari Akar ke Daun,General,1,265999.0,IDR
ORD-BC6B827E,2026-04-26,C-E0D1B1F7,Usaha Kebun 2967,P-032ED5,Herbisida Sistemik Elang 480 SL Kemasan 1 Liter - Pembasmi Gulma dari Akar ke Daun,General,1,74999.0,IDR
ORD-C48C6E80,2026-04-26,C-EE2AF177,Usaha Kebun 8735,P-385FCB,Herbisida Gramoxone 276 SL Kemasan 1 Liter - Parakuat Pembasmi Rumput Liar,General,1,76499.0,IDR
ORD-CEA2FBDD,2026-04-26,C-BF36BFB2,UD Agro 5274,P-41049F,Herbisida Metsulindo 20 WP Ukuran 250gr - Efektif kendalikan Gulma Muda,General,1,45999.0,IDR
ORD-D2C7EF55,2026-04-26,C-0322AF92,UD Agro 9818,P-28A54F,Turmadan 328 SL 1 Liter - Herbisida Parakuat Pembasmi Gulma Super Cepat,Racun,1,68499.0,IDR
ORD-D5C0CFBF,2026-04-26,C-A7FA9157,Usaha Kebun 2279,P-41049F,Herbisida Metsulindo 20 WP Ukuran 250gr - Efektif kendalikan Gulma Muda,General,20,45999.0,IDR
ORD-DCE9C58F,2026-04-26,C-80746321,Koperasi Hijau 8201,P-BEDEAF,Herbisida Bablass 490 SL Kemasan 5 Liter - Pembasmi Gulma dari Akar ke Daun,General,1,310499.0,IDR
ORD-F1ED7727,2026-04-26,C-6E8936B7,Usaha Kebun 1199,P-41049F,Herbisida Metsulindo 20 WP Ukuran 250gr - Efektif kendalikan Gulma Muda,General,3,45999.0,IDR
ORD-011E7F03,2026-04-27,C-E7DBDDB5,Gapoktan 3037,P-E4C339,Herbisida Centatop 288 SL Kemasan 5 Liter - Herbisida Kontak Parakuat Pembasmi Gulma Cepat,General,1,248999.0,IDR
ORD-14CC7A6A,2026-04-27,C-DB14AB7B,CV Kebun 1923,P-97F3A1,Herbisida Bom Up 520 SL Kemasan 1 Liter - Pembasmi Gulma dari Akar ke Daun,General,1,59999.0,IDR
ORD-214371F0,2026-04-27,C-08361D81,Koperasi Hijau 2225,P-05FE0B,Herbasida Garlon 670 EC Kemasan 100ml - Pembasmi Gulma Berkayu,Racun,1,44999.0,IDR
ORD-287EE6F9,2026-04-27,C-6D6D05FB,CV Kebun 6499,P-41049F,Herbisida Metsulindo 20 WP Ukuran 250gr - Efektif kendalikan Gulma Muda,General,1,45999.0,IDR
ORD-3A1AC5FF,2026-04-27,C-6C1915B4,Toko Pupuk 3284,P-6E74CB,Herbisida Bom Up 520 SL Kemasan 5 Liter - Pembasmi Gulma dari Akar ke Daun,General,1,265999.0,IDR
ORD-3B6D8527,2026-04-27,C-F247B911,Koperasi Hijau 9705,P-E4C339,Herbisida Centatop 288 SL Kemasan 5 Liter - Herbisida Kontak Parakuat Pembasmi Gulma Cepat,General,1,248999.0,IDR
ORD-46AFCAAB,2026-04-27,C-85C532C0,Mitra Tani 9312,P-FCD235,Herbasida Garlon 670 EC Kemasan 1 Liter - Pembasmi Gulma Berkayu,General,2,338999.0,IDR
ORD-4C58F81B,2026-04-27,C-E93EC5FF,Usaha Kebun 6247,P-41049F,Herbisida Metsulindo 20 WP Ukuran 250gr - Efektif kendalikan Gulma Muda,General,6,45999.0,IDR
ORD-4E1F5894,2026-04-27,C-DCD11A35,Gapoktan 4253,P-6E74CB,Herbisida Bom Up 520 SL Kemasan 5 Liter - Pembasmi Gulma dari Akar ke Daun,General,1,265999.0,IDR
ORD-6294FD03,2026-04-27,C-A9E28FF6,Distributor Bibit 6494,P-6E74CB,Herbisida Bom Up 520 SL Kemasan 5 Liter - Pembasmi Gulma dari Akar ke Daun,General,1,265999.0,IDR
ORD-6D0C73DD,2026-04-27,C-502DFE3F,Usaha Kebun 7487,P-6E74CB,Herbisida Bom Up 520 SL Kemasan 5 Liter - Pembasmi Gulma dari Akar ke Daun,General,1,265999.0,IDR
ORD-6EF4EC65,2026-04-27,C-4119E67C,Toko Pupuk 4444,P-6E74CB,Herbisida Bom Up 520 SL Kemasan 5 Liter - Pembasmi Gulma dari Akar ke Daun,General,1,265999.0,IDR
ORD-775B999E,2026-04-27,C-5A301DF1,Koperasi Hijau 5833,P-516722,ROUNDUP 486 SL (1 Liter) - Herbisida Sistemik Glifosat Tuntas,General,1,91999.0,IDR
ORD-828FC3F2,2026-04-27,C-A6D2DF72,UD Agro 9618,P-6E74CB,Herbisida Bom Up 520 SL Kemasan 5 Liter - Pembasmi Gulma dari Akar ke Daun,General,1,265999.0,IDR
ORD-85EB3C0F,2026-04-27,C-B0E7E188,Mitra Tani 3568,P-3630B1,Minyak Goreng 1 Liter - Minyak Hemat Petani Hebat,Toling,16,21000.0,IDR
ORD-85EB3C0F,2026-04-27,C-B0E7E188,Mitra Tani 3568,P-C0352C,Bablass 490 SL - 20 Liter,Toling,2,997500.0,IDR
ORD-92E57367,2026-04-27,C-04DFD457,Usaha Kebun 4751,P-E4C339,Herbisida Centatop 288 SL Kemasan 5 Liter - Herbisida Kontak Parakuat Pembasmi Gulma Cepat,General,1,248999.0,IDR
ORD-97ACCD7C,2026-04-27,C-08361D81,Koperasi Hijau 2225,P-FCD235,Herbasida Garlon 670 EC Kemasan 1 Liter - Pembasmi Gulma Berkayu,General,1,338999.0,IDR
ORD-A4A0F4F9,2026-04-27,C-677E95A7,Usaha Kebun 7095,P-41049F,Herbisida Metsulindo 20 WP Ukuran 250gr - Efektif kendalikan Gulma Muda,General,3,45999.0,IDR
ORD-A53E5D7B,2026-04-27,C-D5864DCE,Distributor Bibit 7750,P-6E74CB,Herbisida Bom Up 520 SL Kemasan 5 Liter - Pembasmi Gulma dari Akar ke Daun,General,4,265999.0,IDR
ORD-A72DBE92,2026-04-27,C-02105CEE,Distributor Bibit 4798,P-05FE0B,Herbasida Garlon 670 EC Kemasan 100ml - Pembasmi Gulma Berkayu,Racun,1,44999.0,IDR
ORD-B0331343,2026-04-27,C-6C06D965,Gapoktan 5197,P-41049F,Herbisida Metsulindo 20 WP Ukuran 250gr - Efektif kendalikan Gulma Muda,General,4,45999.0,IDR
ORD-BCE11EFF,2026-04-27,C-6E14E745,Gapoktan 1685,P-B29CD2,NPK Mahkota 13-6-27-4 0.65 B 50kg,Toling,20,460000.0,IDR
ORD-C61B61DE,2026-04-27,C-CC3D5BD1,Koperasi Hijau 4265,P-6E74CB,Herbisida Bom Up 520 SL Kemasan 5 Liter - Pembasmi Gulma dari Akar ke Daun,General,1,265999.0,IDR
ORD-C8E07AA8,2026-04-27,C-F277F6CB,CV Kebun 3235,P-05FE0B,Herbasida Garlon 670 EC Kemasan 100ml - Pembasmi Gulma Berkayu,Racun,1,44999.0,IDR
ORD-C8E07AA8,2026-04-27,C-F277F6CB,CV Kebun 3235,P-6E74CB,Herbisida Bom Up 520 SL Kemasan 5 Liter - Pembasmi Gulma dari Akar ke Daun,General,1,265999.0,IDR
ORD-CADEDA97,2026-04-27,C-19B06838,Mitra Tani 9416,P-6E74CB,Herbisida Bom Up 520 SL Kemasan 5 Liter - Pembasmi Gulma dari Akar ke Daun,General,1,265999.0,IDR
ORD-DCF7AB74,2026-04-27,C-BAA49D25,Gapoktan 8309,P-05FE0B,Herbasida Garlon 670 EC Kemasan 100ml - Pembasmi Gulma Berkayu,Racun,12,44999.0,IDR
ORD-E666CEE9,2026-04-27,C-EB7F938F,Usaha Kebun 7607,P-28A54F,Turmadan 328 SL 1 Liter - Herbisida Parakuat Pembasmi Gulma Super Cepat,Racun,2,68499.0,IDR
ORD-EC5BD50B,2026-04-27,C-C9AB12B3,CV Kebun 8859,P-41049F,Herbisida Metsulindo 20 WP Ukuran 250gr - Efektif kendalikan Gulma Muda,General,1,45999.0,IDR
ORD-EEFC4B06,2026-04-27,C-9405798B,CV Kebun 8763,P-6E74CB,Herbisida Bom Up 520 SL Kemasan 5 Liter - Pembasmi Gulma dari Akar ke Daun,General,1,265999.0,IDR
ORD-FABCCD37,2026-04-27,C-7AFF776A,UD Agro 7602,P-6E74CB,Herbisida Bom Up 520 SL Kemasan 5 Liter - Pembasmi Gulma dari Akar ke Daun,General,1,265999.0,IDR
ORD-FDA62DD9,2026-04-27,C-E4E62D4E,Distributor Bibit 9126,P-6E74CB,Herbisida Bom Up 520 SL Kemasan 5 Liter - Pembasmi Gulma dari Akar ke Daun,General,1,265999.0,IDR
ORD-0736F16E,2026-04-28,C-D4AAEC05,Gapoktan 3333,P-6E74CB,Herbisida Bom Up 520 SL Kemasan 5 Liter - Pembasmi Gulma dari Akar ke Daun,General,1,265999.0,IDR
ORD-0879923B,2026-04-28,C-0E08238D,Gapoktan 2413,P-3630B1,Minyak Goreng 1 Liter - Minyak Hemat Petani Hebat,Minyak Hemat,1,21000.0,IDR
ORD-09398D21,2026-04-28,C-8BD8B1AA,UD Agro 7282,P-E4C339,Herbisida Centatop 288 SL Kemasan 5 Liter - Herbisida Kontak Parakuat Pembasmi Gulma Cepat,General,1,246999.0,IDR
ORD-0B05D279,2026-04-28,C-CF97C24B,CV Kebun 1387,P-B2BB93,Benih Sawit Topaz 1-3 Seri 4 (100 butir),Benih,30,950000.0,IDR
ORD-16EC0C43,2026-04-28,C-241FDA76,Distributor Bibit 8318,P-516722,ROUNDUP 486 SL (1 Liter) - Herbisida Sistemik Glifosat Tuntas,General,2,91999.0,IDR
ORD-16EC0C43,2026-04-28,C-241FDA76,Distributor Bibit 8318,P-A1BDE2,Herbisida Bablass 490 SL Kemasan 1 Liter - Pembasmi Gulma dari Akar ke Daun,General,1,64499.0,IDR
ORD-20CFB16F,2026-04-28,C-828E2DA2,UD Agro 8874,P-6E74CB,Herbisida Bom Up 520 SL Kemasan 5 Liter - Pembasmi Gulma dari Akar ke Daun,General,1,266999.0,IDR
ORD-8BD1A9C4,2026-04-28,C-6FC1C25C,Toko Pupuk 9180,P-28A54F,Turmadan 328 SL 1 Liter - Herbisida Parakuat Pembasmi Gulma Super Cepat,Racun,1,68499.0,IDR
ORD-952E4379,2026-04-28,C-787884C2,UD Agro 8226,P-3630B1,Minyak Goreng 1 Liter - Minyak Hemat Petani Hebat,Toling,10,21000.0,IDR
ORD-A5C99628,2026-04-28,C-F3B4FB0A,UD Agro 7234,P-E4C339,Herbisida Centatop 288 SL Kemasan 5 Liter - Herbisida Kontak Parakuat Pembasmi Gulma Cepat,General,1,246999.0,IDR
ORD-A84B74DF,2026-04-28,C-533014A1,Koperasi Hijau 3937,P-41049F,Herbisida Metsulindo 20 WP Ukuran 250gr - Efektif kendalikan Gulma Muda,General,1,45999.0,IDR
ORD-B1363864,2026-04-28,C-E59388CC,Toko Pupuk 3276,P-385FCB,Herbisida Gramoxone 276 SL Kemasan 1 Liter - Parakuat Pembasmi Rumput Liar,General,2,77499.0,IDR
ORD-BB62FC08,2026-04-28,C-13A30A2C,Toko Pupuk 8076,P-DDA2C3,"Pupuk Meroke Korn-Kali B (KKB) 50kg - Kalium, Magnesium & Sulfur Terbaik",Pupuk,1,562999.0,IDR
ORD-C09D4A80,2026-04-28,C-335C074C,Toko Pupuk 1196,P-6E74CB,Herbisida Bom Up 520 SL Kemasan 5 Liter - Pembasmi Gulma dari Akar ke Daun,General,1,266999.0,IDR
ORD-DDD4938B,2026-04-28,C-C185CA8F,Usaha Kebun 3831,P-41049F,Herbisida Metsulindo 20 WP Ukuran 250gr - Efektif kendalikan Gulma Muda,General,10,45999.0,IDR
ORD-E33FC1C5,2026-04-28,C-938D7690,Mitra Tani 9680,P-E4C339,Herbisida Centatop 288 SL Kemasan 5 Liter - Herbisida Kontak Parakuat Pembasmi Gulma Cepat,General,1,248999.0,IDR
ORD-FB865A73,2026-04-28,C-3F25AF5A,UD Agro 9330,P-BEDEAF,Herbisida Bablass 490 SL Kemasan 5 Liter - Pembasmi Gulma dari Akar ke Daun,General,1,310499.0,IDR
ORD-FF0F9777,2026-04-28,C-C2FC7AB2,UD Agro 7386,P-41049F,Herbisida Metsulindo 20 WP Ukuran 250gr - Efektif kendalikan Gulma Muda,General,20,45999.0,IDR
ORD-19631090,2026-04-29,C-663FED20,Mitra Tani 3504,P-41049F,Herbisida Metsulindo 20 WP Ukuran 250gr - Efektif kendalikan Gulma Muda,General,1,45999.0,IDR
ORD-22354A45,2026-04-29,C-8C514963,CV Kebun 8443,P-6E74CB,Herbisida Bom Up 520 SL Kemasan 5 Liter - Pembasmi Gulma dari Akar ke Daun,General,2,266999.0,IDR
ORD-3D6BC353,2026-04-29,C-D56CBE6A,UD Agro 6642,P-97F3A1,Herbisida Bom Up 520 SL Kemasan 1 Liter - Pembasmi Gulma dari Akar ke Daun,General,1,59999.0,IDR
ORD-42429DE8,2026-04-29,C-C72FA53D,Gapoktan 8477,P-6E74CB,Herbisida Bom Up 520 SL Kemasan 5 Liter - Pembasmi Gulma dari Akar ke Daun,General,1,266999.0,IDR
ORD-4AA051BC,2026-04-29,C-67A22351,Koperasi Hijau 6121,P-6E74CB,Herbisida Bom Up 520 SL Kemasan 5 Liter - Pembasmi Gulma dari Akar ke Daun,General,1,266999.0,IDR
ORD-6610C6A8,2026-04-29,C-BF902930,Mitra Tani 5984,P-BEDEAF,Herbisida Bablass 490 SL Kemasan 5 Liter - Pembasmi Gulma dari Akar ke Daun,General,1,322499.0,IDR
ORD-68C51D1D,2026-04-29,C-6032F89E,Distributor Bibit 2182,P-BEDEAF,Herbisida Bablass 490 SL Kemasan 5 Liter - Pembasmi Gulma dari Akar ke Daun,General,1,322499.0,IDR
ORD-74270752,2026-04-29,C-49094CCC,Toko Pupuk 6252,P-6E74CB,Herbisida Bom Up 520 SL Kemasan 5 Liter - Pembasmi Gulma dari Akar ke Daun,General,3,266999.0,IDR
ORD-74CA910B,2026-04-29,C-00EEB4AE,Distributor Bibit 2822,P-E4C339,Herbisida Centatop 288 SL Kemasan 5 Liter - Herbisida Kontak Parakuat Pembasmi Gulma Cepat,General,1,246999.0,IDR
ORD-75FB39A9,2026-04-29,C-E6B3FEDF,Usaha Kebun 7871,P-41049F,Herbisida Metsulindo 20 WP Ukuran 250gr - Efektif kendalikan Gulma Muda,General,1,45999.0,IDR
ORD-7EE9EB63,2026-04-29,C-27EB95D6,Distributor Bibit 7742,P-E4C339,Herbisida Centatop 288 SL Kemasan 5 Liter - Herbisida Kontak Parakuat Pembasmi Gulma Cepat,General,2,246999.0,IDR
ORD-84AAB9E6,2026-04-29,C-C185CA8F,Usaha Kebun 3831,P-97F3A1,Herbisida Bom Up 520 SL Kemasan 1 Liter - Pembasmi Gulma dari Akar ke Daun,General,2,59999.0,IDR
ORD-871CE48A,2026-04-29,C-52B8C150,Mitra Tani 4824,P-28A54F,Turmadan 328 SL 1 Liter - Herbisida Parakuat Pembasmi Gulma Super Cepat,Racun,3,74999.0,IDR
ORD-949C115A,2026-04-29,C-DB0B3A2B,CV Kebun 4091,P-6E74CB,Herbisida Bom Up 520 SL Kemasan 5 Liter - Pembasmi Gulma dari Akar ke Daun,General,1,266999.0,IDR
ORD-980FA99F,2026-04-29,C-047F85AE,Distributor Bibit 2158,P-97F3A1,Herbisida Bom Up 520 SL Kemasan 1 Liter - Pembasmi Gulma dari Akar ke Daun,General,1,59999.0,IDR
ORD-9C7A8535,2026-04-29,C-D7AB9B57,Usaha Kebun 6863,P-2D0BC8,Herbisida Gramoxone 276 SL Kemasan 5 Liter - Parakuat Pembasmi Rumput Liar,General,1,362999.0,IDR
ORD-C70B6771,2026-04-29,C-0F8983CF,Usaha Kebun 4415,P-BAE3C4,Urea Nitrea 46% N 50kg - Granul,Pupuk Grosir,200,617500.0,IDR
ORD-C84BC726,2026-04-29,C-61495655,Gapoktan 2181,P-41049F,Herbisida Metsulindo 20 WP Ukuran 250gr - Efektif kendalikan Gulma Muda,General,20,45999.0,IDR
ORD-C9209B0B,2026-04-29,C-167ED126,Distributor Bibit 4830,P-6E74CB,Herbisida Bom Up 520 SL Kemasan 5 Liter - Pembasmi Gulma dari Akar ke Daun,General,1,266999.0,IDR
ORD-CB1D56B9,2026-04-29,C-D8A3849A,UD Agro 8970,P-6E74CB,Herbisida Bom Up 520 SL Kemasan 5 Liter - Pembasmi Gulma dari Akar ke Daun,General,1,266999.0,IDR
ORD-FA6671FE,2026-04-29,C-6E641D42,UD Agro 8850,P-05FE0B,Herbasida Garlon 670 EC Kemasan 100ml - Pembasmi Gulma Berkayu,Racun,1,46499.0,IDR
ORD-FD504152,2026-04-29,C-A1BE5EB4,Toko Pupuk 9860,P-A1BDE2,Herbisida Bablass 490 SL Kemasan 1 Liter - Pembasmi Gulma dari Akar ke Daun,General,1,64999.0,IDR
ORD-0F8AF782,2026-04-30,C-C7D2EF3A,UD Agro 8786,P-6E74CB,Herbisida Bom Up 520 SL Kemasan 5 Liter - Pembasmi Gulma dari Akar ke Daun,General,1,266999.0,IDR
ORD-145AD4EC,2026-04-30,C-036CF563,CV Kebun 8355,P-385FCB,Herbisida Gramoxone 276 SL Kemasan 1 Liter - Parakuat Pembasmi Rumput Liar,General,1,77499.0,IDR
ORD-1C6C5D89,2026-04-30,C-69D4B33B,CV Kebun 1195,P-05FE0B,Herbasida Garlon 670 EC Kemasan 100ml - Pembasmi Gulma Berkayu,Racun,10,46499.0,IDR
ORD-2BDED876,2026-04-30,C-5B0F601E,Distributor Bibit 3302,P-B2BB93,Benih Sawit Topaz 1-3 Seri 4 (100 butir),Benih,9,950000.0,IDR
ORD-53305F91,2026-04-30,C-C658C761,Koperasi Hijau 2977,P-97F3A1,Herbisida Bom Up 520 SL Kemasan 1 Liter - Pembasmi Gulma dari Akar ke Daun,General,2,59999.0,IDR
ORD-6F4A79C0,2026-04-30,C-29213EE6,Distributor Bibit 6646,P-97F3A1,Herbisida Bom Up 520 SL Kemasan 1 Liter - Pembasmi Gulma dari Akar ke Daun,General,2,59999.0,IDR
ORD-79B8E3A6,2026-04-30,C-46C0EEBC,Toko Pupuk 4148,P-6E74CB,Herbisida Bom Up 520 SL Kemasan 5 Liter - Pembasmi Gulma dari Akar ke Daun,General,1,266999.0,IDR
ORD-86A11B36,2026-04-30,C-391D181A,UD Agro 6026,P-6E74CB,Herbisida Bom Up 520 SL Kemasan 5 Liter - Pembasmi Gulma dari Akar ke Daun,General,1,266999.0,IDR
ORD-88F0841E,2026-04-30,C-BB168AE3,CV Kebun 4739,P-6E74CB,Herbisida Bom Up 520 SL Kemasan 5 Liter - Pembasmi Gulma dari Akar ke Daun,General,1,266999.0,IDR
ORD-8F4510B4,2026-04-30,C-F4343060,Mitra Tani 9960,P-6E74CB,Herbisida Bom Up 520 SL Kemasan 5 Liter - Pembasmi Gulma dari Akar ke Daun,General,1,266999.0,IDR
ORD-9B3B5621,2026-04-30,C-957C9E9B,CV Kebun 6251,P-97F3A1,Herbisida Bom Up 520 SL Kemasan 1 Liter - Pembasmi Gulma dari Akar ke Daun,General,1,64999.0,IDR
ORD-DC970EDF,2026-04-30,C-E9542188,Mitra Tani 1936,P-97F3A1,Herbisida Bom Up 520 SL Kemasan 1 Liter - Pembasmi Gulma dari Akar ke Daun,General,2,59999.0,IDR
ORD-E291A53E,2026-04-30,C-085AC24D,Gapoktan 9709,P-41049F,Herbisida Metsulindo 20 WP Ukuran 250gr - Efektif kendalikan Gulma Muda,General,1,45999.0,IDR
ORD-F7D68DC1,2026-04-30,C-4D4922D8,Mitra Tani 9680,P-385FCB,Herbisida Gramoxone 276 SL Kemasan 1 Liter - Parakuat Pembasmi Rumput Liar,General,2,42999.0,IDR
ORD-13EA94D0,2026-05-01,C-52C9740D,Gapoktan 1157,P-41049F,Herbisida Metsulindo 20 WP Ukuran 250gr - Efektif kendalikan Gulma Muda,General,2,45999.0,IDR
ORD-1EB18158,2026-05-01,C-629D4BDE,Distributor Bibit 6742,P-97F3A1,Herbisida Bom Up 520 SL Kemasan 1 Liter - Pembasmi Gulma dari Akar ke Daun,General,1,59999.0,IDR
ORD-2970DD22,2026-05-01,C-238F7751,Koperasi Hijau 4753,P-6E74CB,Herbisida Bom Up 520 SL Kemasan 5 Liter - Pembasmi Gulma dari Akar ke Daun,General,1,266999.0,IDR
ORD-2DB1F10E,2026-05-01,C-1063660C,Toko Pupuk 9644,P-97F3A1,Herbisida Bom Up 520 SL Kemasan 1 Liter - Pembasmi Gulma dari Akar ke Daun,General,2,59999.0,IDR
ORD-32F82430,2026-05-01,C-EAC8EC3A,UD Agro 7218,P-97F3A1,Herbisida Bom Up 520 SL Kemasan 1 Liter - Pembasmi Gulma dari Akar ke Daun,General,2,59999.0,IDR
ORD-34FF65A4,2026-05-01,C-9C399150,Mitra Tani 3448,P-FCD235,Herbasida Garlon 670 EC Kemasan 1 Liter - Pembasmi Gulma Berkayu,General,1,375999.0,IDR
ORD-3F202BB6,2026-05-01,C-FD01978A,UD Agro 7978,P-D6BB73,Pupuk KCL Canada Cap Mahkota 50kg - Meningkatkan Hasil Panen,Pupuk,1,487499.0,IDR
ORD-3F932D2B,2026-05-01,C-53DC5129,Koperasi Hijau 5625,P-E4C339,Herbisida Centatop 288 SL Kemasan 5 Liter - Herbisida Kontak Parakuat Pembasmi Gulma Cepat,General,1,246999.0,IDR
ORD-4C771303,2026-05-01,C-C0D74AE6,Distributor Bibit 6886,P-6E74CB,Herbisida Bom Up 520 SL Kemasan 5 Liter - Pembasmi Gulma dari Akar ke Daun,General,1,266999.0,IDR
ORD-606A7538,2026-05-01,C-18200BF1,Koperasi Hijau 6393,P-28A54F,Turmadan 328 SL 1 Liter - Herbisida Parakuat Pembasmi Gulma Super Cepat,Racun,1,74999.0,IDR
ORD-61BF96F7,2026-05-01,C-9B328CF6,Distributor Bibit 1366,P-E4C339,Herbisida Centatop 288 SL Kemasan 5 Liter - Herbisida Kontak Parakuat Pembasmi Gulma Cepat,General,1,246999.0,IDR
ORD-627BE064,2026-05-01,C-5B5755BB,CV Kebun 3235,P-BEDEAF,Herbisida Bablass 490 SL Kemasan 5 Liter - Pembasmi Gulma dari Akar ke Daun,General,1,322499.0,IDR
ORD-64DF419B,2026-05-01,C-B49188BA,UD Agro 1602,P-05FE0B,Herbasida Garlon 670 EC Kemasan 100ml - Pembasmi Gulma Berkayu,Racun,1,54499.0,IDR
ORD-B3BB1ECE,2026-05-01,C-8E61AE02,UD Agro 5210,P-6E74CB,Herbisida Bom Up 520 SL Kemasan 5 Liter - Pembasmi Gulma dari Akar ke Daun,General,2,266999.0,IDR
ORD-B46F041F,2026-05-01,C-F78D2A72,UD Agro 3794,P-101D4A,Triester 670 EC 100 ml - Herbisida Khusus Pembasmi Semak & Gulma Berkayu,Racun,2,35499.0,IDR
ORD-BA51BEDD,2026-05-01,C-9DA02FAE,Distributor Bibit 6878,P-6E74CB,Herbisida Bom Up 520 SL Kemasan 5 Liter - Pembasmi Gulma dari Akar ke Daun,General,2,266999.0,IDR
ORD-D1D69AC0,2026-05-01,C-FED70277,Usaha Kebun 9735,P-10ABDD,Herbisida Gramoxone 276 SL Kemasan 20 Liter - Parakuat Pembasmi Rumput Liar,General,1,1220999.0,IDR
ORD-D8EF1423,2026-05-01,C-C2FC7AB2,UD Agro 7386,P-41049F,Herbisida Metsulindo 20 WP Ukuran 250gr - Efektif kendalikan Gulma Muda,General,20,45999.0,IDR
ORD-D9B70DF6,2026-05-01,C-C39C9B0B,CV Kebun 7427,P-41049F,Herbisida Metsulindo 20 WP Ukuran 250gr - Efektif kendalikan Gulma Muda,General,1,45999.0,IDR
ORD-DA5DFEE5,2026-05-01,C-B83BFA03,CV Kebun 6371,P-3E8E64,Herbisida Bablass 490 SL Kemasan 20 Liter - Pembasmi Gulma dari Akar ke Daun,General,1,1138499.0,IDR
ORD-DC3D09DD,2026-05-01,C-90CA5E89,Koperasi Hijau 1577,P-385FCB,Herbisida Gramoxone 276 SL Kemasan 1 Liter - Parakuat Pembasmi Rumput Liar,General,1,77499.0,IDR
ORD-DEEF3133,2026-05-01,C-096DEBA7,Usaha Kebun 6695,P-385FCB,Herbisida Gramoxone 276 SL Kemasan 1 Liter - Parakuat Pembasmi Rumput Liar,General,1,42999.0,IDR
ORD-F39C6020,2026-05-01,C-E5F6F428,Mitra Tani 2824,P-E4C339,Herbisida Centatop 288 SL Kemasan 5 Liter - Herbisida Kontak Parakuat Pembasmi Gulma Cepat,General,1,246999.0,IDR
ORD-007E70A1,2026-05-02,C-0CB1118C,Toko Pupuk 9956,P-28A54F,Turmadan 328 SL 1 Liter - Herbisida Parakuat Pembasmi Gulma Super Cepat,Racun,1,74999.0,IDR
ORD-1A12EF10,2026-05-02,C-2AF072C7,Usaha Kebun 6095,P-F9D1EF,Herbisida Bom Up 520 SL Kemasan 20 Liter - Pembasmi Gulma dari Akar ke Daun,General,1,1208499.0,IDR
ORD-2223376F,2026-05-02,C-291A69A0,Mitra Tani 8832,P-6E74CB,Herbisida Bom Up 520 SL Kemasan 5 Liter - Pembasmi Gulma dari Akar ke Daun,General,1,266999.0,IDR
ORD-2362A5EA,2026-05-02,C-6E8D2B44,Toko Pupuk 8412,P-6E74CB,Herbisida Bom Up 520 SL Kemasan 5 Liter - Pembasmi Gulma dari Akar ke Daun,General,2,266999.0,IDR
ORD-4143746D,2026-05-02,C-49FD4EF8,Mitra Tani 4592,P-385FCB,Herbisida Gramoxone 276 SL Kemasan 1 Liter - Parakuat Pembasmi Rumput Liar,General,1,42999.0,IDR
ORD-55A48993,2026-05-02,C-AE08BF29,Koperasi Hijau 2809,P-D6BB73,Pupuk KCL Canada Cap Mahkota 50kg - Meningkatkan Hasil Panen,Pupuk,1,487499.0,IDR
ORD-597B9EFC,2026-05-02,C-25FF20BD,Gapoktan 8053,P-41049F,Herbisida Metsulindo 20 WP Ukuran 250gr - Efektif kendalikan Gulma Muda,General,3,45999.0,IDR
ORD-5CCADA2B,2026-05-02,C-2DB5B479,Koperasi Hijau 2937,P-05FE0B,Herbasida Garlon 670 EC Kemasan 100ml - Pembasmi Gulma Berkayu,Racun,1,46499.0,IDR
ORD-5D11034F,2026-05-02,C-8CB4C843,CV Kebun 3987,P-97F3A1,Herbisida Bom Up 520 SL Kemasan 1 Liter - Pembasmi Gulma dari Akar ke Daun,General,1,59999.0,IDR
ORD-64807B83,2026-05-02,C-4529158A,UD Agro 5394,P-385FCB,Herbisida Gramoxone 276 SL Kemasan 1 Liter - Parakuat Pembasmi Rumput Liar,General,1,77499.0,IDR
ORD-652461B3,2026-05-02,C-F94CE5BE,Distributor Bibit 6334,P-C0352C,Bablass 490 SL - 20 Liter,Toling,2,1047400.0,IDR
ORD-662E915D,2026-05-02,C-DD573A23,CV Kebun 1251,P-B2BB93,Benih Sawit Topaz 1-3 Seri 4 (100 butir),Benih,50,950000.0,IDR
ORD-682DF739,2026-05-02,C-FBF840FE,Distributor Bibit 6782,P-6E74CB,Herbisida Bom Up 520 SL Kemasan 5 Liter - Pembasmi Gulma dari Akar ke Daun,General,1,266999.0,IDR
ORD-696148AE,2026-05-02,C-10DD1FA6,Distributor Bibit 4014,P-6E74CB,Herbisida Bom Up 520 SL Kemasan 5 Liter - Pembasmi Gulma dari Akar ke Daun,General,1,266999.0,IDR
ORD-72343FE6,2026-05-02,C-1E0CFBC4,Toko Pupuk 6364,P-6E74CB,Herbisida Bom Up 520 SL Kemasan 5 Liter - Pembasmi Gulma dari Akar ke Daun,General,2,266999.0,IDR
ORD-892C8C9F,2026-05-02,C-0CD3CBB7,Usaha Kebun 8839,P-6E74CB,Herbisida Bom Up 520 SL Kemasan 5 Liter - Pembasmi Gulma dari Akar ke Daun,General,2,266999.0,IDR
ORD-962AC68D,2026-05-02,C-3B63A1B7,Usaha Kebun 5207,P-385FCB,Herbisida Gramoxone 276 SL Kemasan 1 Liter - Parakuat Pembasmi Rumput Liar,General,1,42999.0,IDR
ORD-9AC5C29F,2026-05-02,C-C79ABF42,UD Agro 7490,P-516722,ROUNDUP 486 SL (1 Liter) - Herbisida Sistemik Glifosat Tuntas,General,1,91999.0,IDR
ORD-A7E98608,2026-05-02,C-07DE9EDA,UD Agro 1170,P-385FCB,Herbisida Gramoxone 276 SL Kemasan 1 Liter - Parakuat Pembasmi Rumput Liar,General,1,42999.0,IDR
ORD-B3CF5940,2026-05-02,C-D0088AD9,Koperasi Hijau 3761,P-28A54F,Turmadan 328 SL 1 Liter - Herbisida Parakuat Pembasmi Gulma Super Cepat,Racun,3,74999.0,IDR
ORD-C684339B,2026-05-02,C-DD219F4B,CV Kebun 7203,P-E4C339,Herbisida Centatop 288 SL Kemasan 5 Liter - Herbisida Kontak Parakuat Pembasmi Gulma Cepat,General,1,246999.0,IDR
ORD-D0129B98,2026-05-02,C-9D36BBE3,CV Kebun 7955,P-6E74CB,Herbisida Bom Up 520 SL Kemasan 5 Liter - Pembasmi Gulma dari Akar ke Daun,General,4,266999.0,IDR
ORD-D866CC5E,2026-05-02,C-DBF3D093,CV Kebun 9947,P-6E74CB,Herbisida Bom Up 520 SL Kemasan 5 Liter - Pembasmi Gulma dari Akar ke Daun,General,1,266999.0,IDR
ORD-1FA5F6D1,2026-05-03,C-BD2E433C,Toko Pupuk 4692,P-6E74CB,Herbisida Bom Up 520 SL Kemasan 5 Liter - Pembasmi Gulma dari Akar ke Daun,General,1,266999.0,IDR
ORD-39CBADFA,2026-05-03,C-D5BB6F6A,UD Agro 6762,P-6E74CB,Herbisida Bom Up 520 SL Kemasan 5 Liter - Pembasmi Gulma dari Akar ke Daun,General,1,266999.0,IDR
ORD-44F54752,2026-05-03,C-DCEDF320,Mitra Tani 4792,P-D6BB73,Pupuk KCL Canada Cap Mahkota 50kg - Meningkatkan Hasil Panen,Pupuk,1,487499.0,IDR
ORD-53C4B55B,2026-05-03,C-B7B96C83,CV Kebun 9467,P-385FCB,Herbisida Gramoxone 276 SL Kemasan 1 Liter - Parakuat Pembasmi Rumput Liar,General,1,42999.0,IDR
ORD-5A620CE5,2026-05-03,C-AF5C4495,Gapoktan 5669,P-6E74CB,Herbisida Bom Up 520 SL Kemasan 5 Liter - Pembasmi Gulma dari Akar ke Daun,General,1,266999.0,IDR
ORD-64FFA02B,2026-05-03,C-925856C6,Distributor Bibit 9918,P-385FCB,Herbisida Gramoxone 276 SL Kemasan 1 Liter - Parakuat Pembasmi Rumput Liar,General,1,42999.0,IDR
ORD-87ACE683,2026-05-03,C-AFC67E34,Toko Pupuk 1236,P-6E74CB,Herbisida Bom Up 520 SL Kemasan 5 Liter - Pembasmi Gulma dari Akar ke Daun,General,1,266999.0,IDR
ORD-8B0C5851,2026-05-03,C-A01B010E,Distributor Bibit 3302,P-6E74CB,Herbisida Bom Up 520 SL Kemasan 5 Liter - Pembasmi Gulma dari Akar ke Daun,General,2,266999.0,IDR
ORD-98EAC8A1,2026-05-03,C-56DBCE78,Mitra Tani 2816,P-6E74CB,Herbisida Bom Up 520 SL Kemasan 5 Liter - Pembasmi Gulma dari Akar ke Daun,General,1,266999.0,IDR
ORD-9A2199F9,2026-05-03,C-2F744FCB,CV Kebun 3755,P-385FCB,Herbisida Gramoxone 276 SL Kemasan 1 Liter - Parakuat Pembasmi Rumput Liar,General,1,42999.0,IDR
ORD-9FCB048D,2026-05-03,C-707A3682,UD Agro 1538,P-41049F,Herbisida Metsulindo 20 WP Ukuran 250gr - Efektif kendalikan Gulma Muda,General,4,49499.0,IDR
ORD-A6B344E5,2026-05-03,C-06D59817,Usaha Kebun 2399,P-6E74CB,Herbisida Bom Up 520 SL Kemasan 5 Liter - Pembasmi Gulma dari Akar ke Daun,General,1,266999.0,IDR
ORD-AF0ADC79,2026-05-03,C-AE52083F,Usaha Kebun 8647,P-E4C339,Herbisida Centatop 288 SL Kemasan 5 Liter - Herbisida Kontak Parakuat Pembasmi Gulma Cepat,General,1,246999.0,IDR
ORD-BA2637EF,2026-05-03,C-8E89B5F4,Toko Pupuk 9684,P-C15400,Smart 486 SL Kemasan 4 Liter - Glifosat Sistemik Pembasmi Gulma Kuat,Racun,1,284999.0,IDR
ORD-C0C4C8FB,2026-05-03,C-C2FC7AB2,UD Agro 7386,P-41049F,Herbisida Metsulindo 20 WP Ukuran 250gr - Efektif kendalikan Gulma Muda,General,20,45999.0,IDR
ORD-C0E0FED2,2026-05-03,C-62D1076E,Distributor Bibit 4094,P-97F3A1,Herbisida Bom Up 520 SL Kemasan 1 Liter - Pembasmi Gulma dari Akar ke Daun,General,2,59999.0,IDR
ORD-E5952A7E,2026-05-03,C-E41787B2,UD Agro 2314,P-97F3A1,Herbisida Bom Up 520 SL Kemasan 1 Liter - Pembasmi Gulma dari Akar ke Daun,General,3,59999.0,IDR
ORD-0B452617,2026-05-04,C-7C8407D8,Mitra Tani 2544,P-6E74CB,Herbisida Bom Up 520 SL Kemasan 5 Liter - Pembasmi Gulma dari Akar ke Daun,General,1,266999.0,IDR
ORD-150ED720,2026-05-04,C-BE8A0550,Mitra Tani 7368,P-385FCB,Herbisida Gramoxone 276 SL Kemasan 1 Liter - Parakuat Pembasmi Rumput Liar,General,1,42999.0,IDR
ORD-16072036,2026-05-04,C-C163ACD3,CV Kebun 8995,P-6E74CB,Herbisida Bom Up 520 SL Kemasan 5 Liter - Pembasmi Gulma dari Akar ke Daun,General,1,266999.0,IDR
ORD-247FD2DB,2026-05-04,C-5C897735,Gapoktan 4821,P-385FCB,Herbisida Gramoxone 276 SL Kemasan 1 Liter - Parakuat Pembasmi Rumput Liar,General,1,42999.0,IDR
ORD-2BCCA173,2026-05-04,C-2AD91D8A,UD Agro 6946,P-385FCB,Herbisida Gramoxone 276 SL Kemasan 1 Liter - Parakuat Pembasmi Rumput Liar,General,2,42999.0,IDR
ORD-2C975873,2026-05-04,C-DAEF52C7,Usaha Kebun 2383,P-6E74CB,Herbisida Bom Up 520 SL Kemasan 5 Liter - Pembasmi Gulma dari Akar ke Daun,General,1,266999.0,IDR
ORD-2E018FAD,2026-05-04,C-203A189B,CV Kebun 4299,P-385FCB,Herbisida Gramoxone 276 SL Kemasan 1 Liter - Parakuat Pembasmi Rumput Liar,General,1,42999.0,IDR
ORD-37A52A7D,2026-05-04,C-4CA0429E,Distributor Bibit 3230,P-6E74CB,Herbisida Bom Up 520 SL Kemasan 5 Liter - Pembasmi Gulma dari Akar ke Daun,General,1,266999.0,IDR
ORD-409D9478,2026-05-04,C-BFB91B7F,Usaha Kebun 7455,P-6E74CB,Herbisida Bom Up 520 SL Kemasan 5 Liter - Pembasmi Gulma dari Akar ke Daun,General,2,266999.0,IDR
ORD-426D5146,2026-05-04,C-61E2C5E6,Distributor Bibit 4750,P-28A54F,Turmadan 328 SL 1 Liter - Herbisida Parakuat Pembasmi Gulma Super Cepat,Racun,2,74999.0,IDR
ORD-4AA09116,2026-05-04,C-AB4CB03E,Distributor Bibit 5790,P-B1C447,Dokter Sawit Uji Hara Lengkap (Daun dan Tanah) + Rekomendasi,Layanan Agronomi,2,1599000.0,IDR
ORD-4EE04C79,2026-05-04,C-0AC84DAF,Usaha Kebun 9247,P-385FCB,Herbisida Gramoxone 276 SL Kemasan 1 Liter - Parakuat Pembasmi Rumput Liar,General,1,42999.0,IDR
ORD-50C6376F,2026-05-04,C-BFBCE42C,Toko Pupuk 3436,P-2D0BC8,Herbisida Gramoxone 276 SL Kemasan 5 Liter - Parakuat Pembasmi Rumput Liar,General,1,362999.0,IDR
ORD-53033CDE,2026-05-04,C-B10ADE37,Usaha Kebun 1479,P-6E74CB,Herbisida Bom Up 520 SL Kemasan 5 Liter - Pembasmi Gulma dari Akar ke Daun,General,2,266999.0,IDR
ORD-690FB07F,2026-05-04,C-F4B17D9C,Toko Pupuk 4732,P-97F3A1,Herbisida Bom Up 520 SL Kemasan 1 Liter - Pembasmi Gulma dari Akar ke Daun,General,2,59999.0,IDR
ORD-6AE70BCC,2026-05-04,C-D0D3D6BF,Usaha Kebun 6999,P-E4C339,Herbisida Centatop 288 SL Kemasan 5 Liter - Herbisida Kontak Parakuat Pembasmi Gulma Cepat,General,2,246999.0,IDR
ORD-70F38A92,2026-05-04,C-BFACEDA1,Koperasi Hijau 1281,P-A1BDE2,Herbisida Bablass 490 SL Kemasan 1 Liter - Pembasmi Gulma dari Akar ke Daun,General,15,64999.0,IDR
ORD-77E4814B,2026-05-04,C-B07C256E,Distributor Bibit 8062,P-6E74CB,Herbisida Bom Up 520 SL Kemasan 5 Liter - Pembasmi Gulma dari Akar ke Daun,General,1,266999.0,IDR
ORD-7B081AF3,2026-05-04,C-2A6DFB30,Mitra Tani 5800,P-385FCB,Herbisida Gramoxone 276 SL Kemasan 1 Liter - Parakuat Pembasmi Rumput Liar,General,1,42999.0,IDR
ORD-82DDDEBC,2026-05-04,C-7B3D67C2,UD Agro 7826,P-2D0BC8,Herbisida Gramoxone 276 SL Kemasan 5 Liter - Parakuat Pembasmi Rumput Liar,General,1,362999.0,IDR
ORD-8C9DE120,2026-05-04,C-5375197B,CV Kebun 9163,P-41049F,Herbisida Metsulindo 20 WP Ukuran 250gr - Efektif kendalikan Gulma Muda,General,1,45999.0,IDR
ORD-914A8852,2026-05-04,C-BF423711,Koperasi Hijau 9729,P-6E74CB,Herbisida Bom Up 520 SL Kemasan 5 Liter - Pembasmi Gulma dari Akar ke Daun,General,2,266999.0,IDR
ORD-9711E490,2026-05-04,C-26348C6F,Usaha Kebun 8031,P-41049F,Herbisida Metsulindo 20 WP Ukuran 250gr - Efektif kendalikan Gulma Muda,General,1,45999.0,IDR
ORD-9A28C985,2026-05-04,C-AC21765D,Gapoktan 9141,P-6E74CB,Herbisida Bom Up 520 SL Kemasan 5 Liter - Pembasmi Gulma dari Akar ke Daun,General,1,266999.0,IDR
ORD-9ECFD5F6,2026-05-04,C-DC952450,Mitra Tani 7680,P-E4C339,Herbisida Centatop 288 SL Kemasan 5 Liter - Herbisida Kontak Parakuat Pembasmi Gulma Cepat,General,1,246999.0,IDR
ORD-9FAFE8D4,2026-05-04,C-E174585C,Toko Pupuk 6396,P-05FE0B,Herbasida Garlon 670 EC Kemasan 100ml - Pembasmi Gulma Berkayu,Racun,2,46499.0,IDR
ORD-A09696C4,2026-05-04,C-1FAD74E9,Koperasi Hijau 3353,P-385FCB,Herbisida Gramoxone 276 SL Kemasan 1 Liter - Parakuat Pembasmi Rumput Liar,General,1,42999.0,IDR
ORD-A7C83EE3,2026-05-04,C-61BC0265,Gapoktan 2333,P-385FCB,Herbisida Gramoxone 276 SL Kemasan 1 Liter - Parakuat Pembasmi Rumput Liar,General,1,42999.0,IDR
ORD-ABFBD885,2026-05-04,C-48EB89F7,Usaha Kebun 8831,P-E4C339,Herbisida Centatop 288 SL Kemasan 5 Liter - Herbisida Kontak Parakuat Pembasmi Gulma Cepat,General,2,246999.0,IDR
ORD-ACD48E63,2026-05-04,C-7CFC1610,Mitra Tani 4504,P-E4C339,Herbisida Centatop 288 SL Kemasan 5 Liter - Herbisida Kontak Parakuat Pembasmi Gulma Cepat,General,1,246999.0,IDR
ORD-B4603014,2026-05-04,C-69C740F3,CV Kebun 1971,P-6E74CB,Herbisida Bom Up 520 SL Kemasan 5 Liter - Pembasmi Gulma dari Akar ke Daun,General,1,266999.0,IDR
ORD-BD1A7674,2026-05-04,C-9EF1DB6D,Gapoktan 5477,P-E4C339,Herbisida Centatop 288 SL Kemasan 5 Liter - Herbisida Kontak Parakuat Pembasmi Gulma Cepat,General,2,246999.0,IDR
ORD-BDA07B3C,2026-05-04,C-397F2ED5,Gapoktan 8373,P-E4C339,Herbisida Centatop 288 SL Kemasan 5 Liter - Herbisida Kontak Parakuat Pembasmi Gulma Cepat,General,1,246999.0,IDR
ORD-C15988D8,2026-05-04,C-A333EB24,Toko Pupuk 1740,P-385FCB,Herbisida Gramoxone 276 SL Kemasan 1 Liter - Parakuat Pembasmi Rumput Liar,General,1,42999.0,IDR
ORD-C16EAB53,2026-05-04,C-228CCEBD,Gapoktan 9309,P-05FE0B,Herbasida Garlon 670 EC Kemasan 100ml - Pembasmi Gulma Berkayu,Racun,1,46499.0,IDR
ORD-C2CF2B41,2026-05-04,C-9858DE0F,Usaha Kebun 6847,P-385FCB,Herbisida Gramoxone 276 SL Kemasan 1 Liter - Parakuat Pembasmi Rumput Liar,General,1,42999.0,IDR
ORD-CF357B9D,2026-05-04,C-34036171,Koperasi Hijau 6785,P-28A54F,Turmadan 328 SL 1 Liter - Herbisida Parakuat Pembasmi Gulma Super Cepat,Racun,1,74999.0,IDR
ORD-D9A77E10,2026-05-04,C-56838E0B,CV Kebun 6155,P-A1BDE2,Herbisida Bablass 490 SL Kemasan 1 Liter - Pembasmi Gulma dari Akar ke Daun,General,1,64999.0,IDR
ORD-E5C42EFC,2026-05-04,C-3E594444,Toko Pupuk 4572,P-6E74CB,Herbisida Bom Up 520 SL Kemasan 5 Liter - Pembasmi Gulma dari Akar ke Daun,General,1,266999.0,IDR
ORD-ED5927CE,2026-05-04,C-599F1101,Koperasi Hijau 3801,P-385FCB,Herbisida Gramoxone 276 SL Kemasan 1 Liter - Parakuat Pembasmi Rumput Liar,General,2,42999.0,IDR
ORD-FCBF6996,2026-05-04,C-7862C204,Toko Pupuk 4116,P-6E74CB,Herbisida Bom Up 520 SL Kemasan 5 Liter - Pembasmi Gulma dari Akar ke Daun,General,1,266999.0,IDR
ORD-FFCA5B52,2026-05-04,C-56838E0B,CV Kebun 6155,P-6E74CB,Herbisida Bom Up 520 SL Kemasan 5 Liter - Pembasmi Gulma dari Akar ke Daun,General,1,266999.0,IDR
ORD-05C82148,2026-05-05,C-BC607234,Toko Pupuk 7300,P-6E74CB,Herbisida Bom Up 520 SL Kemasan 5 Liter - Pembasmi Gulma dari Akar ke Daun,General,1,266999.0,IDR
ORD-0A800B3D,2026-05-05,C-27618BBE,Distributor Bibit 6190,P-A1BDE2,Herbisida Bablass 490 SL Kemasan 1 Liter - Pembasmi Gulma dari Akar ke Daun,General,1,64999.0,IDR
ORD-106FAF3D,2026-05-05,C-61281D85,Gapoktan 2949,P-6E74CB,Herbisida Bom Up 520 SL Kemasan 5 Liter - Pembasmi Gulma dari Akar ke Daun,General,4,266999.0,IDR
ORD-27095ECA,2026-05-05,C-41D6F144,Toko Pupuk 9508,P-6E74CB,Herbisida Bom Up 520 SL Kemasan 5 Liter - Pembasmi Gulma dari Akar ke Daun,General,1,266999.0,IDR
ORD-2E958B2A,2026-05-05,C-21B5AF67,Usaha Kebun 5047,P-6E74CB,Herbisida Bom Up 520 SL Kemasan 5 Liter - Pembasmi Gulma dari Akar ke Daun,General,1,266999.0,IDR
ORD-3188273F,2026-05-05,C-FC1FA641,Koperasi Hijau 5609,P-6E74CB,Herbisida Bom Up 520 SL Kemasan 5 Liter - Pembasmi Gulma dari Akar ke Daun,General,1,266999.0,IDR
ORD-33FE584E,2026-05-05,C-B3E07D60,Mitra Tani 8824,P-97F3A1,Herbisida Bom Up 520 SL Kemasan 1 Liter - Pembasmi Gulma dari Akar ke Daun,General,2,59999.0,IDR
ORD-3494CC2F,2026-05-05,C-36FDE598,Mitra Tani 2048,P-B2BB93,Benih Sawit Topaz 1-3 Seri 4 (100 butir),Benih,7,950000.0,IDR
ORD-46425BEB,2026-05-05,C-EC1D61C1,Koperasi Hijau 8545,P-0E5ABA,"Pupuk NPK YaraMila UNIK 16-16-16 (50kg) - Pupuk Dasar & Pemeliharaan, Kuatkan Akar dan Hasil",Pupuk,1,983499.0,IDR
ORD-4798A396,2026-05-05,C-B1E9EE8A,UD Agro 4186,P-6E74CB,Herbisida Bom Up 520 SL Kemasan 5 Liter - Pembasmi Gulma dari Akar ke Daun,General,1,266999.0,IDR
ORD-488F1822,2026-05-05,C-EE3ED75E,Distributor Bibit 7774,P-D6BB73,Pupuk KCL Canada Cap Mahkota 50kg - Meningkatkan Hasil Panen,Pupuk,1,487499.0,IDR
ORD-4AB1634D,2026-05-05,C-77D9FEBC,Toko Pupuk 5228,P-97F3A1,Herbisida Bom Up 520 SL Kemasan 1 Liter - Pembasmi Gulma dari Akar ke Daun,General,1,59999.0,IDR
ORD-4F2E02D5,2026-05-05,C-FFA4C45B,CV Kebun 3251,P-E4C339,Herbisida Centatop 288 SL Kemasan 5 Liter - Herbisida Kontak Parakuat Pembasmi Gulma Cepat,General,1,246999.0,IDR
ORD-4F34206D,2026-05-05,C-68A6D3A5,Gapoktan 8621,P-E4C339,Herbisida Centatop 288 SL Kemasan 5 Liter - Herbisida Kontak Parakuat Pembasmi Gulma Cepat,General,1,246999.0,IDR
ORD-6096FDAE,2026-05-05,C-7C238D2E,Distributor Bibit 6686,P-F9D1EF,Herbisida Bom Up 520 SL Kemasan 20 Liter - Pembasmi Gulma dari Akar ke Daun,General,1,1208499.0,IDR
ORD-633A0C92,2026-05-05,C-DD44474F,Usaha Kebun 1439,P-97F3A1,Herbisida Bom Up 520 SL Kemasan 1 Liter - Pembasmi Gulma dari Akar ke Daun,General,1,59999.0,IDR
ORD-650376F4,2026-05-05,C-370CB5D8,Mitra Tani 9864,P-28A54F,Turmadan 328 SL 1 Liter - Herbisida Parakuat Pembasmi Gulma Super Cepat,Racun,10,74999.0,IDR
ORD-66577EFA,2026-05-05,C-8099327C,Toko Pupuk 8580,P-385FCB,Herbisida Gramoxone 276 SL Kemasan 1 Liter - Parakuat Pembasmi Rumput Liar,General,1,77499.0,IDR
ORD-6A58E877,2026-05-05,C-3E0750EE,Distributor Bibit 6862,P-3630B1,Minyak Goreng 1 Liter - Minyak Hemat Petani Hebat,Minyak Hemat,1,21000.0,IDR
ORD-71794D05,2026-05-05,C-27A011A9,Koperasi Hijau 8705,P-E4C339,Herbisida Centatop 288 SL Kemasan 5 Liter - Herbisida Kontak Parakuat Pembasmi Gulma Cepat,General,1,246999.0,IDR
ORD-73FFDF5D,2026-05-05,C-DD1B7A03,CV Kebun 9443,P-41049F,Herbisida Metsulindo 20 WP Ukuran 250gr - Efektif kendalikan Gulma Muda,General,1,45999.0,IDR
ORD-7842896D,2026-05-05,C-CADA9990,Mitra Tani 1792,P-2D0BC8,Herbisida Gramoxone 276 SL Kemasan 5 Liter - Parakuat Pembasmi Rumput Liar,General,1,362999.0,IDR
ORD-7842896D,2026-05-05,C-CADA9990,Mitra Tani 1792,P-5A9662,ROUNDUP 486 SL (4 Liter) - Herbisida Sistemik Glifosat Tuntas,Racun,1,377499.0,IDR
ORD-7BE4F946,2026-05-05,C-5C9C81DE,Distributor Bibit 1734,P-E4C339,Herbisida Centatop 288 SL Kemasan 5 Liter - Herbisida Kontak Parakuat Pembasmi Gulma Cepat,General,1,246999.0,IDR
ORD-7FF48F9E,2026-05-05,C-771D9E6D,Gapoktan 7805,P-385FCB,Herbisida Gramoxone 276 SL Kemasan 1 Liter - Parakuat Pembasmi Rumput Liar,General,3,77499.0,IDR
ORD-80575986,2026-05-05,C-FD1B3071,Koperasi Hijau 2521,P-2D0BC8,Herbisida Gramoxone 276 SL Kemasan 5 Liter - Parakuat Pembasmi Rumput Liar,General,1,362999.0,IDR
ORD-80AFCC64,2026-05-05,C-DAD8B7F8,Mitra Tani 5960,P-385FCB,Herbisida Gramoxone 276 SL Kemasan 1 Liter - Parakuat Pembasmi Rumput Liar,General,4,77499.0,IDR
ORD-81702F29,2026-05-05,C-81FD48B2,UD Agro 8082,P-41049F,Herbisida Metsulindo 20 WP Ukuran 250gr - Efektif kendalikan Gulma Muda,General,20,45999.0,IDR
ORD-89E988AE,2026-05-05,C-4CFA37FB,CV Kebun 3747,P-516722,ROUNDUP 486 SL (1 Liter) - Herbisida Sistemik Glifosat Tuntas,General,84,91999.0,IDR
ORD-8A43B9A1,2026-05-05,C-70EF8EB7,Usaha Kebun 5831,P-385FCB,Herbisida Gramoxone 276 SL Kemasan 1 Liter - Parakuat Pembasmi Rumput Liar,General,1,77499.0,IDR
ORD-8B019B5F,2026-05-05,C-037FA2F7,Usaha Kebun 8439,P-B2BB93,Benih Sawit Topaz 1-3 Seri 4 (100 butir),Benih,10,950000.0,IDR
ORD-9A60E834,2026-05-05,C-A8CA0AF2,UD Agro 9362,P-97F3A1,Herbisida Bom Up 520 SL Kemasan 1 Liter - Pembasmi Gulma dari Akar ke Daun,General,2,59999.0,IDR
ORD-9AE1013B,2026-05-05,C-FCD93AD8,Mitra Tani 8808,P-6E74CB,Herbisida Bom Up 520 SL Kemasan 5 Liter - Pembasmi Gulma dari Akar ke Daun,General,2,266999.0,IDR
ORD-9BA8C956,2026-05-05,C-41B869B5,Gapoktan 6725,P-6E74CB,Herbisida Bom Up 520 SL Kemasan 5 Liter - Pembasmi Gulma dari Akar ke Daun,General,1,266999.0,IDR
ORD-A500E947,2026-05-05,C-45F24150,Mitra Tani 4336,P-101D4A,Triester 670 EC 100 ml - Herbisida Khusus Pembasmi Semak & Gulma Berkayu,Racun,2,35499.0,IDR
ORD-A96EAF80,2026-05-05,C-5EB0A82B,CV Kebun 1691,P-6E74CB,Herbisida Bom Up 520 SL Kemasan 5 Liter - Pembasmi Gulma dari Akar ke Daun,General,1,266999.0,IDR
ORD-B41495DD,2026-05-05,C-8B9E0DF7,Usaha Kebun 7287,P-6E74CB,Herbisida Bom Up 520 SL Kemasan 5 Liter - Pembasmi Gulma dari Akar ke Daun,General,1,266999.0,IDR
ORD-B60DAEF5,2026-05-05,C-379AC9E2,UD Agro 6106,P-6E74CB,Herbisida Bom Up 520 SL Kemasan 5 Liter - Pembasmi Gulma dari Akar ke Daun,General,1,266999.0,IDR
ORD-CCBB2897,2026-05-05,C-4F56F813,CV Kebun 9667,P-10ABDD,Herbisida Gramoxone 276 SL Kemasan 20 Liter - Parakuat Pembasmi Rumput Liar,General,1,1220999.0,IDR
ORD-D55FAFD0,2026-05-05,C-70A905E7,Usaha Kebun 9287,P-3E8E64,Herbisida Bablass 490 SL Kemasan 20 Liter - Pembasmi Gulma dari Akar ke Daun,General,1,1138499.0,IDR
ORD-D61C187D,2026-05-05,C-D2002FE7,Usaha Kebun 7623,P-DDA2C3,"Pupuk Meroke Korn-Kali B (KKB) 50kg - Kalium, Magnesium & Sulfur Terbaik",Pupuk,1,614999.0,IDR
ORD-D845D66B,2026-05-05,C-47E1CAB9,Koperasi Hijau 7833,P-6E74CB,Herbisida Bom Up 520 SL Kemasan 5 Liter - Pembasmi Gulma dari Akar ke Daun,General,1,266999.0,IDR
ORD-DEF971C1,2026-05-05,C-8CFBFCC6,Distributor Bibit 8486,P-E4C339,Herbisida Centatop 288 SL Kemasan 5 Liter - Herbisida Kontak Parakuat Pembasmi Gulma Cepat,General,1,246999.0,IDR
ORD-F3D7FD6E,2026-05-05,C-87C6AF0B,CV Kebun 1099,P-E4C339,Herbisida Centatop 288 SL Kemasan 5 Liter - Herbisida Kontak Parakuat Pembasmi Gulma Cepat,General,1,246999.0,IDR
ORD-F67E87F5,2026-05-05,C-D43A61C2,UD Agro 7906,P-6E74CB,Herbisida Bom Up 520 SL Kemasan 5 Liter - Pembasmi Gulma dari Akar ke Daun,General,1,266999.0,IDR
ORD-0484895B,2026-05-06,C-358DBAF7,Usaha Kebun 2887,P-97F3A1,Herbisida Bom Up 520 SL Kemasan 1 Liter - Pembasmi Gulma dari Akar ke Daun,General,1,59999.0,IDR
ORD-077FFA3E,2026-05-06,C-DB31B2FC,Toko Pupuk 5388,P-41049F,Herbisida Metsulindo 20 WP Ukuran 250gr - Efektif kendalikan Gulma Muda,General,1,45999.0,IDR
ORD-13BB611B,2026-05-06,C-BF719404,Toko Pupuk 8716,P-97F3A1,Herbisida Bom Up 520 SL Kemasan 1 Liter - Pembasmi Gulma dari Akar ke Daun,General,1,59999.0,IDR
ORD-14DDC45F,2026-05-06,C-6D037C81,Koperasi Hijau 2025,P-E4C339,Herbisida Centatop 288 SL Kemasan 5 Liter - Herbisida Kontak Parakuat Pembasmi Gulma Cepat,General,1,246999.0,IDR
ORD-2C0C9FE1,2026-05-06,C-AE5979C3,CV Kebun 1459,P-516722,ROUNDUP 486 SL (1 Liter) - Herbisida Sistemik Glifosat Tuntas,General,1,91999.0,IDR
ORD-361414D7,2026-05-06,C-8ABFEB7A,UD Agro 2466,P-6E74CB,Herbisida Bom Up 520 SL Kemasan 5 Liter - Pembasmi Gulma dari Akar ke Daun,General,1,266999.0,IDR
ORD-3B8089C4,2026-05-06,C-BA084985,Gapoktan 5285,P-6E74CB,Herbisida Bom Up 520 SL Kemasan 5 Liter - Pembasmi Gulma dari Akar ke Daun,General,2,266999.0,IDR
ORD-3C2BAE60,2026-05-06,C-1DAECACF,Usaha Kebun 7447,P-6E74CB,Herbisida Bom Up 520 SL Kemasan 5 Liter - Pembasmi Gulma dari Akar ke Daun,General,1,266999.0,IDR
ORD-3D8B5152,2026-05-06,C-0648AD3C,Toko Pupuk 1236,P-385FCB,Herbisida Gramoxone 276 SL Kemasan 1 Liter - Parakuat Pembasmi Rumput Liar,General,1,77499.0,IDR
ORD-400772A2,2026-05-06,C-58DB8D3D,Gapoktan 6549,P-6E74CB,Herbisida Bom Up 520 SL Kemasan 5 Liter - Pembasmi Gulma dari Akar ke Daun,General,1,266999.0,IDR
ORD-5AAC7F76,2026-05-06,C-F87900E9,Koperasi Hijau 6657,P-6E74CB,Herbisida Bom Up 520 SL Kemasan 5 Liter - Pembasmi Gulma dari Akar ke Daun,General,1,266999.0,IDR
ORD-5FBD02D4,2026-05-06,C-8869EAE0,Mitra Tani 6784,P-B2BB93,Benih Sawit Topaz 1-3 Seri 4 (100 butir),Benih,100,950000.0,IDR
ORD-68D6F05E,2026-05-06,C-97DC4C82,UD Agro 6122,P-97F3A1,Herbisida Bom Up 520 SL Kemasan 1 Liter - Pembasmi Gulma dari Akar ke Daun,General,4,59999.0,IDR
ORD-6FE4CF49,2026-05-06,C-8C966C74,Toko Pupuk 3404,P-41049F,Herbisida Metsulindo 20 WP Ukuran 250gr - Efektif kendalikan Gulma Muda,General,1,45999.0,IDR
ORD-722A715A,2026-05-06,C-9FD8083B,CV Kebun 6227,P-6E74CB,Herbisida Bom Up 520 SL Kemasan 5 Liter - Pembasmi Gulma dari Akar ke Daun,General,1,266999.0,IDR
ORD-75179B7F,2026-05-06,C-F3EBF23F,Usaha Kebun 9463,P-6E74CB,Herbisida Bom Up 520 SL Kemasan 5 Liter - Pembasmi Gulma dari Akar ke Daun,General,1,266999.0,IDR
ORD-7FC8277B,2026-05-06,C-79B10BE9,Koperasi Hijau 6057,P-6E74CB,Herbisida Bom Up 520 SL Kemasan 5 Liter - Pembasmi Gulma dari Akar ke Daun,General,1,266999.0,IDR
ORD-8985F40F,2026-05-06,C-A3BD0085,Gapoktan 3645,P-05FE0B,Herbasida Garlon 670 EC Kemasan 100ml - Pembasmi Gulma Berkayu,Racun,1,46499.0,IDR
ORD-A2FBC3AF,2026-05-06,C-6F56D254,Toko Pupuk 2916,P-28A54F,Turmadan 328 SL 1 Liter - Herbisida Parakuat Pembasmi Gulma Super Cepat,Racun,2,74999.0,IDR
ORD-D2D80574,2026-05-06,C-66C67E90,Mitra Tani 2560,P-41049F,Herbisida Metsulindo 20 WP Ukuran 250gr - Efektif kendalikan Gulma Muda,General,2,45999.0,IDR
ORD-D7F195F6,2026-05-06,C-1CE7A863,CV Kebun 6971,P-E4C339,Herbisida Centatop 288 SL Kemasan 5 Liter - Herbisida Kontak Parakuat Pembasmi Gulma Cepat,General,1,246999.0,IDR
ORD-DC7D5F20,2026-05-06,C-CEDD14B2,UD Agro 7250,P-97F3A1,Herbisida Bom Up 520 SL Kemasan 1 Liter - Pembasmi Gulma dari Akar ke Daun,General,1,59999.0,IDR
ORD-DCD32F8C,2026-05-06,C-3258237D,Gapoktan 6053,P-97F3A1,Herbisida Bom Up 520 SL Kemasan 1 Liter - Pembasmi Gulma dari Akar ke Daun,General,1,59999.0,IDR
ORD-F6B42824,2026-05-06,C-9E44AFB9,Koperasi Hijau 5561,P-BEDEAF,Herbisida Bablass 490 SL Kemasan 5 Liter - Pembasmi Gulma dari Akar ke Daun,General,1,322499.0,IDR
ORD-027CF8FC,2026-05-07,C-C807801C,Toko Pupuk 6748,P-41049F,Herbisida Metsulindo 20 WP Ukuran 250gr - Efektif kendalikan Gulma Muda,General,2,45999.0,IDR
ORD-04806322,2026-05-07,C-53740E41,Koperasi Hijau 3753,P-28A54F,Turmadan 328 SL 1 Liter - Herbisida Parakuat Pembasmi Gulma Super Cepat,Racun,2,74999.0,IDR
ORD-05510367,2026-05-07,C-4BF539C3,CV Kebun 8307,P-385FCB,Herbisida Gramoxone 276 SL Kemasan 1 Liter - Parakuat Pembasmi Rumput Liar,General,1,77499.0,IDR
ORD-07BBCEDB,2026-05-07,C-485EB21C,Toko Pupuk 3532,P-D6BB73,Pupuk KCL Canada Cap Mahkota 50kg - Meningkatkan Hasil Panen,Pupuk,1,487499.0,IDR
ORD-09E54565,2026-05-07,C-04F92544,Toko Pupuk 7868,P-E4C339,Herbisida Centatop 288 SL Kemasan 5 Liter - Herbisida Kontak Parakuat Pembasmi Gulma Cepat,General,4,246999.0,IDR
ORD-117E2ED1,2026-05-07,C-33E09466,Distributor Bibit 3070,P-97F3A1,Herbisida Bom Up 520 SL Kemasan 1 Liter - Pembasmi Gulma dari Akar ke Daun,General,20,59999.0,IDR
ORD-3D5E5399,2026-05-07,C-58C1AF67,Usaha Kebun 3359,P-6E74CB,Herbisida Bom Up 520 SL Kemasan 5 Liter - Pembasmi Gulma dari Akar ke Daun,General,1,266999.0,IDR
ORD-40225CF2,2026-05-07,C-3B610BB4,Toko Pupuk 6732,P-97F3A1,Herbisida Bom Up 520 SL Kemasan 1 Liter - Pembasmi Gulma dari Akar ke Daun,General,2,59999.0,IDR
ORD-442AA108,2026-05-07,C-AD4A1288,Mitra Tani 7776,P-6E74CB,Herbisida Bom Up 520 SL Kemasan 5 Liter - Pembasmi Gulma dari Akar ke Daun,General,1,266999.0,IDR
ORD-56AF0E07,2026-05-07,C-C01D3EA9,Koperasi Hijau 9057,P-97F3A1,Herbisida Bom Up 520 SL Kemasan 1 Liter - Pembasmi Gulma dari Akar ke Daun,General,1,59999.0,IDR
ORD-69B2B872,2026-05-07,C-BFC1166F,Usaha Kebun 8447,P-6E74CB,Herbisida Bom Up 520 SL Kemasan 5 Liter - Pembasmi Gulma dari Akar ke Daun,General,1,266999.0,IDR
ORD-714304CF,2026-05-07,C-5FC01C0B,CV Kebun 7611,P-101D4A,Triester 670 EC 100 ml - Herbisida Khusus Pembasmi Semak & Gulma Berkayu,Racun,1,35499.0,IDR
ORD-784EFAD4,2026-05-07,C-E837AC9E,Distributor Bibit 7782,P-F9D1EF,Herbisida Bom Up 520 SL Kemasan 20 Liter - Pembasmi Gulma dari Akar ke Daun,General,1,1208499.0,IDR
ORD-7A119CA9,2026-05-07,C-C807801C,Toko Pupuk 6748,P-E4C339,Herbisida Centatop 288 SL Kemasan 5 Liter - Herbisida Kontak Parakuat Pembasmi Gulma Cepat,General,1,246999.0,IDR
ORD-7FCC6043,2026-05-07,C-80A7A54B,CV Kebun 1475,P-41049F,Herbisida Metsulindo 20 WP Ukuran 250gr - Efektif kendalikan Gulma Muda,General,1,45999.0,IDR
ORD-809CCBB0,2026-05-07,C-A99AB21B,CV Kebun 3643,P-97F3A1,Herbisida Bom Up 520 SL Kemasan 1 Liter - Pembasmi Gulma dari Akar ke Daun,General,1,59999.0,IDR
ORD-92D359FB,2026-05-07,C-3EBA3D24,Toko Pupuk 5740,P-6E74CB,Herbisida Bom Up 520 SL Kemasan 5 Liter - Pembasmi Gulma dari Akar ke Daun,General,2,266999.0,IDR
ORD-9A08F40E,2026-05-07,C-D8C643EB,CV Kebun 9171,P-41049F,Herbisida Metsulindo 20 WP Ukuran 250gr - Efektif kendalikan Gulma Muda,General,20,45999.0,IDR
ORD-A354646D,2026-05-07,C-CEAA787A,UD Agro 2458,P-97F3A1,Herbisida Bom Up 520 SL Kemasan 1 Liter - Pembasmi Gulma dari Akar ke Daun,General,1,59999.0,IDR
ORD-BD57469C,2026-05-07,C-370CB5D8,Mitra Tani 9864,P-DDA2C3,"Pupuk Meroke Korn-Kali B (KKB) 50kg - Kalium, Magnesium & Sulfur Terbaik",Pupuk,1,614999.0,IDR
ORD-BE85E3E4,2026-05-07,C-0AA36FCE,Distributor Bibit 5150,P-41049F,Herbisida Metsulindo 20 WP Ukuran 250gr - Efektif kendalikan Gulma Muda,General,2,45999.0,IDR
ORD-BF691684,2026-05-07,C-38827060,Mitra Tani 4544,P-05FE0B,Herbasida Garlon 670 EC Kemasan 100ml - Pembasmi Gulma Berkayu,Racun,1,54499.0,IDR
ORD-C6CCE8CA,2026-05-07,C-F473D906,Distributor Bibit 5902,P-41049F,Herbisida Metsulindo 20 WP Ukuran 250gr - Efektif kendalikan Gulma Muda,General,2,45999.0,IDR
ORD-DC375336,2026-05-07,C-15A44A69,Koperasi Hijau 2489,P-41049F,Herbisida Metsulindo 20 WP Ukuran 250gr - Efektif kendalikan Gulma Muda,General,1,45999.0,IDR
ORD-E0E5E049,2026-05-07,C-9BD07128,Mitra Tani 7936,P-97F3A1,Herbisida Bom Up 520 SL Kemasan 1 Liter - Pembasmi Gulma dari Akar ke Daun,General,3,59999.0,IDR
ORD-E6ED970D,2026-05-07,C-DF981787,Usaha Kebun 6663,P-10ABDD,Herbisida Gramoxone 276 SL Kemasan 20 Liter - Parakuat Pembasmi Rumput Liar,General,1,1220999.0,IDR
ORD-E77CD8E1,2026-05-07,C-7F71B3E6,Distributor Bibit 2054,P-97F3A1,Herbisida Bom Up 520 SL Kemasan 1 Liter - Pembasmi Gulma dari Akar ke Daun,General,1,59999.0,IDR
ORD-EAF14AB7,2026-05-07,C-292C7492,UD Agro 3282,P-E4C339,Herbisida Centatop 288 SL Kemasan 5 Liter - Herbisida Kontak Parakuat Pembasmi Gulma Cepat,General,1,246999.0,IDR
ORD-F6650420,2026-05-07,C-D335F4C5,Gapoktan 4645,P-6E74CB,Herbisida Bom Up 520 SL Kemasan 5 Liter - Pembasmi Gulma dari Akar ke Daun,General,1,266999.0,IDR
ORD-05378A41,2026-05-08,C-882F14D8,Mitra Tani 2904,P-E4C339,Herbisida Centatop 288 SL Kemasan 5 Liter - Herbisida Kontak Parakuat Pembasmi Gulma Cepat,General,1,246999.0,IDR
ORD-180D38FF,2026-05-08,C-DC952450,Mitra Tani 7680,P-41049F,Herbisida Metsulindo 20 WP Ukuran 250gr - Efektif kendalikan Gulma Muda,General,1,45999.0,IDR
ORD-1F757EFA,2026-05-08,C-88786AB2,UD Agro 3010,P-6E74CB,Herbisida Bom Up 520 SL Kemasan 5 Liter - Pembasmi Gulma dari Akar ke Daun,General,1,266999.0,IDR
ORD-2E097456,2026-05-08,C-9054F15F,Usaha Kebun 9919,P-05FE0B,Herbasida Garlon 670 EC Kemasan 100ml - Pembasmi Gulma Berkayu,Racun,1,46499.0,IDR
ORD-44DC6F65,2026-05-08,C-B5A5339B,CV Kebun 4747,P-97F3A1,Herbisida Bom Up 520 SL Kemasan 1 Liter - Pembasmi Gulma dari Akar ke Daun,General,1,59999.0,IDR
ORD-4E32CF42,2026-05-08,C-79887CEC,Toko Pupuk 3012,P-05FE0B,Herbasida Garlon 670 EC Kemasan 100ml - Pembasmi Gulma Berkayu,Racun,2,54499.0,IDR
ORD-6AF1A305,2026-05-08,C-6096AD5A,UD Agro 2514,P-6E74CB,Herbisida Bom Up 520 SL Kemasan 5 Liter - Pembasmi Gulma dari Akar ke Daun,General,1,266999.0,IDR
ORD-709FB44B,2026-05-08,C-92B4207A,UD Agro 4330,P-6E74CB,Herbisida Bom Up 520 SL Kemasan 5 Liter - Pembasmi Gulma dari Akar ke Daun,General,1,266999.0,IDR
ORD-8E58ABB0,2026-05-08,C-1B67CC18,Mitra Tani 5288,P-2D0BC8,Herbisida Gramoxone 276 SL Kemasan 5 Liter - Parakuat Pembasmi Rumput Liar,General,1,362999.0,IDR
ORD-CA47B839,2026-05-08,C-F0CA9F31,Koperasi Hijau 8865,P-41049F,Herbisida Metsulindo 20 WP Ukuran 250gr - Efektif kendalikan Gulma Muda,General,2,45999.0,IDR
ORD-CE97B245,2026-05-08,C-04150749,Koperasi Hijau 6985,P-6E74CB,Herbisida Bom Up 520 SL Kemasan 5 Liter - Pembasmi Gulma dari Akar ke Daun,General,1,266999.0,IDR
ORD-E3DDCB51,2026-05-08,C-8603066F,Usaha Kebun 2199,P-DDA2C3,"Pupuk Meroke Korn-Kali B (KKB) 50kg - Kalium, Magnesium & Sulfur Terbaik",Pupuk,1,614999.0,IDR
ORD-F58BAFBD,2026-05-08,C-B12D69D9,Koperasi Hijau 6449,P-516722,ROUNDUP 486 SL (1 Liter) - Herbisida Sistemik Glifosat Tuntas,General,1,91999.0,IDR
ORD-FC573F2E,2026-05-08,C-064DC0C8,Mitra Tani 9920,P-4D9CD6,ROUNDUP 486 SL (20 Liter) - Herbisida Sistemik Glifosat Tuntas,Racun,1,1678999.0,IDR
ORD-0402E493,2026-05-09,C-2765C6EE,Distributor Bibit 4486,P-6E74CB,Herbisida Bom Up 520 SL Kemasan 5 Liter - Pembasmi Gulma dari Akar ke Daun,General,1,266999.0,IDR
ORD-06BA448F,2026-05-09,C-8E8EDA86,Distributor Bibit 4726,P-97F3A1,Herbisida Bom Up 520 SL Kemasan 1 Liter - Pembasmi Gulma dari Akar ke Daun,General,1,59999.0,IDR
ORD-0AE20A29,2026-05-09,C-87C374BA,UD Agro 5562,P-6E74CB,Herbisida Bom Up 520 SL Kemasan 5 Liter - Pembasmi Gulma dari Akar ke Daun,General,1,266999.0,IDR
ORD-38477A03,2026-05-09,C-61F6B616,Distributor Bibit 6422,P-385FCB,Herbisida Gramoxone 276 SL Kemasan 1 Liter - Parakuat Pembasmi Rumput Liar,General,15,77499.0,IDR
ORD-395C77BC,2026-05-09,C-8EDB0598,Mitra Tani 1488,P-2D0BC8,Herbisida Gramoxone 276 SL Kemasan 5 Liter - Parakuat Pembasmi Rumput Liar,General,1,362999.0,IDR
ORD-41D99A5C,2026-05-09,C-E44065BE,Distributor Bibit 7598,P-385FCB,Herbisida Gramoxone 276 SL Kemasan 1 Liter - Parakuat Pembasmi Rumput Liar,General,1,77499.0,IDR
ORD-432FF1CD,2026-05-09,C-A774D7C5,Gapoktan 4485,P-41049F,Herbisida Metsulindo 20 WP Ukuran 250gr - Efektif kendalikan Gulma Muda,General,2,45999.0,IDR
ORD-4454CC97,2026-05-09,C-6F50CA53,CV Kebun 3651,P-05FE0B,Herbasida Garlon 670 EC Kemasan 100ml - Pembasmi Gulma Berkayu,Racun,1,46499.0,IDR
ORD-45479EF9,2026-05-09,C-AF3D7F6E,Distributor Bibit 5118,P-2D0BC8,Herbisida Gramoxone 276 SL Kemasan 5 Liter - Parakuat Pembasmi Rumput Liar,General,1,362999.0,IDR
ORD-49FE79EA,2026-05-09,C-379A68E9,Koperasi Hijau 8281,P-6E74CB,Herbisida Bom Up 520 SL Kemasan 5 Liter - Pembasmi Gulma dari Akar ke Daun,General,1,266999.0,IDR
ORD-4B2DDA9C,2026-05-09,C-164A655A,UD Agro 7362,P-E4C339,Herbisida Centatop 288 SL Kemasan 5 Liter - Herbisida Kontak Parakuat Pembasmi Gulma Cepat,General,1,246999.0,IDR
ORD-4E0AB2A7,2026-05-09,C-793E5B54,Toko Pupuk 4748,P-E4C339,Herbisida Centatop 288 SL Kemasan 5 Liter - Herbisida Kontak Parakuat Pembasmi Gulma Cepat,General,1,246999.0,IDR
ORD-5C065C54,2026-05-09,C-82350D0F,Usaha Kebun 8831,P-97F3A1,Herbisida Bom Up 520 SL Kemasan 1 Liter - Pembasmi Gulma dari Akar ke Daun,General,2,59999.0,IDR
ORD-616A4AAA,2026-05-09,C-5A94B29F,Usaha Kebun 9495,P-6E74CB,Herbisida Bom Up 520 SL Kemasan 5 Liter - Pembasmi Gulma dari Akar ke Daun,General,1,266999.0,IDR
ORD-6249846E,2026-05-09,C-97D6AD09,Koperasi Hijau 6617,P-89A982,MOP/KCL Sasco 50kg,Pupuk,1000,432500.0,IDR
ORD-6782EBE2,2026-05-09,C-33700A3C,Toko Pupuk 7668,P-05FE0B,Herbasida Garlon 670 EC Kemasan 100ml - Pembasmi Gulma Berkayu,Racun,3,46499.0,IDR
ORD-7EE30875,2026-05-09,C-C6CF6BEC,Toko Pupuk 2348,P-6E74CB,Herbisida Bom Up 520 SL Kemasan 5 Liter - Pembasmi Gulma dari Akar ke Daun,General,1,266999.0,IDR
ORD-8A1F6138,2026-05-09,C-24F4C496,Distributor Bibit 2886,P-2D0BC8,Herbisida Gramoxone 276 SL Kemasan 5 Liter - Parakuat Pembasmi Rumput Liar,General,1,362999.0,IDR
ORD-8B220D21,2026-05-09,C-AD9B70E1,Koperasi Hijau 3345,P-6E74CB,Herbisida Bom Up 520 SL Kemasan 5 Liter - Pembasmi Gulma dari Akar ke Daun,General,1,266999.0,IDR
ORD-8FB2B63F,2026-05-09,C-5B4EA0B7,Usaha Kebun 8607,P-41049F,Herbisida Metsulindo 20 WP Ukuran 250gr - Efektif kendalikan Gulma Muda,General,1,45999.0,IDR
ORD-903C154E,2026-05-09,C-ADDF518F,Usaha Kebun 5775,P-F9D1EF,Herbisida Bom Up 520 SL Kemasan 20 Liter - Pembasmi Gulma dari Akar ke Daun,General,1,1208499.0,IDR
ORD-9DB9347B,2026-05-09,C-A3C3549F,Usaha Kebun 4391,P-41049F,Herbisida Metsulindo 20 WP Ukuran 250gr - Efektif kendalikan Gulma Muda,General,1,45999.0,IDR
ORD-9E3D0A6C,2026-05-09,C-1C4E156C,Toko Pupuk 4340,P-6E74CB,Herbisida Bom Up 520 SL Kemasan 5 Liter - Pembasmi Gulma dari Akar ke Daun,General,1,266999.0,IDR
ORD-B121DFA1,2026-05-09,C-FA23557C,Toko Pupuk 1644,P-41049F,Herbisida Metsulindo 20 WP Ukuran 250gr - Efektif kendalikan Gulma Muda,General,8,45999.0,IDR
ORD-B8386BF1,2026-05-09,C-EBDE25FC,Toko Pupuk 4476,P-6E74CB,Herbisida Bom Up 520 SL Kemasan 5 Liter - Pembasmi Gulma dari Akar ke Daun,General,4,266999.0,IDR
ORD-C8418E32,2026-05-09,C-0646FAE8,Mitra Tani 7048,P-BEDEAF,Herbisida Bablass 490 SL Kemasan 5 Liter - Pembasmi Gulma dari Akar ke Daun,General,1,322499.0,IDR
ORD-FD041533,2026-05-09,C-293F7358,Mitra Tani 6152,P-89A982,MOP/KCL Sasco 50kg,Pupuk,200,432500.0,IDR
ORD-013A9C6F,2026-05-10,C-ABAC0DF2,UD Agro 9698,P-3E8E64,Herbisida Bablass 490 SL Kemasan 20 Liter - Pembasmi Gulma dari Akar ke Daun,General,1,1138499.0,IDR
ORD-04C5A2BF,2026-05-10,C-4845EAAC,Toko Pupuk 8612,P-05FE0B,Herbasida Garlon 670 EC Kemasan 100ml - Pembasmi Gulma Berkayu,Racun,1,46499.0,IDR
ORD-0D387462,2026-05-10,C-7F7F8C56,Distributor Bibit 9430,P-6E74CB,Herbisida Bom Up 520 SL Kemasan 5 Liter - Pembasmi Gulma dari Akar ke Daun,General,1,266999.0,IDR
ORD-133CFE7C,2026-05-10,C-BBD38EA7,Usaha Kebun 8007,P-41049F,Herbisida Metsulindo 20 WP Ukuran 250gr - Efektif kendalikan Gulma Muda,General,1,45999.0,IDR
ORD-21D9F802,2026-05-10,C-27562376,Distributor Bibit 5598,P-6E74CB,Herbisida Bom Up 520 SL Kemasan 5 Liter - Pembasmi Gulma dari Akar ke Daun,General,1,266999.0,IDR
ORD-25060F5C,2026-05-10,C-7F298C00,Mitra Tani 7248,P-41049F,Herbisida Metsulindo 20 WP Ukuran 250gr - Efektif kendalikan Gulma Muda,General,1,45999.0,IDR
ORD-30AA12D6,2026-05-10,C-131A21A1,Koperasi Hijau 8649,P-6E74CB,Herbisida Bom Up 520 SL Kemasan 5 Liter - Pembasmi Gulma dari Akar ke Daun,General,1,266999.0,IDR
ORD-3BAE4D18,2026-05-10,C-04875245,Gapoktan 9285,P-101D4A,Triester 670 EC 100 ml - Herbisida Khusus Pembasmi Semak & Gulma Berkayu,Racun,1,35499.0,IDR
ORD-4EF701B4,2026-05-10,C-631BCA0C,Toko Pupuk 7580,P-6E74CB,Herbisida Bom Up 520 SL Kemasan 5 Liter - Pembasmi Gulma dari Akar ke Daun,General,1,266999.0,IDR
ORD-550247A1,2026-05-10,C-A5DD7659,Koperasi Hijau 9393,P-41049F,Herbisida Metsulindo 20 WP Ukuran 250gr - Efektif kendalikan Gulma Muda,General,12,45999.0,IDR
ORD-5CE9FC96,2026-05-10,C-4AE45962,UD Agro 8074,P-385FCB,Herbisida Gramoxone 276 SL Kemasan 1 Liter - Parakuat Pembasmi Rumput Liar,General,5,77499.0,IDR
ORD-67D55EFF,2026-05-10,C-907EBB24,Toko Pupuk 3548,P-41049F,Herbisida Metsulindo 20 WP Ukuran 250gr - Efektif kendalikan Gulma Muda,General,1,45999.0,IDR
ORD-69EE00C0,2026-05-10,C-27394269,Koperasi Hijau 2977,P-05FE0B,Herbasida Garlon 670 EC Kemasan 100ml - Pembasmi Gulma Berkayu,Racun,1,46499.0,IDR
ORD-69EE00C0,2026-05-10,C-27394269,Koperasi Hijau 2977,P-97F3A1,Herbisida Bom Up 520 SL Kemasan 1 Liter - Pembasmi Gulma dari Akar ke Daun,General,1,59999.0,IDR
ORD-81B514FD,2026-05-10,C-C08BAB5D,Gapoktan 9845,P-6E74CB,Herbisida Bom Up 520 SL Kemasan 5 Liter - Pembasmi Gulma dari Akar ke Daun,General,1,266999.0,IDR
ORD-92094D1C,2026-05-10,C-B78E3471,Koperasi Hijau 3065,P-6E74CB,Herbisida Bom Up 520 SL Kemasan 5 Liter - Pembasmi Gulma dari Akar ke Daun,General,2,266999.0,IDR
ORD-9D68A77F,2026-05-10,C-D1AF7B13,CV Kebun 1451,P-6E74CB,Herbisida Bom Up 520 SL Kemasan 5 Liter - Pembasmi Gulma dari Akar ke Daun,General,1,266999.0,IDR
ORD-A1E3DEF1,2026-05-10,C-F76EBC86,Distributor Bibit 7574,P-385FCB,Herbisida Gramoxone 276 SL Kemasan 1 Liter - Parakuat Pembasmi Rumput Liar,General,2,77499.0,IDR
ORD-A64B63E6,2026-05-10,C-34F1298E,Distributor Bibit 2046,P-FCD235,Herbasida Garlon 670 EC Kemasan 1 Liter - Pembasmi Gulma Berkayu,General,2,375999.0,IDR
ORD-B6EC9D6A,2026-05-10,C-E9B468D6,Distributor Bibit 2646,P-28A54F,Turmadan 328 SL 1 Liter - Herbisida Parakuat Pembasmi Gulma Super Cepat,Racun,1,74999.0,IDR
ORD-B78A674C,2026-05-10,C-FB3874BD,Gapoktan 1117,P-BEDEAF,Herbisida Bablass 490 SL Kemasan 5 Liter - Pembasmi Gulma dari Akar ke Daun,General,1,322499.0,IDR
ORD-BCFFC68E,2026-05-10,C-9F6D6894,Toko Pupuk 2540,P-05FE0B,Herbasida Garlon 670 EC Kemasan 100ml - Pembasmi Gulma Berkayu,Racun,1,46499.0,IDR
ORD-C812575E,2026-05-10,C-5B144128,Mitra Tani 8056,P-97F3A1,Herbisida Bom Up 520 SL Kemasan 1 Liter - Pembasmi Gulma dari Akar ke Daun,General,1,59999.0,IDR
ORD-CA1364E4,2026-05-10,C-66993D3B,CV Kebun 6715,P-6E74CB,Herbisida Bom Up 520 SL Kemasan 5 Liter - Pembasmi Gulma dari Akar ke Daun,General,1,266999.0,IDR
ORD-D2435F64,2026-05-10,C-79E4723E,Distributor Bibit 8590,P-05FE0B,Herbasida Garlon 670 EC Kemasan 100ml - Pembasmi Gulma Berkayu,Racun,1,46499.0,IDR
ORD-D41286AD,2026-05-10,C-8BEF5A2F,Usaha Kebun 7215,P-6E74CB,Herbisida Bom Up 520 SL Kemasan 5 Liter - Pembasmi Gulma dari Akar ke Daun,General,3,266999.0,IDR
ORD-D61BBB80,2026-05-10,C-6E75229B,CV Kebun 8331,P-41049F,Herbisida Metsulindo 20 WP Ukuran 250gr - Efektif kendalikan Gulma Muda,General,2,45999.0,IDR
ORD-E3109556,2026-05-10,C-06D8B6BE,Distributor Bibit 8854,P-3E8E64,Herbisida Bablass 490 SL Kemasan 20 Liter - Pembasmi Gulma dari Akar ke Daun,General,1,1138499.0,IDR
ORD-E3D1F016,2026-05-10,C-D062C4FA,UD Agro 3882,P-516722,ROUNDUP 486 SL (1 Liter) - Herbisida Sistemik Glifosat Tuntas,General,3,91999.0,IDR
ORD-F209054C,2026-05-10,C-98452273,CV Kebun 9635,P-2D0BC8,Herbisida Gramoxone 276 SL Kemasan 5 Liter - Parakuat Pembasmi Rumput Liar,General,1,362999.0,IDR
ORD-FA67A9C9,2026-05-10,C-9068864C,Toko Pupuk 6228,P-97F3A1,Herbisida Bom Up 520 SL Kemasan 1 Liter - Pembasmi Gulma dari Akar ke Daun,General,1,59999.0,IDR
ORD-1365A3B4,2026-05-11,C-259E3DDA,UD Agro 3514,P-41049F,Herbisida Metsulindo 20 WP Ukuran 250gr - Efektif kendalikan Gulma Muda,General,3,45999.0,IDR
ORD-1A946CA8,2026-05-11,C-B5A6690F,Usaha Kebun 2967,P-6E74CB,Herbisida Bom Up 520 SL Kemasan 5 Liter - Pembasmi Gulma dari Akar ke Daun,General,1,266999.0,IDR
ORD-1B3A4C60,2026-05-11,C-1E4E279A,UD Agro 2426,P-FCD235,Herbasida Garlon 670 EC Kemasan 1 Liter - Pembasmi Gulma Berkayu,General,1,375999.0,IDR
ORD-22105BD1,2026-05-11,C-79888DD1,Koperasi Hijau 7337,P-05FE0B,Herbasida Garlon 670 EC Kemasan 100ml - Pembasmi Gulma Berkayu,Racun,1,46499.0,IDR
ORD-22307929,2026-05-11,C-61281D85,Gapoktan 2949,P-6E74CB,Herbisida Bom Up 520 SL Kemasan 5 Liter - Pembasmi Gulma dari Akar ke Daun,General,4,266999.0,IDR
ORD-3182928A,2026-05-11,C-707E934D,Gapoktan 8437,P-97F3A1,Herbisida Bom Up 520 SL Kemasan 1 Liter - Pembasmi Gulma dari Akar ke Daun,General,1,59999.0,IDR
ORD-391AB646,2026-05-11,C-1ACB2BED,Gapoktan 9669,P-6E74CB,Herbisida Bom Up 520 SL Kemasan 5 Liter - Pembasmi Gulma dari Akar ke Daun,General,1,266999.0,IDR
ORD-3E3A4FC9,2026-05-11,C-6D5A6921,Koperasi Hijau 1697,P-6E74CB,Herbisida Bom Up 520 SL Kemasan 5 Liter - Pembasmi Gulma dari Akar ke Daun,General,1,266999.0,IDR
ORD-4B68DAED,2026-05-11,C-D9012479,Koperasi Hijau 6745,P-6E74CB,Herbisida Bom Up 520 SL Kemasan 5 Liter - Pembasmi Gulma dari Akar ke Daun,General,1,266999.0,IDR
ORD-787BDC4E,2026-05-11,C-4236C08F,Usaha Kebun 6495,P-6E74CB,Herbisida Bom Up 520 SL Kemasan 5 Liter - Pembasmi Gulma dari Akar ke Daun,General,2,266999.0,IDR
ORD-933B52CC,2026-05-11,C-4EB5EDEB,CV Kebun 3771,P-E4C339,Herbisida Centatop 288 SL Kemasan 5 Liter - Herbisida Kontak Parakuat Pembasmi Gulma Cepat,General,1,279999.0,IDR
ORD-9876749E,2026-05-11,C-7CFC1610,Mitra Tani 4504,P-E4C339,Herbisida Centatop 288 SL Kemasan 5 Liter - Herbisida Kontak Parakuat Pembasmi Gulma Cepat,General,1,246999.0,IDR
ORD-9B8D59C4,2026-05-11,C-F6638F10,Mitra Tani 2824,P-3E8E64,Herbisida Bablass 490 SL Kemasan 20 Liter - Pembasmi Gulma dari Akar ke Daun,General,1,1138499.0,IDR
ORD-A7E9D0BF,2026-05-11,C-4119E67C,Toko Pupuk 4444,P-6E74CB,Herbisida Bom Up 520 SL Kemasan 5 Liter - Pembasmi Gulma dari Akar ke Daun,General,1,266999.0,IDR
ORD-AC2B7FA6,2026-05-11,C-7B127D20,Mitra Tani 3248,P-41049F,Herbisida Metsulindo 20 WP Ukuran 250gr - Efektif kendalikan Gulma Muda,General,1,45999.0,IDR
ORD-B71BC59F,2026-05-11,C-8ECFCD1D,Gapoktan 4133,P-2D0BC8,Herbisida Gramoxone 276 SL Kemasan 5 Liter - Parakuat Pembasmi Rumput Liar,General,1,362999.0,IDR
ORD-B87D438E,2026-05-11,C-4760CDAE,Distributor Bibit 5446,P-97F3A1,Herbisida Bom Up 520 SL Kemasan 1 Liter - Pembasmi Gulma dari Akar ke Daun,General,8,59999.0,IDR
ORD-BDAFAB7F,2026-05-11,C-3D179B52,UD Agro 2266,P-6E74CB,Herbisida Bom Up 520 SL Kemasan 5 Liter - Pembasmi Gulma dari Akar ke Daun,General,1,266999.0,IDR
ORD-CF1E0B91,2026-05-11,C-968E8D3A,UD Agro 3666,P-E4C339,Herbisida Centatop 288 SL Kemasan 5 Liter - Herbisida Kontak Parakuat Pembasmi Gulma Cepat,General,4,246999.0,IDR
ORD-CF57AA37,2026-05-11,C-98B748C9,Koperasi Hijau 2553,P-6E74CB,Herbisida Bom Up 520 SL Kemasan 5 Liter - Pembasmi Gulma dari Akar ke Daun,General,1,266999.0,IDR
ORD-DF16E288,2026-05-11,C-DCB567F9,Koperasi Hijau 7153,P-E4C339,Herbisida Centatop 288 SL Kemasan 5 Liter - Herbisida Kontak Parakuat Pembasmi Gulma Cepat,General,1,246999.0,IDR
ORD-F4B6ECCE,2026-05-11,C-0714980A,UD Agro 9154,P-C21693,ZA Cap Daun 50Kg,Pupuk,600,382500.0,IDR
ORD-0697B89E,2026-05-12,C-CD88DEA1,Koperasi Hijau 4169,P-97F3A1,Herbisida Bom Up 520 SL Kemasan 1 Liter - Pembasmi Gulma dari Akar ke Daun,General,1,59999.0,IDR
ORD-0AE0EA4B,2026-05-12,C-C88B5E93,CV Kebun 8915,P-6E74CB,Herbisida Bom Up 520 SL Kemasan 5 Liter - Pembasmi Gulma dari Akar ke Daun,General,1,266999.0,IDR
ORD-14519F4B,2026-05-12,C-3E017340,Mitra Tani 9432,P-6E74CB,Herbisida Bom Up 520 SL Kemasan 5 Liter - Pembasmi Gulma dari Akar ke Daun,General,1,266999.0,IDR
ORD-145A4BAB,2026-05-12,C-046836E2,UD Agro 4658,P-FCD235,Herbasida Garlon 670 EC Kemasan 1 Liter - Pembasmi Gulma Berkayu,General,1,375999.0,IDR
ORD-2405A026,2026-05-12,C-346DD14B,CV Kebun 7235,P-3E8E64,Herbisida Bablass 490 SL Kemasan 20 Liter - Pembasmi Gulma dari Akar ke Daun,General,1,1138499.0,IDR
ORD-2B39DC14,2026-05-12,C-E4F92BBC,Toko Pupuk 2908,P-385FCB,Herbisida Gramoxone 276 SL Kemasan 1 Liter - Parakuat Pembasmi Rumput Liar,General,2,77499.0,IDR
ORD-2DAE85DB,2026-05-12,C-DF981787,Usaha Kebun 6663,P-0E5ABA,"Pupuk NPK YaraMila UNIK 16-16-16 (50kg) - Pupuk Dasar & Pemeliharaan, Kuatkan Akar dan Hasil",Pupuk,2,983499.0,IDR
ORD-2DEA9149,2026-05-12,C-B543E4EA,UD Agro 8610,P-97F3A1,Herbisida Bom Up 520 SL Kemasan 1 Liter - Pembasmi Gulma dari Akar ke Daun,General,1,59999.0,IDR
ORD-2E389CCE,2026-05-12,C-1364A65D,Gapoktan 5293,P-6E74CB,Herbisida Bom Up 520 SL Kemasan 5 Liter - Pembasmi Gulma dari Akar ke Daun,General,1,266999.0,IDR
ORD-3910A9C6,2026-05-12,C-A8501AB9,Koperasi Hijau 1009,P-6E74CB,Herbisida Bom Up 520 SL Kemasan 5 Liter - Pembasmi Gulma dari Akar ke Daun,General,1,266999.0,IDR
ORD-3E98358E,2026-05-12,C-97B49AEA,UD Agro 5754,P-97F3A1,Herbisida Bom Up 520 SL Kemasan 1 Liter - Pembasmi Gulma dari Akar ke Daun,General,1,59999.0,IDR
ORD-3F7EE94D,2026-05-12,C-3FFD6A43,CV Kebun 8419,P-C15400,Smart 486 SL Kemasan 4 Liter - Glifosat Sistemik Pembasmi Gulma Kuat,Racun,2,284999.0,IDR
ORD-43D5535F,2026-05-12,C-4F872D68,Mitra Tani 1048,P-4D9CD6,ROUNDUP 486 SL (20 Liter) - Herbisida Sistemik Glifosat Tuntas,Racun,1,1678999.0,IDR
ORD-54164599,2026-05-12,C-F6317124,Toko Pupuk 3364,P-E4C339,Herbisida Centatop 288 SL Kemasan 5 Liter - Herbisida Kontak Parakuat Pembasmi Gulma Cepat,General,2,246999.0,IDR
ORD-66BA7B80,2026-05-12,C-7385AE7F,Usaha Kebun 9799,P-6E74CB,Herbisida Bom Up 520 SL Kemasan 5 Liter - Pembasmi Gulma dari Akar ke Daun,General,1,266999.0,IDR
ORD-6951197D,2026-05-12,C-45CEA5D2,UD Agro 1770,P-4D9CD6,ROUNDUP 486 SL (20 Liter) - Herbisida Sistemik Glifosat Tuntas,Racun,1,1678999.0,IDR
ORD-69FF2B91,2026-05-12,C-AF17DCA9,Koperasi Hijau 4617,P-D6BB73,Pupuk KCL Canada Cap Mahkota 50kg - Meningkatkan Hasil Panen,Pupuk,1,487499.0,IDR
ORD-6E81D61D,2026-05-12,C-D4CF1D18,Mitra Tani 8192,P-6E74CB,Herbisida Bom Up 520 SL Kemasan 5 Liter - Pembasmi Gulma dari Akar ke Daun,General,1,266999.0,IDR
ORD-77E86C10,2026-05-12,C-B971DF4C,Toko Pupuk 2692,P-41049F,Herbisida Metsulindo 20 WP Ukuran 250gr - Efektif kendalikan Gulma Muda,General,1,45999.0,IDR
ORD-7DF6EE68,2026-05-12,C-7563A75F,Usaha Kebun 5183,P-6E74CB,Herbisida Bom Up 520 SL Kemasan 5 Liter - Pembasmi Gulma dari Akar ke Daun,General,1,266999.0,IDR
ORD-8422FB6B,2026-05-12,C-B4506A7A,UD Agro 9018,P-3E8E64,Herbisida Bablass 490 SL Kemasan 20 Liter - Pembasmi Gulma dari Akar ke Daun,General,1,1138499.0,IDR
ORD-859E0A3F,2026-05-12,C-26C11250,Mitra Tani 1344,P-6E74CB,Herbisida Bom Up 520 SL Kemasan 5 Liter - Pembasmi Gulma dari Akar ke Daun,General,1,266999.0,IDR
ORD-8A725477,2026-05-12,C-44B99075,Gapoktan 4829,P-97F3A1,Herbisida Bom Up 520 SL Kemasan 1 Liter - Pembasmi Gulma dari Akar ke Daun,General,2,59999.0,IDR
ORD-99900E6B,2026-05-12,C-CF97C24B,CV Kebun 1387,P-B2BB93,Benih Sawit Topaz 1-3 Seri 4 (100 butir),Benih,10,950000.0,IDR
ORD-A2742CE8,2026-05-12,C-40D3266B,CV Kebun 2755,P-D6BB73,Pupuk KCL Canada Cap Mahkota 50kg - Meningkatkan Hasil Panen,Pupuk,1,487499.0,IDR
ORD-A8674574,2026-05-12,C-71254BC9,Koperasi Hijau 8641,P-BA575C,Herbasida Herbatop 276 SL Kemasan 5 Liter - Parakuat Pembasmi Rumput Liar,Racun,1,455999.0,IDR
ORD-A89008AE,2026-05-12,C-0413F31B,CV Kebun 8283,P-E4C339,Herbisida Centatop 288 SL Kemasan 5 Liter - Herbisida Kontak Parakuat Pembasmi Gulma Cepat,General,8,246999.0,IDR
ORD-CA72FF3B,2026-05-12,C-D6C7ECE3,CV Kebun 7531,P-05FE0B,Herbasida Garlon 670 EC Kemasan 100ml - Pembasmi Gulma Berkayu,Racun,1,46499.0,IDR
ORD-D2C53A65,2026-05-12,C-F6330B14,Toko Pupuk 9308,P-6E74CB,Herbisida Bom Up 520 SL Kemasan 5 Liter - Pembasmi Gulma dari Akar ke Daun,General,4,266999.0,IDR
ORD-D31C2977,2026-05-12,C-04F92544,Toko Pupuk 7868,P-A1BDE2,Herbisida Bablass 490 SL Kemasan 1 Liter - Pembasmi Gulma dari Akar ke Daun,General,20,64999.0,IDR
ORD-DA23CED6,2026-05-12,C-BFB91B7F,Usaha Kebun 7455,P-97F3A1,Herbisida Bom Up 520 SL Kemasan 1 Liter - Pembasmi Gulma dari Akar ke Daun,General,3,59999.0,IDR
ORD-E0B88117,2026-05-12,C-BC542208,Mitra Tani 1344,P-B2BB93,Benih Sawit Topaz 1-3 Seri 4 (100 butir),Benih,10,950000.0,IDR
ORD-EA90ECE5,2026-05-12,C-77D1B4EA,UD Agro 2042,P-41049F,Herbisida Metsulindo 20 WP Ukuran 250gr - Efektif kendalikan Gulma Muda,General,3,45999.0,IDR
ORD-EC1750D0,2026-05-12,C-F58C4569,Koperasi Hijau 5729,P-C15400,Smart 486 SL Kemasan 4 Liter - Glifosat Sistemik Pembasmi Gulma Kuat,Racun,1,284999.0,IDR
ORD-EFECD76A,2026-05-12,C-0470AE3A,UD Agro 1498,P-41049F,Herbisida Metsulindo 20 WP Ukuran 250gr - Efektif kendalikan Gulma Muda,General,1,45999.0,IDR
ORD-FFE8BA7B,2026-05-12,C-023DD27B,CV Kebun 5011,P-6E74CB,Herbisida Bom Up 520 SL Kemasan 5 Liter - Pembasmi Gulma dari Akar ke Daun,General,2,266999.0,IDR
ORD-16E72634,2026-05-13,C-56CFF6B3,CV Kebun 9683,P-385FCB,Herbisida Gramoxone 276 SL Kemasan 1 Liter - Parakuat Pembasmi Rumput Liar,General,4,77499.0,IDR
ORD-220F7CA6,2026-05-13,C-9E0A437C,Toko Pupuk 1764,P-97F3A1,Herbisida Bom Up 520 SL Kemasan 1 Liter - Pembasmi Gulma dari Akar ke Daun,General,1,59999.0,IDR
ORD-22DD984C,2026-05-13,C-BD10C2C1,Koperasi Hijau 6257,P-E4C339,Herbisida Centatop 288 SL Kemasan 5 Liter - Herbisida Kontak Parakuat Pembasmi Gulma Cepat,General,2,246999.0,IDR
ORD-247003D9,2026-05-13,C-A82C5DA7,Usaha Kebun 7847,P-4D6695,Smart 486 SL Kemasan 1 Liter - Glifosat Sistemik Pembasmi Gulma Kuat,Racun,1,81304.0,IDR
ORD-28312409,2026-05-13,C-BED6941F,Usaha Kebun 2663,P-28A54F,Turmadan 328 SL 1 Liter - Herbisida Parakuat Pembasmi Gulma Super Cepat,Racun,2,74999.0,IDR
ORD-3619FE61,2026-05-13,C-C09A8C0F,Usaha Kebun 3871,P-41049F,Herbisida Metsulindo 20 WP Ukuran 250gr - Efektif kendalikan Gulma Muda,General,1,45999.0,IDR
ORD-3D89637F,2026-05-13,C-4AEF52E9,Koperasi Hijau 7313,P-97F3A1,Herbisida Bom Up 520 SL Kemasan 1 Liter - Pembasmi Gulma dari Akar ke Daun,General,3,60599.0,IDR
ORD-4449A8AA,2026-05-13,C-AD5E44CD,Gapoktan 8365,P-6E74CB,Herbisida Bom Up 520 SL Kemasan 5 Liter - Pembasmi Gulma dari Akar ke Daun,General,2,269669.0,IDR
ORD-59186789,2026-05-13,C-CC8AE673,CV Kebun 1027,P-E4C339,Herbisida Centatop 288 SL Kemasan 5 Liter - Herbisida Kontak Parakuat Pembasmi Gulma Cepat,General,3,246999.0,IDR
ORD-5CAD2C9D,2026-05-13,C-CB1A0831,Koperasi Hijau 9881,P-41049F,Herbisida Metsulindo 20 WP Ukuran 250gr - Efektif kendalikan Gulma Muda,General,2,45999.0,IDR
ORD-5D795668,2026-05-13,C-B72AFAE8,Mitra Tani 7272,P-6E74CB,Herbisida Bom Up 520 SL Kemasan 5 Liter - Pembasmi Gulma dari Akar ke Daun,General,1,266999.0,IDR
ORD-764B6AB8,2026-05-13,C-AEACB727,Usaha Kebun 2663,P-BEDEAF,Herbisida Bablass 490 SL Kemasan 5 Liter - Pembasmi Gulma dari Akar ke Daun,General,1,322499.0,IDR
ORD-77BB6C8C,2026-05-13,C-558EBB19,Koperasi Hijau 8369,P-6E74CB,Herbisida Bom Up 520 SL Kemasan 5 Liter - Pembasmi Gulma dari Akar ke Daun,General,1,269669.0,IDR
ORD-7C66903F,2026-05-13,C-B095E3DC,Toko Pupuk 3212,P-6E74CB,Herbisida Bom Up 520 SL Kemasan 5 Liter - Pembasmi Gulma dari Akar ke Daun,General,4,266999.0,IDR
ORD-8EE56082,2026-05-13,C-73CF8081,Koperasi Hijau 5689,P-BEDEAF,Herbisida Bablass 490 SL Kemasan 5 Liter - Pembasmi Gulma dari Akar ke Daun,General,1,322499.0,IDR
ORD-94A505AE,2026-05-13,C-02755317,Usaha Kebun 6415,P-41049F,Herbisida Metsulindo 20 WP Ukuran 250gr - Efektif kendalikan Gulma Muda,General,1,45999.0,IDR
ORD-94A505AE,2026-05-13,C-02755317,Usaha Kebun 6415,P-6E74CB,Herbisida Bom Up 520 SL Kemasan 5 Liter - Pembasmi Gulma dari Akar ke Daun,General,1,266999.0,IDR
ORD-9A78F10B,2026-05-13,C-0753B43D,Gapoktan 5141,P-6E74CB,Herbisida Bom Up 520 SL Kemasan 5 Liter - Pembasmi Gulma dari Akar ke Daun,General,1,266999.0,IDR
ORD-A07C1318,2026-05-13,C-498B88E4,Toko Pupuk 9316,P-E4C339,Herbisida Centatop 288 SL Kemasan 5 Liter - Herbisida Kontak Parakuat Pembasmi Gulma Cepat,General,2,246999.0,IDR
ORD-AD836752,2026-05-13,C-2BD0ACA7,Usaha Kebun 3975,P-28A54F,Turmadan 328 SL 1 Liter - Herbisida Parakuat Pembasmi Gulma Super Cepat,Racun,1,74999.0,IDR
ORD-B200DF4E,2026-05-13,C-AAB1347F,Usaha Kebun 4031,P-6E74CB,Herbisida Bom Up 520 SL Kemasan 5 Liter - Pembasmi Gulma dari Akar ke Daun,General,1,269669.0,IDR
ORD-B848E2D8,2026-05-13,C-F87900E9,Koperasi Hijau 6657,P-F9D1EF,Herbisida Bom Up 520 SL Kemasan 20 Liter - Pembasmi Gulma dari Akar ke Daun,General,1,1208499.0,IDR
ORD-BD08B7A5,2026-05-13,C-01643E65,Gapoktan 1789,P-97F3A1,Herbisida Bom Up 520 SL Kemasan 1 Liter - Pembasmi Gulma dari Akar ke Daun,General,1,59999.0,IDR
ORD-C190C8CE,2026-05-13,C-99995689,Koperasi Hijau 3209,P-97F3A1,Herbisida Bom Up 520 SL Kemasan 1 Liter - Pembasmi Gulma dari Akar ke Daun,General,1,60599.0,IDR
ORD-C92F9B6D,2026-05-13,C-2C06FF89,Koperasi Hijau 9137,P-6E74CB,Herbisida Bom Up 520 SL Kemasan 5 Liter - Pembasmi Gulma dari Akar ke Daun,General,1,266999.0,IDR
ORD-D630CFE5,2026-05-13,C-AA693F5E,Distributor Bibit 4222,P-41049F,Herbisida Metsulindo 20 WP Ukuran 250gr - Efektif kendalikan Gulma Muda,General,1,45999.0,IDR
ORD-DC267C3E,2026-05-13,C-CC5EFE06,Distributor Bibit 3478,P-97F3A1,Herbisida Bom Up 520 SL Kemasan 1 Liter - Pembasmi Gulma dari Akar ke Daun,General,1,65649.0,IDR
ORD-F576546D,2026-05-13,C-5ACF4BAB,CV Kebun 6763,P-6E74CB,Herbisida Bom Up 520 SL Kemasan 5 Liter - Pembasmi Gulma dari Akar ke Daun,General,2,266999.0,IDR
ORD-0D7635D2,2026-05-14,C-92EAD294,Toko Pupuk 6868,P-385FCB,Herbisida Gramoxone 276 SL Kemasan 1 Liter - Parakuat Pembasmi Rumput Liar,General,5,78274.0,IDR
ORD-20972708,2026-05-14,C-E70FD0F1,Koperasi Hijau 4425,P-6E74CB,Herbisida Bom Up 520 SL Kemasan 5 Liter - Pembasmi Gulma dari Akar ke Daun,General,3,269669.0,IDR
ORD-24099955,2026-05-14,C-9BEA3F61,Koperasi Hijau 7129,P-BEDEAF,Herbisida Bablass 490 SL Kemasan 5 Liter - Pembasmi Gulma dari Akar ke Daun,General,1,325724.0,IDR
ORD-428F8ED4,2026-05-14,C-39C9E7E0,Mitra Tani 9408,P-41049F,Herbisida Metsulindo 20 WP Ukuran 250gr - Efektif kendalikan Gulma Muda,General,1,46459.0,IDR
ORD-46570464,2026-05-14,C-ED08CD46,Distributor Bibit 2030,P-6E74CB,Herbisida Bom Up 520 SL Kemasan 5 Liter - Pembasmi Gulma dari Akar ke Daun,General,1,269669.0,IDR
ORD-5B1DC774,2026-05-14,C-1F8793DF,Usaha Kebun 4911,P-E4C339,Herbisida Centatop 288 SL Kemasan 5 Liter - Herbisida Kontak Parakuat Pembasmi Gulma Cepat,General,3,249469.0,IDR
ORD-67C10A16,2026-05-14,C-4C08D9F9,Koperasi Hijau 7505,P-BEDEAF,Herbisida Bablass 490 SL Kemasan 5 Liter - Pembasmi Gulma dari Akar ke Daun,General,1,325724.0,IDR
ORD-71087440,2026-05-14,C-C2FC7AB2,UD Agro 7386,P-41049F,Herbisida Metsulindo 20 WP Ukuran 250gr - Efektif kendalikan Gulma Muda,General,1,46459.0,IDR
ORD-92F12C36,2026-05-14,C-195BD7BC,Toko Pupuk 2404,P-385FCB,Herbisida Gramoxone 276 SL Kemasan 1 Liter - Parakuat Pembasmi Rumput Liar,General,4,78274.0,IDR
ORD-9F5D672B,2026-05-14,C-4795AC2C,Toko Pupuk 5276,P-E4C339,Herbisida Centatop 288 SL Kemasan 5 Liter - Herbisida Kontak Parakuat Pembasmi Gulma Cepat,General,1,249469.0,IDR
ORD-A04995CD,2026-05-14,C-0BB91D0F,Usaha Kebun 4975,P-4FE4FF,Herbisida Metsulindo 20 WP Ukuran 100gr - Efektif kendalikan Gulma Muda,General,1,36359.0,IDR
ORD-C070F35C,2026-05-14,C-479C13C9,Koperasi Hijau 2017,P-41049F,Herbisida Metsulindo 20 WP Ukuran 250gr - Efektif kendalikan Gulma Muda,General,1,46459.0,IDR
ORD-D42F75F4,2026-05-14,C-6A65F72F,Usaha Kebun 8311,P-3E8E64,Herbisida Bablass 490 SL Kemasan 20 Liter - Pembasmi Gulma dari Akar ke Daun,General,1,1149884.0,IDR
ORD-DFFC9282,2026-05-14,C-1CBB4A44,Toko Pupuk 6292,P-2D0BC8,Herbisida Gramoxone 276 SL Kemasan 5 Liter - Parakuat Pembasmi Rumput Liar,General,1,366629.0,IDR
ORD-DFFC9282,2026-05-14,C-1CBB4A44,Toko Pupuk 6292,P-BEDEAF,Herbisida Bablass 490 SL Kemasan 5 Liter - Pembasmi Gulma dari Akar ke Daun,General,1,325724.0,IDR
ORD-E74968F2,2026-05-14,C-10F2354C,Toko Pupuk 8812,P-0E5ABA,"Pupuk NPK YaraMila UNIK 16-16-16 (50kg) - Pupuk Dasar & Pemeliharaan, Kuatkan Akar dan Hasil",Pupuk,1,993334.0,IDR
ORD-F52B3735,2026-05-14,C-DC952450,Mitra Tani 7680,P-41049F,Herbisida Metsulindo 20 WP Ukuran 250gr - Efektif kendalikan Gulma Muda,General,1,46459.0,IDR
ORD-F65608D3,2026-05-14,C-D58F8608,Mitra Tani 8968,P-D6BB73,Pupuk KCL Canada Cap Mahkota 50kg - Meningkatkan Hasil Panen,Pupuk,1,492374.0,IDR
ORD-0498A2C1,2026-05-15,C-3140C7F9,Koperasi Hijau 4081,P-05FE0B,Herbasida Garlon 670 EC Kemasan 100ml - Pembasmi Gulma Berkayu,Racun,1,55044.0,IDR
ORD-0616D0CB,2026-05-15,C-4F82F11A,UD Agro 2466,P-B2BB93,Benih Sawit Topaz 1-3 Seri 4 (100 butir),Benih,20,950000.0,IDR
ORD-0B533319,2026-05-15,C-3C7FA5A6,Distributor Bibit 6438,P-41049F,Herbisida Metsulindo 20 WP Ukuran 250gr - Efektif kendalikan Gulma Muda,General,1,46459.0,IDR
ORD-1121F14E,2026-05-15,C-DF5809A9,Koperasi Hijau 2809,P-41049F,Herbisida Metsulindo 20 WP Ukuran 250gr - Efektif kendalikan Gulma Muda,General,3,46459.0,IDR
ORD-11420738,2026-05-15,C-2E14E7A6,Distributor Bibit 4958,P-10ABDD,Herbisida Gramoxone 276 SL Kemasan 20 Liter - Parakuat Pembasmi Rumput Liar,General,1,1233209.0,IDR
ORD-40376AFC,2026-05-15,C-3F020E47,Usaha Kebun 5335,P-3E8E64,Herbisida Bablass 490 SL Kemasan 20 Liter - Pembasmi Gulma dari Akar ke Daun,General,3,1149884.0,IDR
ORD-4793145E,2026-05-15,C-B10ADE37,Usaha Kebun 1479,P-A1BDE2,Herbisida Bablass 490 SL Kemasan 1 Liter - Pembasmi Gulma dari Akar ke Daun,General,4,65649.0,IDR
ORD-48C5F6EF,2026-05-15,C-07F4FA46,Distributor Bibit 8366,P-B2BB93,Benih Sawit Topaz 1-3 Seri 4 (100 butir),Benih,40,950000.0,IDR
ORD-4DB9A734,2026-05-15,C-87A5CB4B,CV Kebun 5643,P-B2BB93,Benih Sawit Topaz 1-3 Seri 4 (100 butir),Benih,5,950000.0,IDR
ORD-612B3AE0,2026-05-15,C-89139C8C,Toko Pupuk 3852,P-97F3A1,Herbisida Bom Up 520 SL Kemasan 1 Liter - Pembasmi Gulma dari Akar ke Daun,General,1,61811.0,IDR
ORD-6730D6E6,2026-05-15,C-0ED032FD,Gapoktan 9565,P-05FE0B,Herbasida Garlon 670 EC Kemasan 100ml - Pembasmi Gulma Berkayu,Racun,1,55044.0,IDR
ORD-697006C4,2026-05-15,C-85236B96,Distributor Bibit 9030,P-C15400,Smart 486 SL Kemasan 4 Liter - Glifosat Sistemik Pembasmi Gulma Kuat,Racun,1,287849.0,IDR
ORD-6D5C17BB,2026-05-15,C-FBA79759,Koperasi Hijau 3473,P-41049F,Herbisida Metsulindo 20 WP Ukuran 250gr - Efektif kendalikan Gulma Muda,General,1,46459.0,IDR
ORD-77D29C81,2026-05-15,C-6F57FDC9,Koperasi Hijau 7577,P-41049F,Herbisida Metsulindo 20 WP Ukuran 250gr - Efektif kendalikan Gulma Muda,General,2,46459.0,IDR
ORD-7D6B3F53,2026-05-15,C-0ACEF37B,CV Kebun 3907,P-E4C339,Herbisida Centatop 288 SL Kemasan 5 Liter - Herbisida Kontak Parakuat Pembasmi Gulma Cepat,General,1,249469.0,IDR
ORD-85E507FB,2026-05-15,C-30C26D75,Gapoktan 3373,P-BEDEAF,Herbisida Bablass 490 SL Kemasan 5 Liter - Pembasmi Gulma dari Akar ke Daun,General,1,325724.0,IDR
ORD-88F1E607,2026-05-15,C-F41D35CE,Distributor Bibit 7022,P-FCD235,Herbasida Garlon 670 EC Kemasan 1 Liter - Pembasmi Gulma Berkayu,General,1,379759.0,IDR
ORD-957AC27A,2026-05-15,C-B095E3DC,Toko Pupuk 3212,P-6E74CB,Herbisida Bom Up 520 SL Kemasan 5 Liter - Pembasmi Gulma dari Akar ke Daun,General,4,269669.0,IDR
ORD-9FCE7AB0,2026-05-15,C-E7C16244,Toko Pupuk 4500,P-4FE4FF,Herbisida Metsulindo 20 WP Ukuran 100gr - Efektif kendalikan Gulma Muda,General,1,36359.0,IDR
ORD-9FCE7AB0,2026-05-15,C-E7C16244,Toko Pupuk 4500,P-E4C339,Herbisida Centatop 288 SL Kemasan 5 Liter - Herbisida Kontak Parakuat Pembasmi Gulma Cepat,General,1,249469.0,IDR
ORD-ADE20C6B,2026-05-15,C-1F34D113,CV Kebun 8091,P-385FCB,Herbisida Gramoxone 276 SL Kemasan 1 Liter - Parakuat Pembasmi Rumput Liar,General,2,78274.0,IDR
ORD-B0CC769D,2026-05-15,C-53823AB4,Toko Pupuk 5636,P-E4C339,Herbisida Centatop 288 SL Kemasan 5 Liter - Herbisida Kontak Parakuat Pembasmi Gulma Cepat,General,12,249469.0,IDR
ORD-BE8850FE,2026-05-15,C-B10ADE37,Usaha Kebun 1479,P-41049F,Herbisida Metsulindo 20 WP Ukuran 250gr - Efektif kendalikan Gulma Muda,General,4,46459.0,IDR
ORD-D04DB3A1,2026-05-15,C-3F7F225B,CV Kebun 3475,P-3E8E64,Herbisida Bablass 490 SL Kemasan 20 Liter - Pembasmi Gulma dari Akar ke Daun,General,1,1149884.0,IDR
ORD-DA164774,2026-05-15,C-8B21A431,Koperasi Hijau 7745,P-385FCB,Herbisida Gramoxone 276 SL Kemasan 1 Liter - Parakuat Pembasmi Rumput Liar,General,1,78274.0,IDR
ORD-DFD9C6B0,2026-05-15,C-DAFC1BAE,Distributor Bibit 3246,P-6E74CB,Herbisida Bom Up 520 SL Kemasan 5 Liter - Pembasmi Gulma dari Akar ke Daun,General,1,275062.0,IDR
ORD-FC1AC8E5,2026-05-15,C-729E37F5,Gapoktan 5637,P-FCD235,Herbasida Garlon 670 EC Kemasan 1 Liter - Pembasmi Gulma Berkayu,General,1,379759.0,IDR
ORD-279688AE,2026-05-16,C-5CF2F6EE,Distributor Bibit 6798,P-E4C339,Herbisida Centatop 288 SL Kemasan 5 Liter - Herbisida Kontak Parakuat Pembasmi Gulma Cepat,General,1,249469.0,IDR
ORD-2FFEAB0A,2026-05-16,C-173B9FFA,UD Agro 3546,P-385FCB,Herbisida Gramoxone 276 SL Kemasan 1 Liter - Parakuat Pembasmi Rumput Liar,General,2,78274.0,IDR
ORD-376321D0,2026-05-16,C-D1CA2AF9,Koperasi Hijau 4417,P-41049F,Herbisida Metsulindo 20 WP Ukuran 250gr - Efektif kendalikan Gulma Muda,General,4,46459.0,IDR
ORD-43D1D09B,2026-05-16,C-DCF4FC2D,Gapoktan 6861,P-6E74CB,Herbisida Bom Up 520 SL Kemasan 5 Liter - Pembasmi Gulma dari Akar ke Daun,General,1,275062.0,IDR
ORD-4BEA9218,2026-05-16,C-1612EFCC,Toko Pupuk 8788,P-6E74CB,Herbisida Bom Up 520 SL Kemasan 5 Liter - Pembasmi Gulma dari Akar ke Daun,General,1,275062.0,IDR
ORD-59463CDA,2026-05-16,C-F812CDC1,Koperasi Hijau 4889,P-E4C339,Herbisida Centatop 288 SL Kemasan 5 Liter - Herbisida Kontak Parakuat Pembasmi Gulma Cepat,General,4,249469.0,IDR
ORD-6D661926,2026-05-16,C-AB3AC51B,CV Kebun 1483,P-0E5ABA,"Pupuk NPK YaraMila UNIK 16-16-16 (50kg) - Pupuk Dasar & Pemeliharaan, Kuatkan Akar dan Hasil",Pupuk,1,993334.0,IDR
ORD-712337DA,2026-05-16,C-E064369B,CV Kebun 9963,P-6E74CB,Herbisida Bom Up 520 SL Kemasan 5 Liter - Pembasmi Gulma dari Akar ke Daun,General,1,275062.0,IDR
ORD-718F015D,2026-05-16,C-FD0CB5A9,Koperasi Hijau 7585,P-A1BDE2,Herbisida Bablass 490 SL Kemasan 1 Liter - Pembasmi Gulma dari Akar ke Daun,General,5,65649.0,IDR
ORD-734FA19E,2026-05-16,C-01319D86,Distributor Bibit 4806,P-E4C339,Herbisida Centatop 288 SL Kemasan 5 Liter - Herbisida Kontak Parakuat Pembasmi Gulma Cepat,General,1,249469.0,IDR
ORD-8A612321,2026-05-16,C-25D2E5C6,Distributor Bibit 7374,P-28A54F,Turmadan 328 SL 1 Liter - Herbisida Parakuat Pembasmi Gulma Super Cepat,Racun,2,75749.0,IDR
ORD-98B1652F,2026-05-16,C-91295C61,Koperasi Hijau 7945,P-E4C339,Herbisida Centatop 288 SL Kemasan 5 Liter - Herbisida Kontak Parakuat Pembasmi Gulma Cepat,General,1,249469.0,IDR
ORD-9C3ADFF3,2026-05-16,C-2DA1F040,Mitra Tani 3520,P-6E74CB,Herbisida Bom Up 520 SL Kemasan 5 Liter - Pembasmi Gulma dari Akar ke Daun,General,1,275062.0,IDR
ORD-9E052478,2026-05-16,C-34F8E283,CV Kebun 4147,P-FCD235,Herbasida Garlon 670 EC Kemasan 1 Liter - Pembasmi Gulma Berkayu,General,1,379759.0,IDR
ORD-A61B3A14,2026-05-16,C-479844F7,Usaha Kebun 4463,P-97F3A1,Herbisida Bom Up 520 SL Kemasan 1 Liter - Pembasmi Gulma dari Akar ke Daun,General,6,61811.0,IDR
ORD-A625D51F,2026-05-16,C-A534B9F1,Koperasi Hijau 3113,P-6E74CB,Herbisida Bom Up 520 SL Kemasan 5 Liter - Pembasmi Gulma dari Akar ke Daun,General,1,275062.0,IDR
ORD-A70AD6BA,2026-05-16,C-8D38BE41,Koperasi Hijau 3177,P-BC1FE5,MOP/KCL Canada Cap Mahkota 50kg,Pupuk Grosir,400,448717.5,IDR
ORD-B40899B9,2026-05-16,C-1AF93288,Mitra Tani 2016,P-05FE0B,Herbasida Garlon 670 EC Kemasan 100ml - Pembasmi Gulma Berkayu,Racun,1,55044.0,IDR
ORD-C248B422,2026-05-16,C-2E7227D9,Koperasi Hijau 5241,P-6E74CB,Herbisida Bom Up 520 SL Kemasan 5 Liter - Pembasmi Gulma dari Akar ke Daun,General,1,275062.0,IDR
ORD-CBE7D7E2,2026-05-16,C-F70ADBD9,Koperasi Hijau 4993,P-3E8E64,Herbisida Bablass 490 SL Kemasan 20 Liter - Pembasmi Gulma dari Akar ke Daun,General,1,1149884.0,IDR
ORD-DE0488EF,2026-05-16,C-E4379640,Mitra Tani 6192,P-05FE0B,Herbasida Garlon 670 EC Kemasan 100ml - Pembasmi Gulma Berkayu,Racun,1,55044.0,IDR
ORD-EFD0CB56,2026-05-16,C-C24096B4,Toko Pupuk 5788,P-6E74CB,Herbisida Bom Up 520 SL Kemasan 5 Liter - Pembasmi Gulma dari Akar ke Daun,General,1,275062.0,IDR
ORD-F61761E4,2026-05-16,C-5ADDE247,Usaha Kebun 8823,P-05FE0B,Herbasida Garlon 670 EC Kemasan 100ml - Pembasmi Gulma Berkayu,Racun,1,55044.0,IDR
ORD-03689620,2026-05-17,C-8F37B143,CV Kebun 8747,P-28A54F,Turmadan 328 SL 1 Liter - Herbisida Parakuat Pembasmi Gulma Super Cepat,Racun,2,75749.0,IDR
ORD-060E643D,2026-05-17,C-6F221566,Distributor Bibit 2678,P-41049F,Herbisida Metsulindo 20 WP Ukuran 250gr - Efektif kendalikan Gulma Muda,General,2,46459.0,IDR
ORD-225DC5BC,2026-05-17,C-B8B38357,Usaha Kebun 1311,P-BEDEAF,Herbisida Bablass 490 SL Kemasan 5 Liter - Pembasmi Gulma dari Akar ke Daun,General,1,325724.0,IDR
ORD-4C4F5448,2026-05-17,C-B17DE4D3,CV Kebun 6811,P-516722,ROUNDUP 486 SL (1 Liter) - Herbisida Sistemik Glifosat Tuntas,General,20,92919.0,IDR
ORD-6C925052,2026-05-17,C-39557D3E,Distributor Bibit 2934,P-D6BB73,Pupuk KCL Canada Cap Mahkota 50kg - Meningkatkan Hasil Panen,Pupuk,1,492374.0,IDR
ORD-700FB228,2026-05-17,C-E0359CC0,Mitra Tani 6920,P-F9D1EF,Herbisida Bom Up 520 SL Kemasan 20 Liter - Pembasmi Gulma dari Akar ke Daun,General,1,1220584.0,IDR
ORD-77751FCB,2026-05-17,C-67745DE7,Usaha Kebun 3463,P-97F3A1,Herbisida Bom Up 520 SL Kemasan 1 Liter - Pembasmi Gulma dari Akar ke Daun,General,1,61811.0,IDR
ORD-9A8C958F,2026-05-17,C-9FD0C9E5,Gapoktan 8517,P-41049F,Herbisida Metsulindo 20 WP Ukuran 250gr - Efektif kendalikan Gulma Muda,General,1,46459.0,IDR
ORD-9A8C958F,2026-05-17,C-9FD0C9E5,Gapoktan 8517,P-97F3A1,Herbisida Bom Up 520 SL Kemasan 1 Liter - Pembasmi Gulma dari Akar ke Daun,General,1,61811.0,IDR
ORD-9E5B1399,2026-05-17,C-9D36BBE3,CV Kebun 7955,P-BEDEAF,Herbisida Bablass 490 SL Kemasan 5 Liter - Pembasmi Gulma dari Akar ke Daun,General,4,325724.0,IDR
ORD-9F154E84,2026-05-17,C-86198D7D,Gapoktan 2565,P-05FE0B,Herbasida Garlon 670 EC Kemasan 100ml - Pembasmi Gulma Berkayu,Racun,15,46964.0,IDR
ORD-C48B384D,2026-05-17,C-AF23015E,Distributor Bibit 5910,P-F9D1EF,Herbisida Bom Up 520 SL Kemasan 20 Liter - Pembasmi Gulma dari Akar ke Daun,General,1,1220584.0,IDR
ORD-CE32A7DC,2026-05-17,C-F779DF9B,CV Kebun 8451,P-BEDEAF,Herbisida Bablass 490 SL Kemasan 5 Liter - Pembasmi Gulma dari Akar ke Daun,General,1,325724.0,IDR
ORD-CEC6BAF8,2026-05-17,C-CA95F269,Koperasi Hijau 2553,P-41049F,Herbisida Metsulindo 20 WP Ukuran 250gr - Efektif kendalikan Gulma Muda,General,1,46459.0,IDR
ORD-D051241E,2026-05-17,C-282C79D5,Gapoktan 3413,P-05FE0B,Herbasida Garlon 670 EC Kemasan 100ml - Pembasmi Gulma Berkayu,Racun,1,55044.0,IDR
ORD-D69CCC29,2026-05-17,C-C189C44F,Usaha Kebun 3375,P-41049F,Herbisida Metsulindo 20 WP Ukuran 250gr - Efektif kendalikan Gulma Muda,General,8,46459.0,IDR
ORD-072A7143,2026-05-18,C-F6638F10,Mitra Tani 2824,P-4D9CD6,ROUNDUP 486 SL (20 Liter) - Herbisida Sistemik Glifosat Tuntas,Racun,1,1695789.0,IDR
ORD-18FF8C46,2026-05-18,C-57B96331,Koperasi Hijau 7345,P-05FE0B,Herbasida Garlon 670 EC Kemasan 100ml - Pembasmi Gulma Berkayu,Racun,1,55044.0,IDR
ORD-23E132D7,2026-05-18,C-3E594444,Toko Pupuk 4572,P-6E74CB,Herbisida Bom Up 520 SL Kemasan 5 Liter - Pembasmi Gulma dari Akar ke Daun,General,1,275062.0,IDR
ORD-298F84F3,2026-05-18,C-2D5F162A,UD Agro 5314,P-E4C339,Herbisida Centatop 288 SL Kemasan 5 Liter - Herbisida Kontak Parakuat Pembasmi Gulma Cepat,General,1,249469.0,IDR
ORD-3C927D6A,2026-05-18,C-975C3E63,CV Kebun 1899,P-6E74CB,Herbisida Bom Up 520 SL Kemasan 5 Liter - Pembasmi Gulma dari Akar ke Daun,General,1,275062.0,IDR
ORD-44C34203,2026-05-18,C-24295555,Gapoktan 8597,P-41049F,Herbisida Metsulindo 20 WP Ukuran 250gr - Efektif kendalikan Gulma Muda,General,1,46459.0,IDR
ORD-468E2AA0,2026-05-18,C-6ACCE7FD,Gapoktan 4629,P-6E74CB,Herbisida Bom Up 520 SL Kemasan 5 Liter - Pembasmi Gulma dari Akar ke Daun,General,1,275062.0,IDR
ORD-48A69EE3,2026-05-18,C-F168976E,Distributor Bibit 2566,P-2D0BC8,Herbisida Gramoxone 276 SL Kemasan 5 Liter - Parakuat Pembasmi Rumput Liar,General,2,366629.0,IDR
ORD-588DB49B,2026-05-18,C-50FF0D29,Koperasi Hijau 1329,P-FCD235,Herbasida Garlon 670 EC Kemasan 1 Liter - Pembasmi Gulma Berkayu,General,2,379759.0,IDR
ORD-5A756FF3,2026-05-18,C-8D62DCAB,CV Kebun 9475,P-6E74CB,Herbisida Bom Up 520 SL Kemasan 5 Liter - Pembasmi Gulma dari Akar ke Daun,General,1,275062.0,IDR
ORD-5D50858B,2026-05-18,C-F7660F3E,Distributor Bibit 5926,P-6E74CB,Herbisida Bom Up 520 SL Kemasan 5 Liter - Pembasmi Gulma dari Akar ke Daun,General,2,275062.0,IDR
ORD-5EFEE4EF,2026-05-18,C-08306CFD,Gapoktan 7357,P-6E74CB,Herbisida Bom Up 520 SL Kemasan 5 Liter - Pembasmi Gulma dari Akar ke Daun,General,1,275062.0,IDR
ORD-6399B328,2026-05-18,C-6DA47F0E,Distributor Bibit 5974,P-FCD235,Herbasida Garlon 670 EC Kemasan 1 Liter - Pembasmi Gulma Berkayu,General,1,379759.0,IDR
ORD-6EF46916,2026-05-18,C-C5FBFFA7,Usaha Kebun 6535,P-E4C339,Herbisida Centatop 288 SL Kemasan 5 Liter - Herbisida Kontak Parakuat Pembasmi Gulma Cepat,General,1,249469.0,IDR
ORD-707A84A3,2026-05-18,C-5AAB2445,Gapoktan 4381,P-F9D1EF,Herbisida Bom Up 520 SL Kemasan 20 Liter - Pembasmi Gulma dari Akar ke Daun,General,1,1220584.0,IDR
ORD-948B7443,2026-05-18,C-A5021924,Toko Pupuk 6148,P-BEDEAF,Herbisida Bablass 490 SL Kemasan 5 Liter - Pembasmi Gulma dari Akar ke Daun,General,1,325724.0,IDR
ORD-ABA5CF53,2026-05-18,C-47857D2D,Gapoktan 6669,P-6E74CB,Herbisida Bom Up 520 SL Kemasan 5 Liter - Pembasmi Gulma dari Akar ke Daun,General,1,275062.0,IDR
ORD-AFCA22FD,2026-05-18,C-4487AFAE,Distributor Bibit 3022,P-6E74CB,Herbisida Bom Up 520 SL Kemasan 5 Liter - Pembasmi Gulma dari Akar ke Daun,General,2,275062.0,IDR
ORD-B4DFBE98,2026-05-18,C-9EA692E3,CV Kebun 3707,P-6E74CB,Herbisida Bom Up 520 SL Kemasan 5 Liter - Pembasmi Gulma dari Akar ke Daun,General,1,275062.0,IDR
ORD-BD5DE095,2026-05-18,C-3FBEC3CD,Gapoktan 6573,P-6E74CB,Herbisida Bom Up 520 SL Kemasan 5 Liter - Pembasmi Gulma dari Akar ke Daun,General,1,275062.0,IDR
ORD-BE6FE4F7,2026-05-18,C-33FC114B,CV Kebun 4515,P-DDA2C3,"Pupuk Meroke Korn-Kali B (KKB) 50kg - Kalium, Magnesium & Sulfur Terbaik",Pupuk,1,621149.0,IDR
ORD-C5A0F900,2026-05-18,C-79FF1078,Mitra Tani 7032,P-05FE0B,Herbasida Garlon 670 EC Kemasan 100ml - Pembasmi Gulma Berkayu,Racun,5,46964.0,IDR
ORD-DE7C0B9A,2026-05-18,C-04C950FB,CV Kebun 5331,P-6E74CB,Herbisida Bom Up 520 SL Kemasan 5 Liter - Pembasmi Gulma dari Akar ke Daun,General,1,275062.0,IDR
ORD-EBF46DF6,2026-05-18,C-A93FF163,CV Kebun 5067,P-6E74CB,Herbisida Bom Up 520 SL Kemasan 5 Liter - Pembasmi Gulma dari Akar ke Daun,General,1,275062.0,IDR
ORD-F9CDE753,2026-05-18,C-A779A026,Distributor Bibit 2926,P-5A9662,ROUNDUP 486 SL (4 Liter) - Herbisida Sistemik Glifosat Tuntas,Racun,2,381274.0,IDR
ORD-0C050744,2026-05-19,C-C8E1DB8D,Gapoktan 7005,P-41049F,Herbisida Metsulindo 20 WP Ukuran 250gr - Efektif kendalikan Gulma Muda,General,2,46459.0,IDR
ORD-0D059888,2026-05-19,C-BF25DE14,Toko Pupuk 5940,P-9E50B8,Herbasida Marxone 300 SL Kemasan 5 Liter - Parakuat Pembasmi Rumput Liar,Pupuk,1,264715.0,IDR
ORD-18D83CBB,2026-05-19,C-5BB4384D,Gapoktan 6549,P-E4C339,Herbisida Centatop 288 SL Kemasan 5 Liter - Herbisida Kontak Parakuat Pembasmi Gulma Cepat,General,1,251964.0,IDR
ORD-1D713BD7,2026-05-19,C-641105B9,Koperasi Hijau 5177,P-6E74CB,Herbisida Bom Up 520 SL Kemasan 5 Liter - Pembasmi Gulma dari Akar ke Daun,General,2,275062.0,IDR
ORD-2C9BCB3E,2026-05-19,C-B71D9E64,Toko Pupuk 4620,P-97F3A1,Herbisida Bom Up 520 SL Kemasan 1 Liter - Pembasmi Gulma dari Akar ke Daun,General,1,61811.0,IDR
ORD-30118CD1,2026-05-19,C-75110F11,Koperasi Hijau 1241,P-E4C339,Herbisida Centatop 288 SL Kemasan 5 Liter - Herbisida Kontak Parakuat Pembasmi Gulma Cepat,General,1,249469.0,IDR
ORD-3E04F279,2026-05-19,C-8E4D74BA,UD Agro 2826,P-97F3A1,Herbisida Bom Up 520 SL Kemasan 1 Liter - Pembasmi Gulma dari Akar ke Daun,General,1,61811.0,IDR
ORD-45F62C50,2026-05-19,C-300D24A9,Koperasi Hijau 2721,P-2D0BC8,Herbisida Gramoxone 276 SL Kemasan 5 Liter - Parakuat Pembasmi Rumput Liar,General,1,366629.0,IDR
ORD-4ED9D217,2026-05-19,C-A7B6052F,Usaha Kebun 9951,P-41049F,Herbisida Metsulindo 20 WP Ukuran 250gr - Efektif kendalikan Gulma Muda,General,3,46459.0,IDR
ORD-6451A332,2026-05-19,C-348A25E9,Koperasi Hijau 9905,P-6E74CB,Herbisida Bom Up 520 SL Kemasan 5 Liter - Pembasmi Gulma dari Akar ke Daun,General,4,275062.0,IDR
ORD-69F89EFC,2026-05-19,C-C912BACE,Distributor Bibit 5886,P-E4C339,Herbisida Centatop 288 SL Kemasan 5 Liter - Herbisida Kontak Parakuat Pembasmi Gulma Cepat,General,1,249469.0,IDR
ORD-781AD7A1,2026-05-19,C-470D1EAB,CV Kebun 2155,P-385FCB,Herbisida Gramoxone 276 SL Kemasan 1 Liter - Parakuat Pembasmi Rumput Liar,General,1,78274.0,IDR
ORD-786B2B08,2026-05-19,C-9A4D90EA,UD Agro 6634,P-3E8E64,Herbisida Bablass 490 SL Kemasan 20 Liter - Pembasmi Gulma dari Akar ke Daun,General,1,1149884.0,IDR
ORD-847A3DAE,2026-05-19,C-D0C38A96,Distributor Bibit 9926,P-385FCB,Herbisida Gramoxone 276 SL Kemasan 1 Liter - Parakuat Pembasmi Rumput Liar,General,5,79057.0,IDR
ORD-84BCAC56,2026-05-19,C-BE98BE72,UD Agro 9266,P-B2BB93,Benih Sawit Topaz 1-3 Seri 4 (100 butir),Benih,6,950000.0,IDR
ORD-882A8D75,2026-05-19,C-AB98FF43,CV Kebun 2755,P-97F3A1,Herbisida Bom Up 520 SL Kemasan 1 Liter - Pembasmi Gulma dari Akar ke Daun,General,1,65649.0,IDR
ORD-8BA9D0D1,2026-05-19,C-AED63EC7,Usaha Kebun 6359,P-41049F,Herbisida Metsulindo 20 WP Ukuran 250gr - Efektif kendalikan Gulma Muda,General,1,46459.0,IDR
ORD-8EFC326B,2026-05-19,C-07A77223,CV Kebun 3243,P-6E74CB,Herbisida Bom Up 520 SL Kemasan 5 Liter - Pembasmi Gulma dari Akar ke Daun,General,1,277813.0,IDR
ORD-8FE3A07B,2026-05-19,C-F69BE92E,Distributor Bibit 5910,P-E4C339,Herbisida Centatop 288 SL Kemasan 5 Liter - Herbisida Kontak Parakuat Pembasmi Gulma Cepat,General,1,251964.0,IDR
ORD-9A55E769,2026-05-19,C-2A1C0A20,Mitra Tani 8672,P-41049F,Herbisida Metsulindo 20 WP Ukuran 250gr - Efektif kendalikan Gulma Muda,General,1,46924.0,IDR
ORD-B19C6CE0,2026-05-19,C-86FF5005,Gapoktan 3109,P-6E74CB,Herbisida Bom Up 520 SL Kemasan 5 Liter - Pembasmi Gulma dari Akar ke Daun,General,1,277813.0,IDR
ORD-C731E0EC,2026-05-19,C-ED9F1BE8,Mitra Tani 6560,P-6E74CB,Herbisida Bom Up 520 SL Kemasan 5 Liter - Pembasmi Gulma dari Akar ke Daun,General,1,277813.0,IDR
ORD-CD28B466,2026-05-19,C-FBE8EA4E,Distributor Bibit 9550,P-10ABDD,Herbisida Gramoxone 276 SL Kemasan 20 Liter - Parakuat Pembasmi Rumput Liar,General,2,1233209.0,IDR
ORD-D874CE9E,2026-05-19,C-B776F2CF,Usaha Kebun 8935,P-6E74CB,Herbisida Bom Up 520 SL Kemasan 5 Liter - Pembasmi Gulma dari Akar ke Daun,General,1,275062.0,IDR
ORD-DAF434D6,2026-05-19,C-80A71C14,Toko Pupuk 2348,P-97F3A1,Herbisida Bom Up 520 SL Kemasan 1 Liter - Pembasmi Gulma dari Akar ke Daun,General,2,61811.0,IDR
ORD-E0AAAD7F,2026-05-19,C-7B322440,Mitra Tani 7648,P-E4C339,Herbisida Centatop 288 SL Kemasan 5 Liter - Herbisida Kontak Parakuat Pembasmi Gulma Cepat,General,1,249469.0,IDR
ORD-EF37C060,2026-05-19,C-C16E393C,Toko Pupuk 7300,P-2D0BC8,Herbisida Gramoxone 276 SL Kemasan 5 Liter - Parakuat Pembasmi Rumput Liar,General,1,366629.0,IDR
ORD-F055F418,2026-05-19,C-E24C96DC,Toko Pupuk 3172,P-05FE0B,Herbasida Garlon 670 EC Kemasan 100ml - Pembasmi Gulma Berkayu,Racun,1,46964.0,IDR
ORD-0341CCAE,2026-05-20,C-318B2867,Usaha Kebun 9431,P-A1BDE2,Herbisida Bablass 490 SL Kemasan 1 Liter - Pembasmi Gulma dari Akar ke Daun,General,5,66305.0,IDR
ORD-088D1788,2026-05-20,C-529FFC3E,Distributor Bibit 1510,P-6E74CB,Herbisida Bom Up 520 SL Kemasan 5 Liter - Pembasmi Gulma dari Akar ke Daun,General,1,277813.0,IDR
ORD-09024167,2026-05-20,C-9720D9AB,CV Kebun 6491,P-41049F,Herbisida Metsulindo 20 WP Ukuran 250gr - Efektif kendalikan Gulma Muda,General,6,46924.0,IDR
ORD-2DDC0E3A,2026-05-20,C-C13FF881,Koperasi Hijau 9073,P-05FE0B,Herbasida Garlon 670 EC Kemasan 100ml - Pembasmi Gulma Berkayu,Racun,1,47434.0,IDR
ORD-30480221,2026-05-20,C-6022EBD3,CV Kebun 3331,P-6E74CB,Herbisida Bom Up 520 SL Kemasan 5 Liter - Pembasmi Gulma dari Akar ke Daun,General,1,277813.0,IDR
ORD-3840C327,2026-05-20,C-E4CE2ED2,UD Agro 2650,P-41049F,Herbisida Metsulindo 20 WP Ukuran 250gr - Efektif kendalikan Gulma Muda,General,1,46924.0,IDR
ORD-3B16EE18,2026-05-20,C-ECFAE8B9,Koperasi Hijau 9553,P-0E5ABA,"Pupuk NPK YaraMila UNIK 16-16-16 (50kg) - Pupuk Dasar & Pemeliharaan, Kuatkan Akar dan Hasil",Pupuk,1,1003267.0,IDR
ORD-413EA5FF,2026-05-20,C-E3BD9115,Gapoktan 1477,P-516722,ROUNDUP 486 SL (1 Liter) - Herbisida Sistemik Glifosat Tuntas,General,1,93848.0,IDR
ORD-54E2B1C4,2026-05-20,C-954867D0,Mitra Tani 4352,P-BEDEAF,Herbisida Bablass 490 SL Kemasan 5 Liter - Pembasmi Gulma dari Akar ke Daun,General,1,328981.0,IDR
ORD-58B601DC,2026-05-20,C-D2D7288B,CV Kebun 1979,P-41049F,Herbisida Metsulindo 20 WP Ukuran 250gr - Efektif kendalikan Gulma Muda,General,1,46924.0,IDR
ORD-686D4643,2026-05-20,C-5CB9F579,Koperasi Hijau 5873,P-6E74CB,Herbisida Bom Up 520 SL Kemasan 5 Liter - Pembasmi Gulma dari Akar ke Daun,General,1,277813.0,IDR
ORD-83FAF7B0,2026-05-20,C-DB05A077,Usaha Kebun 6063,P-28A54F,Turmadan 328 SL 1 Liter - Herbisida Parakuat Pembasmi Gulma Super Cepat,Racun,10,76506.0,IDR
ORD-87538A21,2026-05-20,C-D6BAA0D8,Mitra Tani 9096,P-05FE0B,Herbasida Garlon 670 EC Kemasan 100ml - Pembasmi Gulma Berkayu,Racun,1,47434.0,IDR
ORD-95E60727,2026-05-20,C-FA87AF35,Gapoktan 8213,P-BC1FE5,MOP/KCL Canada Cap Mahkota 50kg,Pupuk Grosir,180,437325.0,IDR
ORD-9B2B85CD,2026-05-20,C-E7B6FDD8,Mitra Tani 7432,P-9E50B8,Herbasida Marxone 300 SL Kemasan 5 Liter - Parakuat Pembasmi Rumput Liar,Pupuk,1,264715.0,IDR
ORD-AF464935,2026-05-20,C-E3B1BBDC,Toko Pupuk 8996,P-6E74CB,Herbisida Bom Up 520 SL Kemasan 5 Liter - Pembasmi Gulma dari Akar ke Daun,General,3,277813.0,IDR
ORD-BC2757F3,2026-05-20,C-5A84E860,Mitra Tani 9680,P-ADBBD0,RP Cap Daun 50Kg,Khusus Petani,20,130968.0,IDR
ORD-C5186D14,2026-05-20,C-FA6E4514,Toko Pupuk 7644,P-6E74CB,Herbisida Bom Up 520 SL Kemasan 5 Liter - Pembasmi Gulma dari Akar ke Daun,General,1,277813.0,IDR
ORD-C9BC0DE1,2026-05-20,C-1DCB4F7E,Distributor Bibit 4422,P-9E50B8,Herbasida Marxone 300 SL Kemasan 5 Liter - Parakuat Pembasmi Rumput Liar,Pupuk,1,264715.0,IDR
ORD-D2158200,2026-05-20,C-1F75B937,Usaha Kebun 4823,P-6E74CB,Herbisida Bom Up 520 SL Kemasan 5 Liter - Pembasmi Gulma dari Akar ke Daun,General,1,277813.0,IDR
ORD-E610E8F8,2026-05-20,C-44A97AF6,Distributor Bibit 3750,P-05FE0B,Herbasida Garlon 670 EC Kemasan 100ml - Pembasmi Gulma Berkayu,Racun,2,47434.0,IDR
ORD-EDACDAF1,2026-05-20,C-40C86B53,CV Kebun 1499,P-101D4A,Triester 670 EC 100 ml - Herbisida Khusus Pembasmi Semak & Gulma Berkayu,Racun,3,36213.0,IDR
ORD-FB07511E,2026-05-20,C-4AD3F560,Mitra Tani 4896,P-6E74CB,Herbisida Bom Up 520 SL Kemasan 5 Liter - Pembasmi Gulma dari Akar ke Daun,General,2,277813.0,IDR
ORD-0232D057,2026-05-21,C-6B791D05,Gapoktan 4397,P-6E74CB,Herbisida Bom Up 520 SL Kemasan 5 Liter - Pembasmi Gulma dari Akar ke Daun,General,2,277813.0,IDR
ORD-0E3BC1E3,2026-05-21,C-96C32665,Gapoktan 3749,P-385FCB,Herbisida Gramoxone 276 SL Kemasan 1 Liter - Parakuat Pembasmi Rumput Liar,General,1,79057.0,IDR
ORD-0EC67BC9,2026-05-21,C-7CC14513,CV Kebun 1915,P-6E74CB,Herbisida Bom Up 520 SL Kemasan 5 Liter - Pembasmi Gulma dari Akar ke Daun,General,1,277813.0,IDR
ORD-13000EE6,2026-05-21,C-8769B406,Distributor Bibit 9526,P-FCD235,Herbasida Garlon 670 EC Kemasan 1 Liter - Pembasmi Gulma Berkayu,General,1,383557.0,IDR
ORD-255405EF,2026-05-21,C-5BEEE74A,UD Agro 9434,P-BEDEAF,Herbisida Bablass 490 SL Kemasan 5 Liter - Pembasmi Gulma dari Akar ke Daun,General,1,328981.0,IDR
ORD-5AF85EBB,2026-05-21,C-42FC715D,Gapoktan 2349,P-BEDEAF,Herbisida Bablass 490 SL Kemasan 5 Liter - Pembasmi Gulma dari Akar ke Daun,General,1,328981.0,IDR
ORD-6706AD7B,2026-05-21,C-AF78B10B,CV Kebun 5443,P-F3E4E3,Herbisida Supretox 276 SL Kemasan 20 Liter - Herbisida Supretox 276 SL 20 Liter - Racun Rumput Parakuat Pembasmi Gulma Cepat Untuk Sawit,Racun,1,987966.0,IDR
ORD-68D40C58,2026-05-21,C-8814B7F4,Toko Pupuk 3188,P-6E74CB,Herbisida Bom Up 520 SL Kemasan 5 Liter - Pembasmi Gulma dari Akar ke Daun,General,3,277813.0,IDR
ORD-70EA9697,2026-05-21,C-3D11103F,Usaha Kebun 5447,P-6E74CB,Herbisida Bom Up 520 SL Kemasan 5 Liter - Pembasmi Gulma dari Akar ke Daun,General,1,277813.0,IDR
ORD-71AC57EE,2026-05-21,C-968E8D3A,UD Agro 3666,P-41049F,Herbisida Metsulindo 20 WP Ukuran 250gr - Efektif kendalikan Gulma Muda,General,20,46924.0,IDR
ORD-8554E758,2026-05-21,C-DEBE6E09,Koperasi Hijau 6961,P-FCD235,Herbasida Garlon 670 EC Kemasan 1 Liter - Pembasmi Gulma Berkayu,General,1,383557.0,IDR
ORD-86016B49,2026-05-21,C-156AC25C,Toko Pupuk 3108,P-05FE0B,Herbasida Garlon 670 EC Kemasan 100ml - Pembasmi Gulma Berkayu,Racun,1,47434.0,IDR
ORD-8E9FB819,2026-05-21,C-83F936F1,Koperasi Hijau 4825,P-385FCB,Herbisida Gramoxone 276 SL Kemasan 1 Liter - Parakuat Pembasmi Rumput Liar,General,1,79057.0,IDR
ORD-99217C6F,2026-05-21,C-596460CB,CV Kebun 9603,P-6E74CB,Herbisida Bom Up 520 SL Kemasan 5 Liter - Pembasmi Gulma dari Akar ke Daun,General,1,277813.0,IDR
ORD-A7E97640,2026-05-21,C-DC69EE41,Koperasi Hijau 1793,P-F3E4E3,Herbisida Supretox 276 SL Kemasan 20 Liter - Herbisida Supretox 276 SL 20 Liter - Racun Rumput Parakuat Pembasmi Gulma Cepat Untuk Sawit,Racun,1,987966.0,IDR
ORD-B61CB646,2026-05-21,C-BAF88232,UD Agro 7434,P-6E74CB,Herbisida Bom Up 520 SL Kemasan 5 Liter - Pembasmi Gulma dari Akar ke Daun,General,1,277813.0,IDR
ORD-C8302E3D,2026-05-21,C-8F780586,Distributor Bibit 3622,P-6E74CB,Herbisida Bom Up 520 SL Kemasan 5 Liter - Pembasmi Gulma dari Akar ke Daun,General,1,277813.0,IDR
ORD-CA045636,2026-05-21,C-54D48EDA,UD Agro 2346,P-6E74CB,Herbisida Bom Up 520 SL Kemasan 5 Liter - Pembasmi Gulma dari Akar ke Daun,General,1,277813.0,IDR
ORD-CCADEC2A,2026-05-21,C-B83BFA03,CV Kebun 6371,P-C15400,Smart 486 SL Kemasan 4 Liter - Glifosat Sistemik Pembasmi Gulma Kuat,Racun,4,290727.0,IDR
ORD-D3812A7A,2026-05-21,C-DC69EE41,Koperasi Hijau 1793,P-F3E4E3,Herbisida Supretox 276 SL Kemasan 20 Liter - Herbisida Supretox 276 SL 20 Liter - Racun Rumput Parakuat Pembasmi Gulma Cepat Untuk Sawit,Racun,2,987966.0,IDR
ORD-D9849E3D,2026-05-21,C-AB0D25ED,Gapoktan 8613,P-6E74CB,Herbisida Bom Up 520 SL Kemasan 5 Liter - Pembasmi Gulma dari Akar ke Daun,General,1,277813.0,IDR
ORD-DC2DD528,2026-05-21,C-DC69EE41,Koperasi Hijau 1793,P-F3E4E3,Herbisida Supretox 276 SL Kemasan 20 Liter - Herbisida Supretox 276 SL 20 Liter - Racun Rumput Parakuat Pembasmi Gulma Cepat Untuk Sawit,Racun,1,987966.0,IDR
ORD-DF5038ED,2026-05-21,C-FD5A0209,Koperasi Hijau 6409,P-385FCB,Herbisida Gramoxone 276 SL Kemasan 1 Liter - Parakuat Pembasmi Rumput Liar,General,1,79057.0,IDR
ORD-F0BC74D5,2026-05-21,C-F86C9C1B,CV Kebun 4419,P-41049F,Herbisida Metsulindo 20 WP Ukuran 250gr - Efektif kendalikan Gulma Muda,General,1,46924.0,IDR
ORD-FC6AB026,2026-05-21,C-6E8936B7,Usaha Kebun 1199,P-41049F,Herbisida Metsulindo 20 WP Ukuran 250gr - Efektif kendalikan Gulma Muda,General,7,46924.0,IDR
ORD-1CC314F2,2026-05-22,C-021144D9,Koperasi Hijau 1169,P-B2BB93,Benih Sawit Topaz 1-3 Seri 4 (100 butir),Benih,30,950000.0,IDR
ORD-57222F39,2026-05-22,C-F53900F9,Koperasi Hijau 2721,P-41049F,Herbisida Metsulindo 20 WP Ukuran 250gr - Efektif kendalikan Gulma Muda,General,1,50494.0,IDR
ORD-6B20F590,2026-05-22,C-165524E2,UD Agro 9754,P-F3E4E3,Herbisida Supretox 276 SL Kemasan 20 Liter - Herbisida Supretox 276 SL 20 Liter - Racun Rumput Parakuat Pembasmi Gulma Cepat Untuk Sawit,Racun,4,987966.0,IDR
ORD-7C60C81D,2026-05-22,C-A19C0575,Gapoktan 8789,P-6E74CB,Herbisida Bom Up 520 SL Kemasan 5 Liter - Pembasmi Gulma dari Akar ke Daun,General,1,277813.0,IDR
ORD-7F375B9F,2026-05-22,C-8B91F234,Toko Pupuk 5748,P-6E74CB,Herbisida Bom Up 520 SL Kemasan 5 Liter - Pembasmi Gulma dari Akar ke Daun,General,1,277813.0,IDR
ORD-892750BC,2026-05-22,C-CE8E3385,Gapoktan 3797,P-DDA2C3,"Pupuk Meroke Korn-Kali B (KKB) 50kg - Kalium, Magnesium & Sulfur Terbaik",Pupuk,1,627360.0,IDR
ORD-8B24D9A4,2026-05-22,C-0F13C1CD,Gapoktan 9037,P-6E74CB,Herbisida Bom Up 520 SL Kemasan 5 Liter - Pembasmi Gulma dari Akar ke Daun,General,1,277813.0,IDR
ORD-A7211AA8,2026-05-22,C-552A9355,Gapoktan 5589,P-6E74CB,Herbisida Bom Up 520 SL Kemasan 5 Liter - Pembasmi Gulma dari Akar ke Daun,General,1,277813.0,IDR
ORD-B107B06D,2026-05-22,C-A7549C71,Koperasi Hijau 7145,P-6E74CB,Herbisida Bom Up 520 SL Kemasan 5 Liter - Pembasmi Gulma dari Akar ke Daun,General,1,277813.0,IDR
ORD-E2CA6DF1,2026-05-22,C-6438A651,Koperasi Hijau 1193,P-6E74CB,Herbisida Bom Up 520 SL Kemasan 5 Liter - Pembasmi Gulma dari Akar ke Daun,General,1,277813.0,IDR
ORD-E8B4D23D,2026-05-22,C-48E6F1E1,Koperasi Hijau 4753,P-41049F,Herbisida Metsulindo 20 WP Ukuran 250gr - Efektif kendalikan Gulma Muda,General,1,46924.0,IDR
ORD-F7722584,2026-05-22,C-12E90D9D,Gapoktan 5261,P-6E74CB,Herbisida Bom Up 520 SL Kemasan 5 Liter - Pembasmi Gulma dari Akar ke Daun,General,1,277813.0,IDR
ORD-F806325C,2026-05-22,C-423ABD27,Usaha Kebun 6767,P-ADBBD0,RP Cap Daun 50Kg,Pupuk,5,136425.0,IDR
ORD-1702D807,2026-05-23,C-2BFBDEA0,Mitra Tani 8816,P-2D0BC8,Herbisida Gramoxone 276 SL Kemasan 5 Liter - Parakuat Pembasmi Rumput Liar,General,1,370295.0,IDR
ORD-4C8CC167,2026-05-23,C-BFAA7846,Distributor Bibit 2166,P-10ABDD,Herbisida Gramoxone 276 SL Kemasan 20 Liter - Parakuat Pembasmi Rumput Liar,General,1,1245541.0,IDR
ORD-6531F128,2026-05-23,C-4FB299CA,UD Agro 2842,P-97F3A1,Herbisida Bom Up 520 SL Kemasan 1 Liter - Pembasmi Gulma dari Akar ke Daun,General,1,66305.0,IDR
ORD-D5C113C2,2026-05-23,C-76E03BD5,Gapoktan 7869,P-6E74CB,Herbisida Bom Up 520 SL Kemasan 5 Liter - Pembasmi Gulma dari Akar ke Daun,General,1,277813.0,IDR
ORD-E431805E,2026-05-23,C-97303015,Gapoktan 3653,P-97F3A1,Herbisida Bom Up 520 SL Kemasan 1 Liter - Pembasmi Gulma dari Akar ke Daun,General,1,66305.0,IDR
ORD-0279EDD4,2026-05-24,C-F10B9960,Mitra Tani 1216,P-BEDEAF,Herbisida Bablass 490 SL Kemasan 5 Liter - Pembasmi Gulma dari Akar ke Daun,General,1,328981.0,IDR
ORD-02BABC1A,2026-05-24,C-BB0FADDC,Toko Pupuk 4940,P-6E74CB,Herbisida Bom Up 520 SL Kemasan 5 Liter - Pembasmi Gulma dari Akar ke Daun,General,4,277813.0,IDR
ORD-03B79192,2026-05-24,C-2F78199C,Toko Pupuk 9028,P-6E74CB,Herbisida Bom Up 520 SL Kemasan 5 Liter - Pembasmi Gulma dari Akar ke Daun,General,1,277813.0,IDR
ORD-0D1723B7,2026-05-24,C-FE16B915,Gapoktan 8037,P-DDA2C3,"Pupuk Meroke Korn-Kali B (KKB) 50kg - Kalium, Magnesium & Sulfur Terbaik",Pupuk,1,627360.0,IDR
ORD-164C32CE,2026-05-24,C-86C47FBC,Toko Pupuk 9700,P-A1BDE2,Herbisida Bablass 490 SL Kemasan 1 Liter - Pembasmi Gulma dari Akar ke Daun,General,20,66305.0,IDR
ORD-251438D1,2026-05-24,C-8677B3EE,Distributor Bibit 7790,P-6E74CB,Herbisida Bom Up 520 SL Kemasan 5 Liter - Pembasmi Gulma dari Akar ke Daun,General,2,277813.0,IDR
ORD-32D4E6B5,2026-05-24,C-192A374A,UD Agro 8066,P-28A54F,Turmadan 328 SL 1 Liter - Herbisida Parakuat Pembasmi Gulma Super Cepat,Racun,3,76506.0,IDR
ORD-537E45C8,2026-05-24,C-B3192805,Gapoktan 4309,P-6E74CB,Herbisida Bom Up 520 SL Kemasan 5 Liter - Pembasmi Gulma dari Akar ke Daun,General,2,277813.0,IDR
ORD-53F8F6E2,2026-05-24,C-B2D89E16,Distributor Bibit 4694,P-F07128,Bablass 490 SL - 5 Liter,Racun,20,285993.0,IDR
ORD-857192D2,2026-05-24,C-59D9A7FD,Gapoktan 9541,P-6E74CB,Herbisida Bom Up 520 SL Kemasan 5 Liter - Pembasmi Gulma dari Akar ke Daun,General,1,277813.0,IDR
ORD-8DA75E68,2026-05-24,C-BCCE8D29,Koperasi Hijau 5161,P-6E74CB,Herbisida Bom Up 520 SL Kemasan 5 Liter - Pembasmi Gulma dari Akar ke Daun,General,4,277813.0,IDR
ORD-9959C656,2026-05-24,C-B095E3DC,Toko Pupuk 3212,P-9E50B8,Herbasida Marxone 300 SL Kemasan 5 Liter - Parakuat Pembasmi Rumput Liar,Pupuk,4,264715.0,IDR
ORD-A56B0208,2026-05-24,C-24D62B6A,UD Agro 4594,P-6E74CB,Herbisida Bom Up 520 SL Kemasan 5 Liter - Pembasmi Gulma dari Akar ke Daun,General,1,277813.0,IDR
ORD-AB094845,2026-05-24,C-11B9F467,Usaha Kebun 4399,P-6E74CB,Herbisida Bom Up 520 SL Kemasan 5 Liter - Pembasmi Gulma dari Akar ke Daun,General,2,277813.0,IDR
ORD-C08B7243,2026-05-24,C-CD8BC495,Gapoktan 5109,P-6E74CB,Herbisida Bom Up 520 SL Kemasan 5 Liter - Pembasmi Gulma dari Akar ke Daun,General,1,277813.0,IDR
ORD-D5A61309,2026-05-24,C-BD923EB6,Distributor Bibit 5134,P-6E74CB,Herbisida Bom Up 520 SL Kemasan 5 Liter - Pembasmi Gulma dari Akar ke Daun,General,1,277813.0,IDR
ORD-FED3149F,2026-05-24,C-0F5893D2,UD Agro 1250,P-9E50B8,Herbasida Marxone 300 SL Kemasan 5 Liter - Parakuat Pembasmi Rumput Liar,Pupuk,1,264715.0,IDR
ORD-FFD2F825,2026-05-24,C-B56B51EE,Distributor Bibit 9422,P-41049F,Herbisida Metsulindo 20 WP Ukuran 250gr - Efektif kendalikan Gulma Muda,General,7,46924.0,IDR
ORD-057757F7,2026-05-25,C-BFACEDA1,Koperasi Hijau 1281,P-BEDEAF,Herbisida Bablass 490 SL Kemasan 5 Liter - Pembasmi Gulma dari Akar ke Daun,General,2,328981.0,IDR
ORD-0624F3BB,2026-05-25,C-D75EE091,Koperasi Hijau 9313,P-9E50B8,Herbasida Marxone 300 SL Kemasan 5 Liter - Parakuat Pembasmi Rumput Liar,Pupuk,1,264715.0,IDR
ORD-07E93BF2,2026-05-25,C-14D2D37D,Gapoktan 9021,P-6E74CB,Herbisida Bom Up 520 SL Kemasan 5 Liter - Pembasmi Gulma dari Akar ke Daun,General,1,277813.0,IDR
ORD-25653C7D,2026-05-25,C-33E09466,Distributor Bibit 3070,P-6E74CB,Herbisida Bom Up 520 SL Kemasan 5 Liter - Pembasmi Gulma dari Akar ke Daun,General,2,277813.0,IDR
ORD-31220648,2026-05-25,C-86AE7432,UD Agro 4954,P-41049F,Herbisida Metsulindo 20 WP Ukuran 250gr - Efektif kendalikan Gulma Muda,General,1,46924.0,IDR
ORD-33450CFA,2026-05-25,C-87443BDC,Toko Pupuk 1932,P-6E74CB,Herbisida Bom Up 520 SL Kemasan 5 Liter - Pembasmi Gulma dari Akar ke Daun,General,1,277813.0,IDR
ORD-53DE6F8C,2026-05-25,C-78CB53EB,CV Kebun 8211,P-41049F,Herbisida Metsulindo 20 WP Ukuran 250gr - Efektif kendalikan Gulma Muda,General,12,46924.0,IDR
ORD-6CC259E5,2026-05-25,C-0793D4CA,UD Agro 4778,P-6E74CB,Herbisida Bom Up 520 SL Kemasan 5 Liter - Pembasmi Gulma dari Akar ke Daun,General,4,277813.0,IDR
ORD-6DAEB4B6,2026-05-25,C-17C7B45B,CV Kebun 3803,P-6E74CB,Herbisida Bom Up 520 SL Kemasan 5 Liter - Pembasmi Gulma dari Akar ke Daun,General,1,277813.0,IDR
ORD-6FB66633,2026-05-25,C-39ADAB39,Koperasi Hijau 3873,P-41049F,Herbisida Metsulindo 20 WP Ukuran 250gr - Efektif kendalikan Gulma Muda,General,1,46924.0,IDR
ORD-6FB66633,2026-05-25,C-39ADAB39,Koperasi Hijau 3873,P-6E74CB,Herbisida Bom Up 520 SL Kemasan 5 Liter - Pembasmi Gulma dari Akar ke Daun,General,1,277813.0,IDR
ORD-7229D139,2026-05-25,C-81C0DA55,Gapoktan 7669,P-41049F,Herbisida Metsulindo 20 WP Ukuran 250gr - Efektif kendalikan Gulma Muda,General,1,46924.0,IDR
ORD-8052B369,2026-05-25,C-4E6B5899,Koperasi Hijau 2881,P-F07128,Bablass 490 SL - 5 Liter,Racun,40,285993.0,IDR
ORD-A0C87857,2026-05-25,C-581F31D5,Gapoktan 1381,P-BEDEAF,Herbisida Bablass 490 SL Kemasan 5 Liter - Pembasmi Gulma dari Akar ke Daun,General,1,328981.0,IDR
ORD-A1C015DC,2026-05-25,C-62349A7E,Distributor Bibit 3590,P-F3E4E3,Herbisida Supretox 276 SL Kemasan 20 Liter - Herbisida Supretox 276 SL 20 Liter - Racun Rumput Parakuat Pembasmi Gulma Cepat Untuk Sawit,Racun,1,987966.0,IDR
ORD-A947FA55,2026-05-25,C-2E9981E7,Usaha Kebun 1199,P-ADBBD0,RP Cap Daun 50Kg,Khusus Petani,25,128520.0,IDR
ORD-AEDC09D2,2026-05-25,C-48E6F1E1,Koperasi Hijau 4753,P-41049F,Herbisida Metsulindo 20 WP Ukuran 250gr - Efektif kendalikan Gulma Muda,General,1,46924.0,IDR
ORD-BC29299F,2026-05-25,C-5B39789F,Usaha Kebun 8087,P-2D0BC8,Herbisida Gramoxone 276 SL Kemasan 5 Liter - Parakuat Pembasmi Rumput Liar,General,1,370295.0,IDR
ORD-BFCEA412,2026-05-25,C-3C35BB66,Distributor Bibit 4342,P-6E74CB,Herbisida Bom Up 520 SL Kemasan 5 Liter - Pembasmi Gulma dari Akar ke Daun,General,1,277813.0,IDR
ORD-C2BD5D87,2026-05-25,C-42B508B1,Koperasi Hijau 2497,P-6E74CB,Herbisida Bom Up 520 SL Kemasan 5 Liter - Pembasmi Gulma dari Akar ke Daun,General,1,277813.0,IDR
ORD-C30712A0,2026-05-25,C-4C64AFFE,Distributor Bibit 5070,P-BC1FE5,MOP/KCL Canada Cap Mahkota 50kg,Toling,70,437325.0,IDR
ORD-C3D1842C,2026-05-25,C-39C9E7E0,Mitra Tani 9408,P-41049F,Herbisida Metsulindo 20 WP Ukuran 250gr - Efektif kendalikan Gulma Muda,General,10,46924.0,IDR
ORD-D036B067,2026-05-25,C-0A535B32,UD Agro 3994,P-2D0BC8,Herbisida Gramoxone 276 SL Kemasan 5 Liter - Parakuat Pembasmi Rumput Liar,General,1,370295.0,IDR
ORD-D075DBD3,2026-05-25,C-318357F4,Toko Pupuk 1316,P-6E74CB,Herbisida Bom Up 520 SL Kemasan 5 Liter - Pembasmi Gulma dari Akar ke Daun,General,2,277813.0,IDR
ORD-E4E9B71E,2026-05-25,C-4119E67C,Toko Pupuk 4444,P-6E74CB,Herbisida Bom Up 520 SL Kemasan 5 Liter - Pembasmi Gulma dari Akar ke Daun,General,2,277813.0,IDR
ORD-EEF773B1,2026-05-25,C-3ADBAF49,Koperasi Hijau 5785,P-6E74CB,Herbisida Bom Up 520 SL Kemasan 5 Liter - Pembasmi Gulma dari Akar ke Daun,General,1,277813.0,IDR
ORD-F66D3190,2026-05-25,C-AAE00E2C,Toko Pupuk 5412,P-A1BDE2,Herbisida Bablass 490 SL Kemasan 1 Liter - Pembasmi Gulma dari Akar ke Daun,General,1,66305.0,IDR
ORD-02C550B2,2026-05-26,C-FEF5EA13,CV Kebun 1107,P-05FE0B,Herbasida Garlon 670 EC Kemasan 100ml - Pembasmi Gulma Berkayu,Racun,1,47434.0,IDR
ORD-30DDDCF8,2026-05-26,C-15DEFCE6,Distributor Bibit 6270,P-FCD235,Herbasida Garlon 670 EC Kemasan 1 Liter - Pembasmi Gulma Berkayu,General,1,331499.0,IDR
ORD-4C994E4D,2026-05-26,C-C9CD647E,Distributor Bibit 8022,P-B2BB93,Benih Sawit Topaz 1-3 Seri 4 (100 butir),Benih,5,950000.0,IDR
ORD-58BAB00C,2026-05-26,C-2F69EA1A,UD Agro 6362,P-385FCB,Herbisida Gramoxone 276 SL Kemasan 1 Liter - Parakuat Pembasmi Rumput Liar,General,1,79057.0,IDR
ORD-5F4FB473,2026-05-26,C-672F923C,Toko Pupuk 3876,P-BEDEAF,Herbisida Bablass 490 SL Kemasan 5 Liter - Pembasmi Gulma dari Akar ke Daun,General,1,328981.0,IDR
ORD-6051100E,2026-05-26,C-BF7B73D3,CV Kebun 7835,P-97F3A1,Herbisida Bom Up 520 SL Kemasan 1 Liter - Pembasmi Gulma dari Akar ke Daun,General,1,61499.0,IDR
ORD-73BB9755,2026-05-26,C-BFB91B7F,Usaha Kebun 7455,P-BEDEAF,Herbisida Bablass 490 SL Kemasan 5 Liter - Pembasmi Gulma dari Akar ke Daun,General,1,328981.0,IDR
ORD-7B6E22E6,2026-05-26,C-6457640B,CV Kebun 8843,P-385FCB,Herbisida Gramoxone 276 SL Kemasan 1 Liter - Parakuat Pembasmi Rumput Liar,General,1,79057.0,IDR
ORD-88B1114E,2026-05-26,C-498C250C,Toko Pupuk 4292,P-3E8E64,Herbisida Bablass 490 SL Kemasan 20 Liter - Pembasmi Gulma dari Akar ke Daun,General,1,1161383.0,IDR
ORD-8C588234,2026-05-26,C-EC4636C3,CV Kebun 2515,P-6E74CB,Herbisida Bom Up 520 SL Kemasan 5 Liter - Pembasmi Gulma dari Akar ke Daun,General,1,311999.0,IDR
ORD-8F80A302,2026-05-26,C-9C0A5214,Toko Pupuk 3068,P-6E74CB,Herbisida Bom Up 520 SL Kemasan 5 Liter - Pembasmi Gulma dari Akar ke Daun,General,1,277813.0,IDR
ORD-969E8D53,2026-05-26,C-F9E7145D,Gapoktan 3813,P-97F3A1,Herbisida Bom Up 520 SL Kemasan 1 Liter - Pembasmi Gulma dari Akar ke Daun,General,3,62429.0,IDR
ORD-9EBAA8CA,2026-05-26,C-D0612B1C,Toko Pupuk 6956,P-6E74CB,Herbisida Bom Up 520 SL Kemasan 5 Liter - Pembasmi Gulma dari Akar ke Daun,General,1,277813.0,IDR
ORD-AED919EF,2026-05-26,C-D2EED9FC,Toko Pupuk 6732,P-3E8E64,Herbisida Bablass 490 SL Kemasan 20 Liter - Pembasmi Gulma dari Akar ke Daun,General,1,1161383.0,IDR
ORD-B127D119,2026-05-26,C-9BD07128,Mitra Tani 7936,P-6E74CB,Herbisida Bom Up 520 SL Kemasan 5 Liter - Pembasmi Gulma dari Akar ke Daun,General,1,277813.0,IDR
ORD-C40CA167,2026-05-26,C-CA5BDDFE,Distributor Bibit 3238,P-BEDEAF,Herbisida Bablass 490 SL Kemasan 5 Liter - Pembasmi Gulma dari Akar ke Daun,General,1,328981.0,IDR
ORD-C64F9B86,2026-05-26,C-D2EED9FC,Toko Pupuk 6732,P-BEDEAF,Herbisida Bablass 490 SL Kemasan 5 Liter - Pembasmi Gulma dari Akar ke Daun,General,2,328981.0,IDR
ORD-CBD1A0AF,2026-05-26,C-4D49517E,Distributor Bibit 3622,P-6E74CB,Herbisida Bom Up 520 SL Kemasan 5 Liter - Pembasmi Gulma dari Akar ke Daun,General,1,277813.0,IDR
ORD-D7E93026,2026-05-26,C-ED5DBD3A,UD Agro 6482,P-6E74CB,Herbisida Bom Up 520 SL Kemasan 5 Liter - Pembasmi Gulma dari Akar ke Daun,General,2,277813.0,IDR
ORD-DD146E69,2026-05-26,C-968E8D3A,UD Agro 3666,P-FCD235,Herbasida Garlon 670 EC Kemasan 1 Liter - Pembasmi Gulma Berkayu,General,2,331499.0,IDR
ORD-F561CBDD,2026-05-26,C-1B02A4A0,Mitra Tani 9048,P-6E74CB,Herbisida Bom Up 520 SL Kemasan 5 Liter - Pembasmi Gulma dari Akar ke Daun,General,1,277813.0,IDR
ORD-05DB2DEF,2026-05-27,C-F27A08EC,Toko Pupuk 3948,P-BEDEAF,Herbisida Bablass 490 SL Kemasan 5 Liter - Pembasmi Gulma dari Akar ke Daun,General,1,312499.0,IDR
ORD-0922E093,2026-05-27,C-EEA3FE35,Gapoktan 3853,P-28A54F,Turmadan 328 SL 1 Liter - Herbisida Parakuat Pembasmi Gulma Super Cepat,Racun,10,74999.0,IDR
ORD-09C6B26C,2026-05-27,C-22FAE463,CV Kebun 5811,P-97F3A1,Herbisida Bom Up 520 SL Kemasan 1 Liter - Pembasmi Gulma dari Akar ke Daun,General,1,61499.0,IDR
ORD-0BD15FF4,2026-05-27,C-A0B99873,CV Kebun 1747,P-6E74CB,Herbisida Bom Up 520 SL Kemasan 5 Liter - Pembasmi Gulma dari Akar ke Daun,General,1,311999.0,IDR
ORD-0C4250B3,2026-05-27,C-101A9BFD,Gapoktan 9325,P-9E50B8,Herbasida Marxone 300 SL Kemasan 5 Liter - Parakuat Pembasmi Rumput Liar,Pupuk,1,259499.0,IDR
ORD-1593315C,2026-05-27,C-23306727,Usaha Kebun 2695,P-5A9662,ROUNDUP 486 SL (4 Liter) - Herbisida Sistemik Glifosat Tuntas,Racun,2,388499.0,IDR
ORD-2A85F407,2026-05-27,C-D41D957A,UD Agro 1602,P-5A9662,ROUNDUP 486 SL (4 Liter) - Herbisida Sistemik Glifosat Tuntas,Racun,1,388499.0,IDR
ORD-486CD94E,2026-05-27,C-33E09466,Distributor Bibit 3070,P-BEDEAF,Herbisida Bablass 490 SL Kemasan 5 Liter - Pembasmi Gulma dari Akar ke Daun,General,4,312499.0,IDR
ORD-4B1DC14C,2026-05-27,C-3BB20625,Gapoktan 3725,P-385FCB,Herbisida Gramoxone 276 SL Kemasan 1 Liter - Parakuat Pembasmi Rumput Liar,General,1,78999.0,IDR
ORD-4B1DC14C,2026-05-27,C-3BB20625,Gapoktan 3725,P-D6BB73,Pupuk KCL Canada Cap Mahkota 50kg - Meningkatkan Hasil Panen,Pupuk,1,482499.0,IDR
ORD-5D3B2014,2026-05-27,C-7FEFAE40,Mitra Tani 5144,P-6E74CB,Herbisida Bom Up 520 SL Kemasan 5 Liter - Pembasmi Gulma dari Akar ke Daun,General,1,311999.0,IDR
ORD-9609CC23,2026-05-27,C-D41D957A,UD Agro 1602,P-41049F,Herbisida Metsulindo 20 WP Ukuran 250gr - Efektif kendalikan Gulma Muda,General,1,49499.0,IDR
ORD-9EBBF200,2026-05-27,C-BAA49D25,Gapoktan 8309,P-05FE0B,Herbasida Garlon 670 EC Kemasan 100ml - Pembasmi Gulma Berkayu,Racun,12,43999.0,IDR
ORD-B45D21CF,2026-05-27,C-7C94B9BC,Toko Pupuk 7660,P-BEDEAF,Herbisida Bablass 490 SL Kemasan 5 Liter - Pembasmi Gulma dari Akar ke Daun,General,1,312499.0,IDR
ORD-D128F5B9,2026-05-27,C-7C5D2016,Distributor Bibit 8846,P-41049F,Herbisida Metsulindo 20 WP Ukuran 250gr - Efektif kendalikan Gulma Muda,General,2,49499.0,IDR
ORD-D3D1268E,2026-05-27,C-27D1C153,CV Kebun 6939,P-97F3A1,Herbisida Bom Up 520 SL Kemasan 1 Liter - Pembasmi Gulma dari Akar ke Daun,General,1,61499.0,IDR
ORD-D3F12007,2026-05-27,C-E2BCB1D5,Gapoktan 6109,P-6E74CB,Herbisida Bom Up 520 SL Kemasan 5 Liter - Pembasmi Gulma dari Akar ke Daun,General,1,311999.0,IDR
ORD-E0E3AEED,2026-05-27,C-787E57AB,CV Kebun 2899,P-2D0BC8,Herbisida Gramoxone 276 SL Kemasan 5 Liter - Parakuat Pembasmi Rumput Liar,General,1,375999.0,IDR
ORD-E25CDDFC,2026-05-27,C-84688BEB,CV Kebun 2075,P-385FCB,Herbisida Gramoxone 276 SL Kemasan 1 Liter - Parakuat Pembasmi Rumput Liar,General,1,78999.0,IDR
ORD-08D13223,2026-05-28,C-85AB57DE,Distributor Bibit 6878,P-6E74CB,Herbisida Bom Up 520 SL Kemasan 5 Liter - Pembasmi Gulma dari Akar ke Daun,General,1,311999.0,IDR
ORD-0E679466,2026-05-28,C-84C11AB3,CV Kebun 9795,P-41049F,Herbisida Metsulindo 20 WP Ukuran 250gr - Efektif kendalikan Gulma Muda,General,1,49499.0,IDR
ORD-10E6C827,2026-05-28,C-725A8DAC,Toko Pupuk 8132,P-E4C339,Herbisida Centatop 288 SL Kemasan 5 Liter - Herbisida Kontak Parakuat Pembasmi Gulma Cepat,General,1,251999.0,IDR
ORD-1600FAA2,2026-05-28,C-30324F63,CV Kebun 8491,P-9E50B8,Herbasida Marxone 300 SL Kemasan 5 Liter - Parakuat Pembasmi Rumput Liar,Pupuk,1,259499.0,IDR
ORD-73F82B90,2026-05-28,C-2B6B2E2B,CV Kebun 3459,P-97F3A1,Herbisida Bom Up 520 SL Kemasan 1 Liter - Pembasmi Gulma dari Akar ke Daun,General,2,61499.0,IDR
ORD-890C7344,2026-05-28,C-C4F58200,Mitra Tani 2936,P-2D0BC8,Herbisida Gramoxone 276 SL Kemasan 5 Liter - Parakuat Pembasmi Rumput Liar,General,1,375999.0,IDR
ORD-A55F4840,2026-05-28,C-383FE8A7,Usaha Kebun 9423,P-FCD235,Herbasida Garlon 670 EC Kemasan 1 Liter - Pembasmi Gulma Berkayu,General,1,331499.0,IDR
ORD-C1F69309,2026-05-28,C-D58FDC07,Usaha Kebun 3983,P-BEDEAF,Herbisida Bablass 490 SL Kemasan 5 Liter - Pembasmi Gulma dari Akar ke Daun,General,1,312499.0,IDR
ORD-CE187DA2,2026-05-28,C-D4C94F27,Usaha Kebun 5791,P-8E4F1B,Dokter Sawit WhatsApp Group,Layanan Agronomi,1,100000.0,IDR
ORD-FD205556,2026-05-28,C-59BCA3BE,Distributor Bibit 6910,P-2D0BC8,Herbisida Gramoxone 276 SL Kemasan 5 Liter - Parakuat Pembasmi Rumput Liar,General,2,375999.0,IDR
ORD-10CC9408,2026-05-29,C-525357F2,UD Agro 9714,P-97F3A1,Herbisida Bom Up 520 SL Kemasan 1 Liter - Pembasmi Gulma dari Akar ke Daun,General,1,61499.0,IDR
ORD-3C745FCC,2026-05-29,C-EF3876C8,Mitra Tani 5048,P-28A54F,Turmadan 328 SL 1 Liter - Herbisida Parakuat Pembasmi Gulma Super Cepat,Racun,3,74999.0,IDR
ORD-71ECAA63,2026-05-29,C-547633F5,Gapoktan 1693,P-FCD235,Herbasida Garlon 670 EC Kemasan 1 Liter - Pembasmi Gulma Berkayu,General,2,331499.0,IDR
ORD-8E2B647E,2026-05-29,C-12774097,Usaha Kebun 8207,P-97F3A1,Herbisida Bom Up 520 SL Kemasan 1 Liter - Pembasmi Gulma dari Akar ke Daun,General,1,61499.0,IDR
ORD-99058B51,2026-05-29,C-E28BD8F7,Usaha Kebun 8863,P-41049F,Herbisida Metsulindo 20 WP Ukuran 250gr - Efektif kendalikan Gulma Muda,General,1,49499.0,IDR
ORD-B7045974,2026-05-29,C-E8877E64,Toko Pupuk 9828,P-6E74CB,Herbisida Bom Up 520 SL Kemasan 5 Liter - Pembasmi Gulma dari Akar ke Daun,General,1,311999.0,IDR
ORD-B76E57CC,2026-05-29,C-D5DFCE95,Gapoktan 5421,P-97F3A1,Herbisida Bom Up 520 SL Kemasan 1 Liter - Pembasmi Gulma dari Akar ke Daun,General,1,61499.0,IDR
ORD-BEB5A8E8,2026-05-29,C-F3225554,Toko Pupuk 8556,P-97F3A1,Herbisida Bom Up 520 SL Kemasan 1 Liter - Pembasmi Gulma dari Akar ke Daun,General,1,61499.0,IDR
ORD-DA1DE4B8,2026-05-29,C-AFB41D21,Koperasi Hijau 2737,P-05FE0B,Herbasida Garlon 670 EC Kemasan 100ml - Pembasmi Gulma Berkayu,Racun,1,43999.0,IDR
ORD-DA1DE4B8,2026-05-29,C-AFB41D21,Koperasi Hijau 2737,P-6E74CB,Herbisida Bom Up 520 SL Kemasan 5 Liter - Pembasmi Gulma dari Akar ke Daun,General,1,311999.0,IDR
ORD-E1A11E2F,2026-05-29,C-5849D716,Distributor Bibit 6198,P-6E74CB,Herbisida Bom Up 520 SL Kemasan 5 Liter - Pembasmi Gulma dari Akar ke Daun,General,1,311999.0,IDR
ORD-F6990AC6,2026-05-29,C-3753293A,UD Agro 9922,P-F9D1EF,Herbisida Bom Up 520 SL Kemasan 20 Liter - Pembasmi Gulma dari Akar ke Daun,General,1,1281999.0,IDR
ORD-11360569,2026-05-30,C-E9A1766A,UD Agro 2938,P-97F3A1,Herbisida Bom Up 520 SL Kemasan 1 Liter - Pembasmi Gulma dari Akar ke Daun,General,2,61499.0,IDR
ORD-1BAAA914,2026-05-30,C-5A84E860,Mitra Tani 9680,P-FD375A,Metsulindo 20 WP - 250gr,Toling,2,47187.0,IDR
ORD-5D6773DB,2026-05-30,C-29BA9DAE,Distributor Bibit 4918,P-97F3A1,Herbisida Bom Up 520 SL Kemasan 1 Liter - Pembasmi Gulma dari Akar ke Daun,General,1,61499.0,IDR
ORD-7045E679,2026-05-30,C-B84A60D0,Mitra Tani 5192,P-97F3A1,Herbisida Bom Up 520 SL Kemasan 1 Liter - Pembasmi Gulma dari Akar ke Daun,General,1,61499.0,IDR
ORD-B920CD05,2026-05-30,C-F38F8DA4,Toko Pupuk 2396,P-41049F,Herbisida Metsulindo 20 WP Ukuran 250gr - Efektif kendalikan Gulma Muda,General,2,49499.0,IDR
ORD-C29FCF04,2026-05-30,C-F31615B1,Koperasi Hijau 6833,P-2D0BC8,Herbisida Gramoxone 276 SL Kemasan 5 Liter - Parakuat Pembasmi Rumput Liar,General,1,375999.0,IDR
ORD-FAA3280E,2026-05-30,C-70A905E7,Usaha Kebun 9287,P-41049F,Herbisida Metsulindo 20 WP Ukuran 250gr - Efektif kendalikan Gulma Muda,General,3,49499.0,IDR
ORD-00CC1C59,2026-05-31,C-A1FD0C6A,UD Agro 4562,P-97F3A1,Herbisida Bom Up 520 SL Kemasan 1 Liter - Pembasmi Gulma dari Akar ke Daun,General,1,61499.0,IDR
ORD-05789B09,2026-05-31,C-A078B374,Toko Pupuk 5820,P-28A54F,Turmadan 328 SL 1 Liter - Herbisida Parakuat Pembasmi Gulma Super Cepat,Racun,3,74999.0,IDR
ORD-12F5209E,2026-05-31,C-000BF1D6,Distributor Bibit 9806,P-97F3A1,Herbisida Bom Up 520 SL Kemasan 1 Liter - Pembasmi Gulma dari Akar ke Daun,General,1,61499.0,IDR
ORD-3CB238B3,2026-05-31,C-B3E7A92D,Gapoktan 1789,P-97F3A1,Herbisida Bom Up 520 SL Kemasan 1 Liter - Pembasmi Gulma dari Akar ke Daun,General,1,61499.0,IDR
ORD-3CD87576,2026-05-31,C-2EED305F,Usaha Kebun 4351,P-9E50B8,Herbasida Marxone 300 SL Kemasan 5 Liter - Parakuat Pembasmi Rumput Liar,Pupuk,1,259499.0,IDR
ORD-3F06A7C4,2026-05-31,C-008FA1B0,Mitra Tani 9040,P-97F3A1,Herbisida Bom Up 520 SL Kemasan 1 Liter - Pembasmi Gulma dari Akar ke Daun,General,2,61499.0,IDR
ORD-651F16A1,2026-05-31,C-2CEFA0A4,Toko Pupuk 8732,P-41049F,Herbisida Metsulindo 20 WP Ukuran 250gr - Efektif kendalikan Gulma Muda,General,2,49499.0,IDR
ORD-7A7312F1,2026-05-31,C-A5301A4F,Usaha Kebun 6103,P-9E50B8,Herbasida Marxone 300 SL Kemasan 5 Liter - Parakuat Pembasmi Rumput Liar,Pupuk,1,259499.0,IDR
ORD-81B901E6,2026-05-31,C-AEFAB0EA,UD Agro 9874,P-6E74CB,Herbisida Bom Up 520 SL Kemasan 5 Liter - Pembasmi Gulma dari Akar ke Daun,General,1,311999.0,IDR
ORD-8ED4BF9C,2026-05-31,C-B6F6F2EB,CV Kebun 8355,P-FCD235,Herbasida Garlon 670 EC Kemasan 1 Liter - Pembasmi Gulma Berkayu,General,1,331499.0,IDR
ORD-BE5E849C,2026-05-31,C-C6CBA464,Toko Pupuk 6660,P-BEDEAF,Herbisida Bablass 490 SL Kemasan 5 Liter - Pembasmi Gulma dari Akar ke Daun,General,2,312499.0,IDR
ORD-D4B59728,2026-05-31,C-B16F4AA6,Distributor Bibit 3838,P-DDA2C3,"Pupuk Meroke Korn-Kali B (KKB) 50kg - Kalium, Magnesium & Sulfur Terbaik",Pupuk,1,646999.0,IDR
ORD-EC02CCA4,2026-05-31,C-FE19C89F,Usaha Kebun 1623,P-F9D1EF,Herbisida Bom Up 520 SL Kemasan 20 Liter - Pembasmi Gulma dari Akar ke Daun,General,1,1281999.0,IDR
ORD-0BE76F63,2026-06-01,C-28B55AAB,CV Kebun 9867,P-9E50B8,Herbasida Marxone 300 SL Kemasan 5 Liter - Parakuat Pembasmi Rumput Liar,Pupuk,1,259499.0,IDR
ORD-10975686,2026-06-01,C-64FA332C,Toko Pupuk 4700,P-9E50B8,Herbasida Marxone 300 SL Kemasan 5 Liter - Parakuat Pembasmi Rumput Liar,Pupuk,3,259499.0,IDR
ORD-1DDCF2E0,2026-06-01,C-09393DE3,CV Kebun 1339,P-05FE0B,Herbasida Garlon 670 EC Kemasan 100ml - Pembasmi Gulma Berkayu,Racun,1,43999.0,IDR
ORD-2D49EFE0,2026-06-01,C-B8777135,Gapoktan 6509,P-4FE4FF,Herbisida Metsulindo 20 WP Ukuran 100gr - Efektif kendalikan Gulma Muda,General,1,36499.0,IDR
ORD-2DD28EC3,2026-06-01,C-0EF53533,CV Kebun 4963,P-BEDEAF,Herbisida Bablass 490 SL Kemasan 5 Liter - Pembasmi Gulma dari Akar ke Daun,General,1,312499.0,IDR
ORD-33F74E0F,2026-06-01,C-A18C3861,Koperasi Hijau 8249,P-FCD235,Herbasida Garlon 670 EC Kemasan 1 Liter - Pembasmi Gulma Berkayu,General,1,331499.0,IDR
ORD-38F59551,2026-06-01,C-E2749EA1,Koperasi Hijau 7601,P-97F3A1,Herbisida Bom Up 520 SL Kemasan 1 Liter - Pembasmi Gulma dari Akar ke Daun,General,1,61499.0,IDR
ORD-4F2DF0AF,2026-06-01,C-6143B2AF,Usaha Kebun 1607,P-9E50B8,Herbasida Marxone 300 SL Kemasan 5 Liter - Parakuat Pembasmi Rumput Liar,Pupuk,2,259499.0,IDR
ORD-583139E5,2026-06-01,C-9FC65DA1,Koperasi Hijau 9441,P-6E74CB,Herbisida Bom Up 520 SL Kemasan 5 Liter - Pembasmi Gulma dari Akar ke Daun,General,1,311999.0,IDR
ORD-6D0687B4,2026-06-01,C-A6CB097A,UD Agro 9090,P-41049F,Herbisida Metsulindo 20 WP Ukuran 250gr - Efektif kendalikan Gulma Muda,General,1,49499.0,IDR
ORD-7390B2CD,2026-06-01,C-FFB30E2E,Distributor Bibit 3654,P-FCD235,Herbasida Garlon 670 EC Kemasan 1 Liter - Pembasmi Gulma Berkayu,General,1,331499.0,IDR
ORD-7C147D6F,2026-06-01,C-BFB91B7F,Usaha Kebun 7455,P-FCD235,Herbasida Garlon 670 EC Kemasan 1 Liter - Pembasmi Gulma Berkayu,General,1,331499.0,IDR
ORD-80B3D9A3,2026-06-01,C-C55CEE6C,Toko Pupuk 3900,P-97F3A1,Herbisida Bom Up 520 SL Kemasan 1 Liter - Pembasmi Gulma dari Akar ke Daun,General,1,61499.0,IDR
ORD-8FD931D5,2026-06-01,C-EF1280DF,Usaha Kebun 1263,P-F66B1A,Pilar Up 480 SL - 20 Liter,Khusus Petani,2,939312.0,IDR
ORD-94808B4E,2026-06-01,C-99C96F97,Usaha Kebun 5351,P-6E74CB,Herbisida Bom Up 520 SL Kemasan 5 Liter - Pembasmi Gulma dari Akar ke Daun,General,1,311999.0,IDR
ORD-9D0AC2EE,2026-06-01,C-C01A5DC6,Distributor Bibit 9414,P-97F3A1,Herbisida Bom Up 520 SL Kemasan 1 Liter - Pembasmi Gulma dari Akar ke Daun,General,1,61499.0,IDR
ORD-B96E5EA7,2026-06-01,C-268AA863,CV Kebun 8283,P-E4C339,Herbisida Centatop 288 SL Kemasan 5 Liter - Herbisida Kontak Parakuat Pembasmi Gulma Cepat,General,1,251999.0,IDR
ORD-CD0A79A4,2026-06-01,C-72AE8EE6,Distributor Bibit 5470,P-97F3A1,Herbisida Bom Up 520 SL Kemasan 1 Liter - Pembasmi Gulma dari Akar ke Daun,General,2,61499.0,IDR
ORD-D79D0D04,2026-06-01,C-185F17B1,Koperasi Hijau 7169,P-BEDEAF,Herbisida Bablass 490 SL Kemasan 5 Liter - Pembasmi Gulma dari Akar ke Daun,General,1,312499.0,IDR
ORD-E03BC5C5,2026-06-01,C-8A4B54AB,CV Kebun 2683,P-41049F,Herbisida Metsulindo 20 WP Ukuran 250gr - Efektif kendalikan Gulma Muda,General,5,49499.0,IDR
ORD-E11E804F,2026-06-01,C-CB603B56,Distributor Bibit 2494,P-97F3A1,Herbisida Bom Up 520 SL Kemasan 1 Liter - Pembasmi Gulma dari Akar ke Daun,General,1,61499.0,IDR
ORD-E83A86AD,2026-06-01,C-444D88A4,Toko Pupuk 7940,P-9E50B8,Herbasida Marxone 300 SL Kemasan 5 Liter - Parakuat Pembasmi Rumput Liar,Pupuk,1,259499.0,IDR
ORD-EF2DEDF6,2026-06-01,C-B291B00E,Distributor Bibit 9238,P-41049F,Herbisida Metsulindo 20 WP Ukuran 250gr - Efektif kendalikan Gulma Muda,General,1,49499.0,IDR
ORD-F27CB6B2,2026-06-01,C-9B1DE84F,Usaha Kebun 7495,P-FCD235,Herbasida Garlon 670 EC Kemasan 1 Liter - Pembasmi Gulma Berkayu,General,1,331499.0,IDR
ORD-F6F9E1EC,2026-06-01,C-1C74504A,UD Agro 7778,P-BEDEAF,Herbisida Bablass 490 SL Kemasan 5 Liter - Pembasmi Gulma dari Akar ke Daun,General,1,312499.0,IDR
ORD-F8A7A2DB,2026-06-01,C-26401B2D,Gapoktan 9469,P-41049F,Herbisida Metsulindo 20 WP Ukuran 250gr - Efektif kendalikan Gulma Muda,General,3,49499.0,IDR
ORD-FCD2F9DD,2026-06-01,C-9983612D,Gapoktan 4141,P-41049F,Herbisida Metsulindo 20 WP Ukuran 250gr - Efektif kendalikan Gulma Muda,General,10,49499.0,IDR
ORD-0205DD8A,2026-06-02,C-8D73144E,Distributor Bibit 1294,P-BEDEAF,Herbisida Bablass 490 SL Kemasan 5 Liter - Pembasmi Gulma dari Akar ke Daun,General,1,312405.0,IDR
ORD-152B8B52,2026-06-02,C-83169704,Toko Pupuk 2748,P-41049F,Herbisida Metsulindo 20 WP Ukuran 250gr - Efektif kendalikan Gulma Muda,General,1,49499.0,IDR
ORD-1F327526,2026-06-02,C-5869A527,Usaha Kebun 2567,P-97F3A1,Herbisida Bom Up 520 SL Kemasan 1 Liter - Pembasmi Gulma dari Akar ke Daun,General,2,61499.0,IDR
ORD-2C9E1F04,2026-06-02,C-392FFBC5,Gapoktan 1957,P-BEDEAF,Herbisida Bablass 490 SL Kemasan 5 Liter - Pembasmi Gulma dari Akar ke Daun,General,1,312405.0,IDR
ORD-400A48A5,2026-06-02,C-FACCBCBD,Gapoktan 6661,P-97F3A1,Herbisida Bom Up 520 SL Kemasan 1 Liter - Pembasmi Gulma dari Akar ke Daun,General,2,61499.0,IDR
ORD-430CB649,2026-06-02,C-86C47FBC,Toko Pupuk 9700,P-A1BDE2,Herbisida Bablass 490 SL Kemasan 1 Liter - Pembasmi Gulma dari Akar ke Daun,General,20,63103.0,IDR
ORD-595FACDC,2026-06-02,C-51277CEB,CV Kebun 5379,P-97F3A1,Herbisida Bom Up 520 SL Kemasan 1 Liter - Pembasmi Gulma dari Akar ke Daun,General,1,61499.0,IDR
ORD-66E224AD,2026-06-02,C-794CCF03,CV Kebun 6867,P-41049F,Herbisida Metsulindo 20 WP Ukuran 250gr - Efektif kendalikan Gulma Muda,General,1,49499.0,IDR
ORD-6F207C7F,2026-06-02,C-7A73E83A,UD Agro 5442,P-6E74CB,Herbisida Bom Up 520 SL Kemasan 5 Liter - Pembasmi Gulma dari Akar ke Daun,General,1,312373.0,IDR
ORD-860E3956,2026-06-02,C-682CE25A,UD Agro 8994,P-B2BB93,Benih Sawit Topaz 1-3 Seri 4 (100 butir),Benih,12,950000.0,IDR
ORD-929575D4,2026-06-02,C-39C678D7,Usaha Kebun 9375,P-41049F,Herbisida Metsulindo 20 WP Ukuran 250gr - Efektif kendalikan Gulma Muda,General,1,41985.0,IDR
ORD-B0E315B8,2026-06-02,C-52C90E01,Koperasi Hijau 2033,P-E4C339,Herbisida Centatop 288 SL Kemasan 5 Liter - Herbisida Kontak Parakuat Pembasmi Gulma Cepat,General,1,251999.0,IDR
ORD-C29AE498,2026-06-02,C-AB97E753,CV Kebun 3091,P-6E74CB,Herbisida Bom Up 520 SL Kemasan 5 Liter - Pembasmi Gulma dari Akar ke Daun,General,1,311999.0,IDR
ORD-C9359E11,2026-06-02,C-C7221B6A,UD Agro 3226,P-385FCB,Herbisida Gramoxone 276 SL Kemasan 1 Liter - Parakuat Pembasmi Rumput Liar,General,1,79971.0,IDR
ORD-D42585BE,2026-06-02,C-50BB1FE2,UD Agro 4674,P-2A5326,RP Mahkota 50kg - Egypt,Toling,50,156898.0,IDR
ORD-DBD576B3,2026-06-02,C-1BD6AAE4,Toko Pupuk 8284,P-FCD235,Herbasida Garlon 670 EC Kemasan 1 Liter - Pembasmi Gulma Berkayu,General,1,331499.0,IDR
ORD-E0890F27,2026-06-02,C-67AA7E11,Koperasi Hijau 4641,P-FCD235,Herbasida Garlon 670 EC Kemasan 1 Liter - Pembasmi Gulma Berkayu,General,1,331499.0,IDR
ORD-E448AF64,2026-06-02,C-CD62529E,Distributor Bibit 6958,P-41049F,Herbisida Metsulindo 20 WP Ukuran 250gr - Efektif kendalikan Gulma Muda,General,6,49499.0,IDR
ORD-E6D1536D,2026-06-02,C-E0C9775F,Usaha Kebun 3679,P-97F3A1,Herbisida Bom Up 520 SL Kemasan 1 Liter - Pembasmi Gulma dari Akar ke Daun,General,1,61499.0,IDR
ORD-10B3B8B6,2026-06-03,C-6A4AF645,Gapoktan 2605,P-41049F,Herbisida Metsulindo 20 WP Ukuran 250gr - Efektif kendalikan Gulma Muda,General,1,41985.0,IDR
ORD-13F619A2,2026-06-03,C-C5A5836B,CV Kebun 8635,P-FCD235,Herbasida Garlon 670 EC Kemasan 1 Liter - Pembasmi Gulma Berkayu,General,1,333753.0,IDR
ORD-14043D64,2026-06-03,C-3A777556,Distributor Bibit 7350,P-6E74CB,Herbisida Bom Up 520 SL Kemasan 5 Liter - Pembasmi Gulma dari Akar ke Daun,General,1,312373.0,IDR
ORD-1BC57174,2026-06-03,C-498C250C,Toko Pupuk 4292,P-41049F,Herbisida Metsulindo 20 WP Ukuran 250gr - Efektif kendalikan Gulma Muda,General,20,41985.0,IDR
ORD-1C3C042C,2026-06-03,C-8F4CB91B,CV Kebun 1011,P-9E50B8,Herbasida Marxone 300 SL Kemasan 5 Liter - Parakuat Pembasmi Rumput Liar,Pupuk,1,259499.0,IDR
ORD-1F99C895,2026-06-03,C-2747FDFE,Distributor Bibit 5502,P-05FE0B,Herbasida Garlon 670 EC Kemasan 100ml - Pembasmi Gulma Berkayu,Racun,1,42811.0,IDR
ORD-308087D3,2026-06-03,C-E5AF14F7,Usaha Kebun 8631,P-516722,ROUNDUP 486 SL (1 Liter) - Herbisida Sistemik Glifosat Tuntas,General,1,109999.0,IDR
ORD-50F81B48,2026-06-03,C-BFB91B7F,Usaha Kebun 7455,P-FCD235,Herbasida Garlon 670 EC Kemasan 1 Liter - Pembasmi Gulma Berkayu,General,1,333753.0,IDR
ORD-56D374A1,2026-06-03,C-E0DFC638,Mitra Tani 7656,P-41049F,Herbisida Metsulindo 20 WP Ukuran 250gr - Efektif kendalikan Gulma Muda,General,2,41985.0,IDR
ORD-64CBA194,2026-06-03,C-4FB62A78,Mitra Tani 2488,P-6E74CB,Herbisida Bom Up 520 SL Kemasan 5 Liter - Pembasmi Gulma dari Akar ke Daun,General,1,312373.0,IDR
ORD-6965A104,2026-06-03,C-C185CA8F,Usaha Kebun 3831,P-41049F,Herbisida Metsulindo 20 WP Ukuran 250gr - Efektif kendalikan Gulma Muda,General,10,41985.0,IDR
ORD-714B7DFC,2026-06-03,C-B9D8FD3B,CV Kebun 1563,P-41049F,Herbisida Metsulindo 20 WP Ukuran 250gr - Efektif kendalikan Gulma Muda,General,3,41985.0,IDR
ORD-7E8A21B2,2026-06-03,C-610245F9,Koperasi Hijau 6937,P-4FE4FF,Herbisida Metsulindo 20 WP Ukuran 100gr - Efektif kendalikan Gulma Muda,General,20,41700.0,IDR
ORD-7F4F0C35,2026-06-03,C-674143FE,Distributor Bibit 2494,P-FCD235,Herbasida Garlon 670 EC Kemasan 1 Liter - Pembasmi Gulma Berkayu,General,1,333753.0,IDR
ORD-7F83925F,2026-06-03,C-95B8F344,Toko Pupuk 9084,P-2D0BC8,Herbisida Gramoxone 276 SL Kemasan 5 Liter - Parakuat Pembasmi Rumput Liar,General,1,379947.0,IDR
ORD-99CD4FA6,2026-06-03,C-6F46E801,Koperasi Hijau 3889,P-BEDEAF,Herbisida Bablass 490 SL Kemasan 5 Liter - Pembasmi Gulma dari Akar ke Daun,General,1,312405.0,IDR
ORD-9E0BED86,2026-06-03,C-3A21DE21,Koperasi Hijau 5081,P-41049F,Herbisida Metsulindo 20 WP Ukuran 250gr - Efektif kendalikan Gulma Muda,General,10,41985.0,IDR
ORD-A0FE2086,2026-06-03,C-1873D077,Usaha Kebun 6191,P-BEDEAF,Herbisida Bablass 490 SL Kemasan 5 Liter - Pembasmi Gulma dari Akar ke Daun,General,1,312405.0,IDR
ORD-A24098BB,2026-06-03,C-94B36D0A,UD Agro 5826,P-05FE0B,Herbasida Garlon 670 EC Kemasan 100ml - Pembasmi Gulma Berkayu,Racun,1,42811.0,IDR
ORD-A402F7BC,2026-06-03,C-3E3B2F8D,Gapoktan 4189,P-A1BDE2,Herbisida Bablass 490 SL Kemasan 1 Liter - Pembasmi Gulma dari Akar ke Daun,General,1,63103.0,IDR
ORD-A5FE773B,2026-06-03,C-ED6DD973,CV Kebun 9283,P-F9D1EF,Herbisida Bom Up 520 SL Kemasan 20 Liter - Pembasmi Gulma dari Akar ke Daun,General,1,1168927.0,IDR
ORD-B562ECED,2026-06-03,C-0413F31B,CV Kebun 8283,P-BEDEAF,Herbisida Bablass 490 SL Kemasan 5 Liter - Pembasmi Gulma dari Akar ke Daun,General,4,312405.0,IDR
ORD-BAAFCB65,2026-06-03,C-D7F30A7B,CV Kebun 8371,P-F9D1EF,Herbisida Bom Up 520 SL Kemasan 20 Liter - Pembasmi Gulma dari Akar ke Daun,General,1,1168927.0,IDR
ORD-C2EA0D1B,2026-06-03,C-D9F2C427,Usaha Kebun 1799,P-05FE0B,Herbasida Garlon 670 EC Kemasan 100ml - Pembasmi Gulma Berkayu,Racun,1,42811.0,IDR
ORD-CA5B0E49,2026-06-03,C-E443A691,Koperasi Hijau 4801,P-6E74CB,Herbisida Bom Up 520 SL Kemasan 5 Liter - Pembasmi Gulma dari Akar ke Daun,General,1,312373.0,IDR
ORD-CC8AAAD3,2026-06-03,C-2AB732FE,Distributor Bibit 7214,P-05FE0B,Herbasida Garlon 670 EC Kemasan 100ml - Pembasmi Gulma Berkayu,Racun,2,42811.0,IDR
ORD-D1849312,2026-06-03,C-3A505769,Koperasi Hijau 8785,P-6E74CB,Herbisida Bom Up 520 SL Kemasan 5 Liter - Pembasmi Gulma dari Akar ke Daun,General,1,312373.0,IDR
ORD-02E00A7A,2026-06-04,C-7CFBD32F,Usaha Kebun 5383,P-F9D1EF,Herbisida Bom Up 520 SL Kemasan 20 Liter - Pembasmi Gulma dari Akar ke Daun,General,1,1168927.0,IDR
ORD-1A9B06CC,2026-06-04,C-C5EE2DB4,Toko Pupuk 9820,P-BEDEAF,Herbisida Bablass 490 SL Kemasan 5 Liter - Pembasmi Gulma dari Akar ke Daun,General,2,312405.0,IDR
ORD-2529D7CB,2026-06-04,C-3B17FF44,Toko Pupuk 7420,P-97F3A1,Herbisida Bom Up 520 SL Kemasan 1 Liter - Pembasmi Gulma dari Akar ke Daun,General,1,61271.0,IDR
ORD-2F156FC3,2026-06-04,C-4F13C36A,UD Agro 6274,P-02E428,AC Powder AKP 50kg,Pupuk Grosir,200,330309.0,IDR
ORD-46E9FB1F,2026-06-04,C-DB220501,Koperasi Hijau 3809,P-10ABDD,Herbisida Gramoxone 276 SL Kemasan 20 Liter - Parakuat Pembasmi Rumput Liar,General,1,1314525.0,IDR
ORD-4B821740,2026-06-04,C-13167C2F,Usaha Kebun 3687,P-41049F,Herbisida Metsulindo 20 WP Ukuran 250gr - Efektif kendalikan Gulma Muda,General,2,41985.0,IDR
ORD-59EFF18D,2026-06-04,C-E373406F,Usaha Kebun 9167,P-385FCB,Herbisida Gramoxone 276 SL Kemasan 1 Liter - Parakuat Pembasmi Rumput Liar,General,1,79971.0,IDR
ORD-77FAEBE2,2026-06-04,C-01A6DA59,Koperasi Hijau 2089,P-A1BDE2,Herbisida Bablass 490 SL Kemasan 1 Liter - Pembasmi Gulma dari Akar ke Daun,General,5,63103.0,IDR
ORD-7AE1527A,2026-06-04,C-05C1D13A,UD Agro 1090,P-3E8E64,Herbisida Bablass 490 SL Kemasan 20 Liter - Pembasmi Gulma dari Akar ke Daun,General,1,1313914.0,IDR
ORD-9254DC6A,2026-06-04,C-EC81EBDD,Gapoktan 9501,P-05FE0B,Herbasida Garlon 670 EC Kemasan 100ml - Pembasmi Gulma Berkayu,Racun,3,42811.0,IDR
ORD-A7E045D4,2026-06-04,C-A1D496D5,Gapoktan 8021,P-9E50B8,Herbasida Marxone 300 SL Kemasan 5 Liter - Parakuat Pembasmi Rumput Liar,Pupuk,1,259499.0,IDR
ORD-AA342D2F,2026-06-04,C-551F91C8,Mitra Tani 4296,P-05FE0B,Herbasida Garlon 670 EC Kemasan 100ml - Pembasmi Gulma Berkayu,Racun,1,42811.0,IDR
ORD-AD24DCED,2026-06-04,C-20BB652E,Distributor Bibit 9046,P-41049F,Herbisida Metsulindo 20 WP Ukuran 250gr - Efektif kendalikan Gulma Muda,General,1,41985.0,IDR
ORD-D1EEABE9,2026-06-04,C-7ED0D325,Gapoktan 6757,P-89A982,MOP/KCL Sasco 50kg,Toling,5,429926.0,IDR
ORD-D24193F1,2026-06-04,C-152C9ADC,Toko Pupuk 6764,P-97F3A1,Herbisida Bom Up 520 SL Kemasan 1 Liter - Pembasmi Gulma dari Akar ke Daun,General,1,61271.0,IDR
ORD-D755948A,2026-06-04,C-F6638F10,Mitra Tani 2824,P-41049F,Herbisida Metsulindo 20 WP Ukuran 250gr - Efektif kendalikan Gulma Muda,General,8,41985.0,IDR
ORD-E0239444,2026-06-04,C-D211C04E,Distributor Bibit 6702,P-97F3A1,Herbisida Bom Up 520 SL Kemasan 1 Liter - Pembasmi Gulma dari Akar ke Daun,General,2,61271.0,IDR
ORD-0A2C0BC7,2026-06-05,C-D4EA6805,Gapoktan 5845,P-41049F,Herbisida Metsulindo 20 WP Ukuran 250gr - Efektif kendalikan Gulma Muda,General,2,41985.0,IDR
ORD-2DBE8859,2026-06-05,C-16FB681D,Gapoktan 6941,P-B29CD2,NPK Mahkota 13-6-27-4 0.65 B 50kg,Khusus Petani,40,511032.0,IDR
ORD-3C061DED,2026-06-05,C-C8220069,Koperasi Hijau 6529,P-9E50B8,Herbasida Marxone 300 SL Kemasan 5 Liter - Parakuat Pembasmi Rumput Liar,Pupuk,1,259499.0,IDR
ORD-4070A514,2026-06-05,C-C9229B7E,Distributor Bibit 2446,P-97F3A1,Herbisida Bom Up 520 SL Kemasan 1 Liter - Pembasmi Gulma dari Akar ke Daun,General,1,61271.0,IDR
ORD-46825CE0,2026-06-05,C-ECD603D4,Toko Pupuk 3660,P-97F3A1,Herbisida Bom Up 520 SL Kemasan 1 Liter - Pembasmi Gulma dari Akar ke Daun,General,2,61271.0,IDR
ORD-56B46206,2026-06-05,C-E1A821F7,Usaha Kebun 7343,P-05FE0B,Herbasida Garlon 670 EC Kemasan 100ml - Pembasmi Gulma Berkayu,Racun,4,42811.0,IDR
ORD-666D1397,2026-06-05,C-1BC568C7,Usaha Kebun 2247,P-0E5ABA,"Pupuk NPK YaraMila UNIK 16-16-16 (50kg) - Pupuk Dasar & Pemeliharaan, Kuatkan Akar dan Hasil",Pupuk,1,1020999.0,IDR
ORD-671ADC31,2026-06-05,C-F87DD1D8,Mitra Tani 7288,P-BEDEAF,Herbisida Bablass 490 SL Kemasan 5 Liter - Pembasmi Gulma dari Akar ke Daun,General,1,312405.0,IDR
ORD-70291AA6,2026-06-05,C-268AA863,CV Kebun 8283,P-E4C339,Herbisida Centatop 288 SL Kemasan 5 Liter - Herbisida Kontak Parakuat Pembasmi Gulma Cepat,General,1,309808.0,IDR
ORD-73C925EC,2026-06-05,C-3330E55D,Gapoktan 9461,P-41049F,Herbisida Metsulindo 20 WP Ukuran 250gr - Efektif kendalikan Gulma Muda,General,2,41985.0,IDR
ORD-7D57ADF1,2026-06-05,C-233EFDCE,Distributor Bibit 4766,P-9E50B8,Herbasida Marxone 300 SL Kemasan 5 Liter - Parakuat Pembasmi Rumput Liar,Pupuk,1,259499.0,IDR
ORD-874A09B5,2026-06-05,C-7AFF776A,UD Agro 7602,P-41049F,Herbisida Metsulindo 20 WP Ukuran 250gr - Efektif kendalikan Gulma Muda,General,1,41985.0,IDR
ORD-8815158E,2026-06-05,C-4FD1E6E2,UD Agro 2194,P-41049F,Herbisida Metsulindo 20 WP Ukuran 250gr - Efektif kendalikan Gulma Muda,General,20,41985.0,IDR
ORD-882C742C,2026-06-05,C-FD6153EC,Toko Pupuk 9124,P-05FE0B,Herbasida Garlon 670 EC Kemasan 100ml - Pembasmi Gulma Berkayu,Racun,90,42811.0,IDR
ORD-88562223,2026-06-05,C-98E5E532,UD Agro 6250,P-41049F,Herbisida Metsulindo 20 WP Ukuran 250gr - Efektif kendalikan Gulma Muda,General,20,41985.0,IDR
ORD-8B49E5B1,2026-06-05,C-8121592E,Distributor Bibit 3382,P-41049F,Herbisida Metsulindo 20 WP Ukuran 250gr - Efektif kendalikan Gulma Muda,General,3,41985.0,IDR
ORD-9842B250,2026-06-05,C-27A011A9,Koperasi Hijau 8705,P-6E74CB,Herbisida Bom Up 520 SL Kemasan 5 Liter - Pembasmi Gulma dari Akar ke Daun,General,1,312373.0,IDR
ORD-B2621BA8,2026-06-05,C-3C13A7BB,CV Kebun 3083,P-28A54F,Turmadan 328 SL 1 Liter - Herbisida Parakuat Pembasmi Gulma Super Cepat,Racun,1,76499.0,IDR
ORD-BDACCD84,2026-06-05,C-7ED0D325,Gapoktan 6757,P-ADBBD0,RP Cap Daun 50Kg,Toling,11,133697.0,IDR
ORD-CF3ECA06,2026-06-05,C-F2924881,Koperasi Hijau 9089,P-6E74CB,Herbisida Bom Up 520 SL Kemasan 5 Liter - Pembasmi Gulma dari Akar ke Daun,General,2,312373.0,IDR
ORD-D88EC202,2026-06-05,C-CF042B31,Koperasi Hijau 3913,P-41049F,Herbisida Metsulindo 20 WP Ukuran 250gr - Efektif kendalikan Gulma Muda,General,60,41985.0,IDR
ORD-E4E784DA,2026-06-05,C-325AB550,Mitra Tani 3456,P-385FCB,Herbisida Gramoxone 276 SL Kemasan 1 Liter - Parakuat Pembasmi Rumput Liar,General,1,79971.0,IDR
ORD-EE1DEA00,2026-06-05,C-C664DA81,Koperasi Hijau 2305,P-41049F,Herbisida Metsulindo 20 WP Ukuran 250gr - Efektif kendalikan Gulma Muda,General,2,41985.0,IDR
ORD-EE1DEA00,2026-06-05,C-C664DA81,Koperasi Hijau 2305,P-C15400,Smart 486 SL Kemasan 4 Liter - Glifosat Sistemik Pembasmi Gulma Kuat,Racun,2,290499.0,IDR
ORD-F5A41AB2,2026-06-05,C-1303FF6C,Toko Pupuk 7100,P-05FE0B,Herbasida Garlon 670 EC Kemasan 100ml - Pembasmi Gulma Berkayu,Racun,10,42811.0,IDR
ORD-FB39C20C,2026-06-05,C-019F4154,Toko Pupuk 8164,P-41049F,Herbisida Metsulindo 20 WP Ukuran 250gr - Efektif kendalikan Gulma Muda,General,1,41985.0,IDR
ORD-09FA405C,2026-06-06,C-346DD14B,CV Kebun 7235,P-41049F,Herbisida Metsulindo 20 WP Ukuran 250gr - Efektif kendalikan Gulma Muda,General,20,41985.0,IDR
ORD-11CAE132,2026-06-06,C-B21A7E6D,Gapoktan 9749,P-E4C339,Herbisida Centatop 288 SL Kemasan 5 Liter - Herbisida Kontak Parakuat Pembasmi Gulma Cepat,General,1,309808.0,IDR
ORD-1929C790,2026-06-06,C-EFBAA24D,Gapoktan 3869,P-E4C339,Herbisida Centatop 288 SL Kemasan 5 Liter - Herbisida Kontak Parakuat Pembasmi Gulma Cepat,General,1,309808.0,IDR
ORD-33A881C7,2026-06-06,C-2F0B81E2,UD Agro 2298,P-41049F,Herbisida Metsulindo 20 WP Ukuran 250gr - Efektif kendalikan Gulma Muda,General,4,41985.0,IDR
ORD-3CB6194D,2026-06-06,C-F1BC8FD9,Koperasi Hijau 6649,P-05FE0B,Herbasida Garlon 670 EC Kemasan 100ml - Pembasmi Gulma Berkayu,Racun,1,42811.0,IDR
ORD-42A3F34D,2026-06-06,C-4080BD61,Koperasi Hijau 1913,P-97F3A1,Herbisida Bom Up 520 SL Kemasan 1 Liter - Pembasmi Gulma dari Akar ke Daun,General,1,61271.0,IDR
ORD-444A8C5C,2026-06-06,C-02FDD19E,Distributor Bibit 5702,P-BEDEAF,Herbisida Bablass 490 SL Kemasan 5 Liter - Pembasmi Gulma dari Akar ke Daun,General,1,312405.0,IDR
ORD-58B034FE,2026-06-06,C-C8F158F0,Mitra Tani 5144,P-FCD235,Herbasida Garlon 670 EC Kemasan 1 Liter - Pembasmi Gulma Berkayu,General,1,333753.0,IDR
ORD-5AF05674,2026-06-06,C-53740E41,Koperasi Hijau 3753,P-385FCB,Herbisida Gramoxone 276 SL Kemasan 1 Liter - Parakuat Pembasmi Rumput Liar,General,2,79971.0,IDR
ORD-69523AD8,2026-06-06,C-059958B5,Gapoktan 3797,P-2D0BC8,Herbisida Gramoxone 276 SL Kemasan 5 Liter - Parakuat Pembasmi Rumput Liar,General,1,379947.0,IDR
ORD-6999401B,2026-06-06,C-CBA77422,UD Agro 8090,P-385FCB,Herbisida Gramoxone 276 SL Kemasan 1 Liter - Parakuat Pembasmi Rumput Liar,General,2,79971.0,IDR
ORD-70EA1903,2026-06-06,C-052D28B0,Mitra Tani 5616,P-41049F,Herbisida Metsulindo 20 WP Ukuran 250gr - Efektif kendalikan Gulma Muda,General,4,41985.0,IDR
ORD-7CB15630,2026-06-06,C-6B6871C7,Usaha Kebun 9983,P-41049F,Herbisida Metsulindo 20 WP Ukuran 250gr - Efektif kendalikan Gulma Muda,General,2,41985.0,IDR
ORD-84C5B2D4,2026-06-06,C-216224CB,CV Kebun 2075,P-A1BDE2,Herbisida Bablass 490 SL Kemasan 1 Liter - Pembasmi Gulma dari Akar ke Daun,General,5,63103.0,IDR
ORD-85E16E22,2026-06-06,C-548B456B,CV Kebun 5419,P-F9D1EF,Herbisida Bom Up 520 SL Kemasan 20 Liter - Pembasmi Gulma dari Akar ke Daun,General,1,1168927.0,IDR
ORD-86900506,2026-06-06,C-ECD603D4,Toko Pupuk 3660,P-6E74CB,Herbisida Bom Up 520 SL Kemasan 5 Liter - Pembasmi Gulma dari Akar ke Daun,General,2,312373.0,IDR
ORD-8E4B096C,2026-06-06,C-4E2CC44A,UD Agro 5682,P-41049F,Herbisida Metsulindo 20 WP Ukuran 250gr - Efektif kendalikan Gulma Muda,General,3,41985.0,IDR
ORD-93514F06,2026-06-06,C-B30055E2,UD Agro 6650,P-97F3A1,Herbisida Bom Up 520 SL Kemasan 1 Liter - Pembasmi Gulma dari Akar ke Daun,General,2,61271.0,IDR
ORD-A6D8E460,2026-06-06,C-59DBF120,Mitra Tani 6336,P-9E50B8,Herbasida Marxone 300 SL Kemasan 5 Liter - Parakuat Pembasmi Rumput Liar,Pupuk,1,259499.0,IDR
ORD-B4E74C02,2026-06-06,C-EC7C06F4,Toko Pupuk 1220,P-6E74CB,Herbisida Bom Up 520 SL Kemasan 5 Liter - Pembasmi Gulma dari Akar ke Daun,General,1,312373.0,IDR
ORD-B8A4974F,2026-06-06,C-F650F13B,CV Kebun 6771,P-4FE4FF,Herbisida Metsulindo 20 WP Ukuran 100gr - Efektif kendalikan Gulma Muda,General,1,41700.0,IDR
ORD-BA04EB70,2026-06-06,C-253484D0,Mitra Tani 4864,P-2D0BC8,Herbisida Gramoxone 276 SL Kemasan 5 Liter - Parakuat Pembasmi Rumput Liar,General,1,379947.0,IDR
ORD-BA1C8EC4,2026-06-06,C-CF97C24B,CV Kebun 1387,P-B2BB93,Benih Sawit Topaz 1-3 Seri 4 (100 butir),Benih,10,950000.0,IDR
ORD-D60BF641,2026-06-06,C-64FA332C,Toko Pupuk 4700,P-6E74CB,Herbisida Bom Up 520 SL Kemasan 5 Liter - Pembasmi Gulma dari Akar ke Daun,General,1,312373.0,IDR
ORD-E01CEE52,2026-06-06,C-1A0357E3,CV Kebun 8723,P-41049F,Herbisida Metsulindo 20 WP Ukuran 250gr - Efektif kendalikan Gulma Muda,General,1,41985.0,IDR
ORD-E1405356,2026-06-06,C-4B9341A4,Toko Pupuk 4796,P-3E8E64,Herbisida Bablass 490 SL Kemasan 20 Liter - Pembasmi Gulma dari Akar ke Daun,General,1,1313914.0,IDR
ORD-E1690A66,2026-06-06,C-96532A14,Toko Pupuk 8660,P-6E74CB,Herbisida Bom Up 520 SL Kemasan 5 Liter - Pembasmi Gulma dari Akar ke Daun,General,2,312373.0,IDR
ORD-E466ABEA,2026-06-06,C-2984C950,Mitra Tani 5144,P-41049F,Herbisida Metsulindo 20 WP Ukuran 250gr - Efektif kendalikan Gulma Muda,General,1,41985.0,IDR
ORD-F35B30AB,2026-06-06,C-58E39B36,Distributor Bibit 3414,P-97F3A1,Herbisida Bom Up 520 SL Kemasan 1 Liter - Pembasmi Gulma dari Akar ke Daun,General,1,61271.0,IDR
ORD-F6CC368B,2026-06-06,C-1FA5DC9D,Gapoktan 9613,P-41049F,Herbisida Metsulindo 20 WP Ukuran 250gr - Efektif kendalikan Gulma Muda,General,2,41985.0,IDR
ORD-FD618AF3,2026-06-06,C-7C742B5B,CV Kebun 7059,P-6E74CB,Herbisida Bom Up 520 SL Kemasan 5 Liter - Pembasmi Gulma dari Akar ke Daun,General,1,312373.0,IDR
ORD-008086D7,2026-06-07,C-294AD8DF,Usaha Kebun 6039,P-E4C339,Herbisida Centatop 288 SL Kemasan 5 Liter - Herbisida Kontak Parakuat Pembasmi Gulma Cepat,General,1,309808.0,IDR
ORD-008AE4AA,2026-06-07,C-7A92B991,Koperasi Hijau 9113,P-F9D1EF,Herbisida Bom Up 520 SL Kemasan 20 Liter - Pembasmi Gulma dari Akar ke Daun,General,1,1168927.0,IDR
ORD-01C237AE,2026-06-07,C-5AF09F5E,Distributor Bibit 3878,P-BA575C,Herbasida Herbatop 276 SL Kemasan 5 Liter - Parakuat Pembasmi Rumput Liar,Racun,1,446172.0,IDR
ORD-03F6FF2F,2026-06-07,C-67D5E3FD,Gapoktan 4781,P-BEDEAF,Herbisida Bablass 490 SL Kemasan 5 Liter - Pembasmi Gulma dari Akar ke Daun,General,4,312405.0,IDR
ORD-054B22AB,2026-06-07,C-BF77CCE5,Gapoktan 2493,P-F9D1EF,Herbisida Bom Up 520 SL Kemasan 20 Liter - Pembasmi Gulma dari Akar ke Daun,General,1,1168927.0,IDR
ORD-14BA4CAE,2026-06-07,C-75B8AA32,UD Agro 5466,P-E4C339,Herbisida Centatop 288 SL Kemasan 5 Liter - Herbisida Kontak Parakuat Pembasmi Gulma Cepat,General,1,309808.0,IDR
ORD-16B92394,2026-06-07,C-2AEA93EC,Toko Pupuk 8364,P-BEDEAF,Herbisida Bablass 490 SL Kemasan 5 Liter - Pembasmi Gulma dari Akar ke Daun,General,1,312405.0,IDR
ORD-1ED5A367,2026-06-07,C-D17068CE,Distributor Bibit 8006,P-41049F,Herbisida Metsulindo 20 WP Ukuran 250gr - Efektif kendalikan Gulma Muda,General,1,41985.0,IDR
ORD-25B7241E,2026-06-07,C-D134BC35,Gapoktan 3197,P-FCD235,Herbasida Garlon 670 EC Kemasan 1 Liter - Pembasmi Gulma Berkayu,General,1,333753.0,IDR
ORD-2D502F2C,2026-06-07,C-895A8B34,Toko Pupuk 8468,P-F9D1EF,Herbisida Bom Up 520 SL Kemasan 20 Liter - Pembasmi Gulma dari Akar ke Daun,General,1,1168927.0,IDR
ORD-30C23F0D,2026-06-07,C-11E2CD63,CV Kebun 8387,P-10ABDD,Herbisida Gramoxone 276 SL Kemasan 20 Liter - Parakuat Pembasmi Rumput Liar,General,1,1314525.0,IDR
ORD-36ACA83D,2026-06-07,C-06FA5A49,Koperasi Hijau 8409,P-05FE0B,Herbasida Garlon 670 EC Kemasan 100ml - Pembasmi Gulma Berkayu,Racun,1,42811.0,IDR
ORD-3B8198B7,2026-06-07,C-21EFABB1,Koperasi Hijau 7185,P-97F3A1,Herbisida Bom Up 520 SL Kemasan 1 Liter - Pembasmi Gulma dari Akar ke Daun,General,1,61271.0,IDR
ORD-3FD54752,2026-06-07,C-EB4769DF,Usaha Kebun 7919,P-DA0BCA,MOP/KCL Mentari 50kg,Pupuk Grosir,200,413201.0,IDR
ORD-6D0A1D70,2026-06-07,C-6E8936B7,Usaha Kebun 1199,P-41049F,Herbisida Metsulindo 20 WP Ukuran 250gr - Efektif kendalikan Gulma Muda,General,30,41985.0,IDR
ORD-770164D9,2026-06-07,C-5263A3DA,UD Agro 6722,P-64CA8D,Dolomite M-100 50kg,Toling,10,51777.0,IDR
ORD-780A514A,2026-06-07,C-4819F0B1,Koperasi Hijau 6569,P-E4C339,Herbisida Centatop 288 SL Kemasan 5 Liter - Herbisida Kontak Parakuat Pembasmi Gulma Cepat,General,2,309808.0,IDR
ORD-7B771662,2026-06-07,C-ADCB66E0,Mitra Tani 5512,P-6E74CB,Herbisida Bom Up 520 SL Kemasan 5 Liter - Pembasmi Gulma dari Akar ke Daun,General,1,312373.0,IDR
ORD-7D5F220D,2026-06-07,C-0EDC6AE5,Gapoktan 9309,P-F9D1EF,Herbisida Bom Up 520 SL Kemasan 20 Liter - Pembasmi Gulma dari Akar ke Daun,General,1,1168927.0,IDR
ORD-83B68E87,2026-06-07,C-A46EDA83,CV Kebun 4323,P-6E74CB,Herbisida Bom Up 520 SL Kemasan 5 Liter - Pembasmi Gulma dari Akar ke Daun,General,1,312373.0,IDR
ORD-962CC5D9,2026-06-07,C-E9B6D1CE,Distributor Bibit 7590,P-97F3A1,Herbisida Bom Up 520 SL Kemasan 1 Liter - Pembasmi Gulma dari Akar ke Daun,General,1,61271.0,IDR
ORD-9F5FD496,2026-06-07,C-E8117FBE,Distributor Bibit 7926,P-6E74CB,Herbisida Bom Up 520 SL Kemasan 5 Liter - Pembasmi Gulma dari Akar ke Daun,General,1,312373.0,IDR
ORD-A14F622F,2026-06-07,C-48F874B2,UD Agro 9354,P-4FE4FF,Herbisida Metsulindo 20 WP Ukuran 100gr - Efektif kendalikan Gulma Muda,General,1,41700.0,IDR
ORD-BC542ADA,2026-06-07,C-EFCEA531,Koperasi Hijau 1329,P-6E74CB,Herbisida Bom Up 520 SL Kemasan 5 Liter - Pembasmi Gulma dari Akar ke Daun,General,1,312373.0,IDR
ORD-C6471313,2026-06-07,C-9F73BB6F,Usaha Kebun 2967,P-97F3A1,Herbisida Bom Up 520 SL Kemasan 1 Liter - Pembasmi Gulma dari Akar ke Daun,General,1,61271.0,IDR
ORD-D019DFBB,2026-06-07,C-7A92B991,Koperasi Hijau 9113,P-FCD235,Herbasida Garlon 670 EC Kemasan 1 Liter - Pembasmi Gulma Berkayu,General,1,333753.0,IDR
ORD-D2084F5F,2026-06-07,C-97696FFB,CV Kebun 2563,P-385FCB,Herbisida Gramoxone 276 SL Kemasan 1 Liter - Parakuat Pembasmi Rumput Liar,General,1,79971.0,IDR
ORD-E814209A,2026-06-07,C-E7D72319,Koperasi Hijau 8121,P-05FE0B,Herbasida Garlon 670 EC Kemasan 100ml - Pembasmi Gulma Berkayu,Racun,1,42811.0,IDR
ORD-EBD63090,2026-06-07,C-0A71C3F1,Koperasi Hijau 7889,P-6E74CB,Herbisida Bom Up 520 SL Kemasan 5 Liter - Pembasmi Gulma dari Akar ke Daun,General,1,312373.0,IDR
ORD-EC76AD6B,2026-06-07,C-5A262715,Gapoktan 9813,P-FCD235,Herbasida Garlon 670 EC Kemasan 1 Liter - Pembasmi Gulma Berkayu,General,1,333753.0,IDR
ORD-F10B198B,2026-06-07,C-B095E3DC,Toko Pupuk 3212,P-41049F,Herbisida Metsulindo 20 WP Ukuran 250gr - Efektif kendalikan Gulma Muda,General,30,41985.0,IDR
ORD-11C80137,2026-06-08,C-0CFC9BF8,Mitra Tani 1592,P-FCD235,Herbasida Garlon 670 EC Kemasan 1 Liter - Pembasmi Gulma Berkayu,General,1,333753.0,IDR
ORD-188B96D1,2026-06-08,C-C52FC19E,Distributor Bibit 4310,P-97F3A1,Herbisida Bom Up 520 SL Kemasan 1 Liter - Pembasmi Gulma dari Akar ke Daun,General,1,61271.0,IDR
ORD-1B32CDCD,2026-06-08,C-20B9C01B,CV Kebun 9251,P-6E74CB,Herbisida Bom Up 520 SL Kemasan 5 Liter - Pembasmi Gulma dari Akar ke Daun,General,1,312373.0,IDR
ORD-30D9B898,2026-06-08,C-0EDC6AE5,Gapoktan 9309,P-F9D1EF,Herbisida Bom Up 520 SL Kemasan 20 Liter - Pembasmi Gulma dari Akar ke Daun,General,1,1168927.0,IDR
ORD-3F18E08D,2026-06-08,C-5CE7109E,Distributor Bibit 9942,P-385FCB,Herbisida Gramoxone 276 SL Kemasan 1 Liter - Parakuat Pembasmi Rumput Liar,General,1,79971.0,IDR
ORD-42CCA62F,2026-06-08,C-E7EAD697,Usaha Kebun 3255,P-41049F,Herbisida Metsulindo 20 WP Ukuran 250gr - Efektif kendalikan Gulma Muda,General,1,41985.0,IDR
ORD-42CCA62F,2026-06-08,C-E7EAD697,Usaha Kebun 3255,P-97F3A1,Herbisida Bom Up 520 SL Kemasan 1 Liter - Pembasmi Gulma dari Akar ke Daun,General,1,61271.0,IDR
ORD-44D6322A,2026-06-08,C-0A5B8F83,CV Kebun 1675,P-385FCB,Herbisida Gramoxone 276 SL Kemasan 1 Liter - Parakuat Pembasmi Rumput Liar,General,4,79971.0,IDR
ORD-483A0245,2026-06-08,C-CFF91A36,Distributor Bibit 8886,P-FCD235,Herbasida Garlon 670 EC Kemasan 1 Liter - Pembasmi Gulma Berkayu,General,1,333753.0,IDR
ORD-5CC31DFE,2026-06-08,C-B10ADE37,Usaha Kebun 1479,P-41049F,Herbisida Metsulindo 20 WP Ukuran 250gr - Efektif kendalikan Gulma Muda,General,6,41985.0,IDR
ORD-5CC31DFE,2026-06-08,C-B10ADE37,Usaha Kebun 1479,P-6E74CB,Herbisida Bom Up 520 SL Kemasan 5 Liter - Pembasmi Gulma dari Akar ke Daun,General,1,312373.0,IDR
ORD-77B0D875,2026-06-08,C-6B52D271,Koperasi Hijau 5937,P-97F3A1,Herbisida Bom Up 520 SL Kemasan 1 Liter - Pembasmi Gulma dari Akar ke Daun,General,1,61271.0,IDR
ORD-78AC26FC,2026-06-08,C-5772F969,Koperasi Hijau 9745,P-6E74CB,Herbisida Bom Up 520 SL Kemasan 5 Liter - Pembasmi Gulma dari Akar ke Daun,General,1,312373.0,IDR
ORD-7C47868D,2026-06-08,C-6C059F15,Gapoktan 5733,P-97F3A1,Herbisida Bom Up 520 SL Kemasan 1 Liter - Pembasmi Gulma dari Akar ke Daun,General,1,61271.0,IDR
ORD-82E1449F,2026-06-08,C-6D421A05,Gapoktan 1581,P-97F3A1,Herbisida Bom Up 520 SL Kemasan 1 Liter - Pembasmi Gulma dari Akar ke Daun,General,3,61271.0,IDR
ORD-87E4511F,2026-06-08,C-C1B516D7,Usaha Kebun 7551,P-97F3A1,Herbisida Bom Up 520 SL Kemasan 1 Liter - Pembasmi Gulma dari Akar ke Daun,General,2,61271.0,IDR
ORD-98162078,2026-06-08,C-560DDA0D,Gapoktan 5365,P-ADBBD0,RP Cap Daun 50Kg,Pupuk,1,136425.0,IDR
ORD-BD3547D8,2026-06-08,C-AD8E9F3D,Gapoktan 9245,P-385FCB,Herbisida Gramoxone 276 SL Kemasan 1 Liter - Parakuat Pembasmi Rumput Liar,General,1,79971.0,IDR
ORD-DA83817C,2026-06-08,C-466BD4B7,Usaha Kebun 6927,P-97F3A1,Herbisida Bom Up 520 SL Kemasan 1 Liter - Pembasmi Gulma dari Akar ke Daun,General,1,61271.0,IDR
ORD-F26086CF,2026-06-08,C-5F78E3E7,Usaha Kebun 2183,P-BEDEAF,Herbisida Bablass 490 SL Kemasan 5 Liter - Pembasmi Gulma dari Akar ke Daun,General,1,312405.0,IDR
ORD-FAE4B63A,2026-06-08,C-E4096F62,UD Agro 5586,P-41049F,Herbisida Metsulindo 20 WP Ukuran 250gr - Efektif kendalikan Gulma Muda,General,4,41985.0,IDR
ORD-FFC170A5,2026-06-08,C-56785FB8,Mitra Tani 2400,P-41049F,Herbisida Metsulindo 20 WP Ukuran 250gr - Efektif kendalikan Gulma Muda,General,2,41985.0,IDR
ORD-104A7603,2026-06-09,C-064A675A,UD Agro 6418,P-FCD235,Herbasida Garlon 670 EC Kemasan 1 Liter - Pembasmi Gulma Berkayu,General,1,333753.0,IDR
ORD-1575F34B,2026-06-09,C-F7D3B68B,CV Kebun 1179,P-6E74CB,Herbisida Bom Up 520 SL Kemasan 5 Liter - Pembasmi Gulma dari Akar ke Daun,General,1,312373.0,IDR
ORD-166029B3,2026-06-09,C-126EDE2A,UD Agro 7722,P-BEDEAF,Herbisida Bablass 490 SL Kemasan 5 Liter - Pembasmi Gulma dari Akar ke Daun,General,1,312405.0,IDR
ORD-198A2226,2026-06-09,C-C62A5430,Mitra Tani 9832,P-41049F,Herbisida Metsulindo 20 WP Ukuran 250gr - Efektif kendalikan Gulma Muda,General,20,41985.0,IDR
ORD-1EF26069,2026-06-09,C-F4A9A62E,Distributor Bibit 3830,P-BEDEAF,Herbisida Bablass 490 SL Kemasan 5 Liter - Pembasmi Gulma dari Akar ke Daun,General,1,312405.0,IDR
ORD-4040A264,2026-06-09,C-703A67CB,CV Kebun 4851,P-2D0BC8,Herbisida Gramoxone 276 SL Kemasan 5 Liter - Parakuat Pembasmi Rumput Liar,General,1,379947.0,IDR
ORD-5A6EC337,2026-06-09,C-8708A7B4,Toko Pupuk 3380,P-6E74CB,Herbisida Bom Up 520 SL Kemasan 5 Liter - Pembasmi Gulma dari Akar ke Daun,General,1,312373.0,IDR
ORD-61CB2D44,2026-06-09,C-F8F043B7,Usaha Kebun 1543,P-385FCB,Herbisida Gramoxone 276 SL Kemasan 1 Liter - Parakuat Pembasmi Rumput Liar,General,12,79971.0,IDR
ORD-736DC9C2,2026-06-09,C-F64A3C21,Koperasi Hijau 8193,P-05FE0B,Herbasida Garlon 670 EC Kemasan 100ml - Pembasmi Gulma Berkayu,Racun,2,42811.0,IDR
ORD-736DC9C2,2026-06-09,C-F64A3C21,Koperasi Hijau 8193,P-41049F,Herbisida Metsulindo 20 WP Ukuran 250gr - Efektif kendalikan Gulma Muda,General,2,41985.0,IDR
ORD-736DC9C2,2026-06-09,C-F64A3C21,Koperasi Hijau 8193,P-6E74CB,Herbisida Bom Up 520 SL Kemasan 5 Liter - Pembasmi Gulma dari Akar ke Daun,General,2,312373.0,IDR
ORD-7D7D7DC4,2026-06-09,C-BDCAF6C2,UD Agro 5266,P-10ABDD,Herbisida Gramoxone 276 SL Kemasan 20 Liter - Parakuat Pembasmi Rumput Liar,General,1,1314525.0,IDR
ORD-9702594F,2026-06-09,C-D89EC3FD,Gapoktan 3517,P-E4C339,Herbisida Centatop 288 SL Kemasan 5 Liter - Herbisida Kontak Parakuat Pembasmi Gulma Cepat,General,1,309808.0,IDR
ORD-9CC2AFEC,2026-06-09,C-6729D230,Mitra Tani 5032,P-05FE0B,Herbasida Garlon 670 EC Kemasan 100ml - Pembasmi Gulma Berkayu,Racun,20,42811.0,IDR
ORD-B0DD5C69,2026-06-09,C-8267CB7C,Toko Pupuk 4380,P-41049F,Herbisida Metsulindo 20 WP Ukuran 250gr - Efektif kendalikan Gulma Muda,General,1,41985.0,IDR
ORD-C4B9DC87,2026-06-09,C-A7FC6817,Usaha Kebun 5791,P-6E74CB,Herbisida Bom Up 520 SL Kemasan 5 Liter - Pembasmi Gulma dari Akar ke Daun,General,1,312373.0,IDR
ORD-C6114219,2026-06-09,C-82D8C2E8,Mitra Tani 9752,P-BEDEAF,Herbisida Bablass 490 SL Kemasan 5 Liter - Pembasmi Gulma dari Akar ke Daun,General,1,312405.0,IDR
ORD-D79B4745,2026-06-09,C-59891F35,Gapoktan 5645,P-BEDEAF,Herbisida Bablass 490 SL Kemasan 5 Liter - Pembasmi Gulma dari Akar ke Daun,General,1,312405.0,IDR
ORD-E9BB5D58,2026-06-09,C-E12B38C8,Mitra Tani 2184,P-FCD235,Herbasida Garlon 670 EC Kemasan 1 Liter - Pembasmi Gulma Berkayu,General,1,333753.0,IDR
ORD-100D63B4,2026-06-10,C-42A85BDA,UD Agro 8818,P-6E74CB,Herbisida Bom Up 520 SL Kemasan 5 Liter - Pembasmi Gulma dari Akar ke Daun,General,1,312373.0,IDR
ORD-188B3811,2026-06-10,C-194E9A45,Gapoktan 7701,P-5A9662,ROUNDUP 486 SL (4 Liter) - Herbisida Sistemik Glifosat Tuntas,Racun,4,389107.0,IDR
ORD-19F6879B,2026-06-10,C-7B5AE7AC,Toko Pupuk 6116,P-05FE0B,Herbasida Garlon 670 EC Kemasan 100ml - Pembasmi Gulma Berkayu,Racun,5,42811.0,IDR
ORD-29D38000,2026-06-10,C-7B90E043,CV Kebun 6163,P-28A54F,Turmadan 328 SL 1 Liter - Herbisida Parakuat Pembasmi Gulma Super Cepat,Racun,1,76499.0,IDR
ORD-3F34345D,2026-06-10,C-B748B2F1,Koperasi Hijau 1929,P-BEDEAF,Herbisida Bablass 490 SL Kemasan 5 Liter - Pembasmi Gulma dari Akar ke Daun,General,1,312405.0,IDR
ORD-45F24EEA,2026-06-10,C-F412B4E3,CV Kebun 2659,P-97F3A1,Herbisida Bom Up 520 SL Kemasan 1 Liter - Pembasmi Gulma dari Akar ke Daun,General,3,61271.0,IDR
ORD-46209DE2,2026-06-10,C-9B98113D,Gapoktan 3365,P-FCD235,Herbasida Garlon 670 EC Kemasan 1 Liter - Pembasmi Gulma Berkayu,General,1,333753.0,IDR
ORD-4B4EF432,2026-06-10,C-C3F02E7B,CV Kebun 3659,P-6E74CB,Herbisida Bom Up 520 SL Kemasan 5 Liter - Pembasmi Gulma dari Akar ke Daun,General,1,312373.0,IDR
ORD-5632D621,2026-06-10,C-809FD26B,CV Kebun 1739,P-385FCB,Herbisida Gramoxone 276 SL Kemasan 1 Liter - Parakuat Pembasmi Rumput Liar,General,1,79971.0,IDR
ORD-5632D621,2026-06-10,C-809FD26B,CV Kebun 1739,P-97F3A1,Herbisida Bom Up 520 SL Kemasan 1 Liter - Pembasmi Gulma dari Akar ke Daun,General,2,61271.0,IDR
ORD-62B28590,2026-06-10,C-AF1F760B,CV Kebun 7635,P-97F3A1,Herbisida Bom Up 520 SL Kemasan 1 Liter - Pembasmi Gulma dari Akar ke Daun,General,1,61271.0,IDR
ORD-6ABD9A7B,2026-06-10,C-746706D7,Usaha Kebun 9015,P-05FE0B,Herbasida Garlon 670 EC Kemasan 100ml - Pembasmi Gulma Berkayu,Racun,1,42811.0,IDR
ORD-773D2E32,2026-06-10,C-D2F3E77B,CV Kebun 4867,P-41049F,Herbisida Metsulindo 20 WP Ukuran 250gr - Efektif kendalikan Gulma Muda,General,2,52916.0,IDR
ORD-7B089D2D,2026-06-10,C-5CD8F7CD,Gapoktan 4085,P-BEDEAF,Herbisida Bablass 490 SL Kemasan 5 Liter - Pembasmi Gulma dari Akar ke Daun,General,1,312405.0,IDR
ORD-7B195E06,2026-06-10,C-3EBA3D24,Toko Pupuk 5740,P-6E74CB,Herbisida Bom Up 520 SL Kemasan 5 Liter - Pembasmi Gulma dari Akar ke Daun,General,4,312373.0,IDR
ORD-82C290AF,2026-06-10,C-C8E1DB8D,Gapoktan 7005,P-6E74CB,Herbisida Bom Up 520 SL Kemasan 5 Liter - Pembasmi Gulma dari Akar ke Daun,General,1,312373.0,IDR
ORD-862028B4,2026-06-10,C-711CF846,Distributor Bibit 2974,P-5A9662,ROUNDUP 486 SL (4 Liter) - Herbisida Sistemik Glifosat Tuntas,Racun,3,389107.0,IDR
ORD-89D207B7,2026-06-10,C-EDCDEE2A,UD Agro 6042,P-6E74CB,Herbisida Bom Up 520 SL Kemasan 5 Liter - Pembasmi Gulma dari Akar ke Daun,General,1,312373.0,IDR
ORD-9BC0FE56,2026-06-10,C-A25E5A88,Mitra Tani 9552,P-97F3A1,Herbisida Bom Up 520 SL Kemasan 1 Liter - Pembasmi Gulma dari Akar ke Daun,General,1,61271.0,IDR
ORD-B5F17FBF,2026-06-10,C-7742BB08,Mitra Tani 9960,P-BEDEAF,Herbisida Bablass 490 SL Kemasan 5 Liter - Pembasmi Gulma dari Akar ke Daun,General,2,312405.0,IDR
ORD-BCCF68A8,2026-06-10,C-9F19B5D4,Toko Pupuk 7292,P-97F3A1,Herbisida Bom Up 520 SL Kemasan 1 Liter - Pembasmi Gulma dari Akar ke Daun,General,1,61271.0,IDR
ORD-D8BA9B92,2026-06-10,C-D0C38A96,Distributor Bibit 9926,P-385FCB,Herbisida Gramoxone 276 SL Kemasan 1 Liter - Parakuat Pembasmi Rumput Liar,General,5,79971.0,IDR
ORD-E83A25B9,2026-06-10,C-49094CCC,Toko Pupuk 6252,P-6E74CB,Herbisida Bom Up 520 SL Kemasan 5 Liter - Pembasmi Gulma dari Akar ke Daun,General,2,312373.0,IDR
ORD-F2CE6B4E,2026-06-10,C-BFB91B7F,Usaha Kebun 7455,P-05FE0B,Herbasida Garlon 670 EC Kemasan 100ml - Pembasmi Gulma Berkayu,Racun,6,42811.0,IDR
ORD-F69C1149,2026-06-10,C-275FFBF8,Mitra Tani 2848,P-97F3A1,Herbisida Bom Up 520 SL Kemasan 1 Liter - Pembasmi Gulma dari Akar ke Daun,General,2,61271.0,IDR
ORD-F6CC2780,2026-06-10,C-B1C2D934,Toko Pupuk 7820,P-05FE0B,Herbasida Garlon 670 EC Kemasan 100ml - Pembasmi Gulma Berkayu,Racun,2,42811.0,IDR
ORD-0F4A6C11,2026-06-11,C-40A05E2E,Distributor Bibit 4694,P-C21693,ZA Cap Daun 50Kg,Pupuk Grosir,200,380118.0,IDR
ORD-18C57E16,2026-06-11,C-142D7587,Usaha Kebun 7527,P-BEDEAF,Herbisida Bablass 490 SL Kemasan 5 Liter - Pembasmi Gulma dari Akar ke Daun,General,1,312405.0,IDR
ORD-81514472,2026-06-11,C-A79D2174,Toko Pupuk 7788,P-F9D1EF,Herbisida Bom Up 520 SL Kemasan 20 Liter - Pembasmi Gulma dari Akar ke Daun,General,1,1168927.0,IDR
ORD-81EB491D,2026-06-11,C-3C650159,Koperasi Hijau 6441,P-41049F,Herbisida Metsulindo 20 WP Ukuran 250gr - Efektif kendalikan Gulma Muda,General,2,52916.0,IDR
ORD-8816416F,2026-06-11,C-AF3DB449,Koperasi Hijau 9649,P-05FE0B,Herbasida Garlon 670 EC Kemasan 100ml - Pembasmi Gulma Berkayu,Racun,1,42811.0,IDR
ORD-8B7BDD63,2026-06-11,C-7324742F,Usaha Kebun 9879,P-BEDEAF,Herbisida Bablass 490 SL Kemasan 5 Liter - Pembasmi Gulma dari Akar ke Daun,General,2,312405.0,IDR
ORD-AD01578E,2026-06-11,C-3FEF0C01,Koperasi Hijau 2785,P-41049F,Herbisida Metsulindo 20 WP Ukuran 250gr - Efektif kendalikan Gulma Muda,General,1,52916.0,IDR
ORD-C3F8430E,2026-06-11,C-F41D35CE,Distributor Bibit 7022,P-FCD235,Herbasida Garlon 670 EC Kemasan 1 Liter - Pembasmi Gulma Berkayu,General,1,333753.0,IDR
ORD-DC8894B7,2026-06-11,C-0AB2C687,Usaha Kebun 2391,P-F9D1EF,Herbisida Bom Up 520 SL Kemasan 20 Liter - Pembasmi Gulma dari Akar ke Daun,General,1,1168927.0,IDR
ORD-E191FDB8,2026-06-11,C-C32E85F2,UD Agro 2066,P-05A702,Marxone 300 SL - 20 Liter,Racun,3,770400.0,IDR
ORD-E3876FA7,2026-06-11,C-98479ACD,Gapoktan 9517,P-6E74CB,Herbisida Bom Up 520 SL Kemasan 5 Liter - Pembasmi Gulma dari Akar ke Daun,General,1,312373.0,IDR
ORD-F0990440,2026-06-11,C-6EF7295F,Usaha Kebun 6743,P-05FE0B,Herbasida Garlon 670 EC Kemasan 100ml - Pembasmi Gulma Berkayu,Racun,1,42811.0,IDR
ORD-047FC0C2,2026-06-12,C-263FC587,Usaha Kebun 5543,P-4FE4FF,Herbisida Metsulindo 20 WP Ukuran 100gr - Efektif kendalikan Gulma Muda,General,3,41993.0,IDR
ORD-4EBFDC58,2026-06-12,C-3F177B20,Mitra Tani 5456,P-385FCB,Herbisida Gramoxone 276 SL Kemasan 1 Liter - Parakuat Pembasmi Rumput Liar,General,1,79971.0,IDR
ORD-4EBFDC58,2026-06-12,C-3F177B20,Mitra Tani 5456,P-516722,ROUNDUP 486 SL (1 Liter) - Herbisida Sistemik Glifosat Tuntas,General,1,110000.0,IDR
ORD-57467DE2,2026-06-12,C-93695750,Mitra Tani 9384,P-4D9CD6,ROUNDUP 486 SL (20 Liter) - Herbisida Sistemik Glifosat Tuntas,Racun,1,1736687.0,IDR
ORD-5FFC3465,2026-06-12,C-B708C693,CV Kebun 6651,P-28A54F,Turmadan 328 SL 1 Liter - Herbisida Parakuat Pembasmi Gulma Super Cepat,Racun,1,76499.0,IDR
ORD-65D95A42,2026-06-12,C-8233F833,CV Kebun 9955,P-385FCB,Herbisida Gramoxone 276 SL Kemasan 1 Liter - Parakuat Pembasmi Rumput Liar,General,1,79971.0,IDR
ORD-676C80D3,2026-06-12,C-F3E1EB7A,UD Agro 9370,P-BEDEAF,Herbisida Bablass 490 SL Kemasan 5 Liter - Pembasmi Gulma dari Akar ke Daun,General,1,312405.0,IDR
ORD-678AC527,2026-06-12,C-43CA1E61,Koperasi Hijau 8521,P-6E74CB,Herbisida Bom Up 520 SL Kemasan 5 Liter - Pembasmi Gulma dari Akar ke Daun,General,1,312373.0,IDR
ORD-79C8A43B,2026-06-12,C-9BCEA3FE,Distributor Bibit 6878,P-B2BB93,Benih Sawit Topaz 1-3 Seri 4 (100 butir),Benih,5,950000.0,IDR
ORD-9FAFB078,2026-06-12,C-1505649D,Gapoktan 1973,P-BEDEAF,Herbisida Bablass 490 SL Kemasan 5 Liter - Pembasmi Gulma dari Akar ke Daun,General,1,312405.0,IDR
ORD-A863CC75,2026-06-12,C-B56B51EE,Distributor Bibit 9422,P-05FE0B,Herbasida Garlon 670 EC Kemasan 100ml - Pembasmi Gulma Berkayu,Racun,4,42811.0,IDR
ORD-AAA4595E,2026-06-12,C-895A8B34,Toko Pupuk 8468,P-F9D1EF,Herbisida Bom Up 520 SL Kemasan 20 Liter - Pembasmi Gulma dari Akar ke Daun,General,1,1168927.0,IDR
ORD-C37D72E4,2026-06-12,C-B78D2EC8,Mitra Tani 8080,P-41049F,Herbisida Metsulindo 20 WP Ukuran 250gr - Efektif kendalikan Gulma Muda,General,4,52916.0,IDR
ORD-07197B4B,2026-06-13,C-2D44A818,Mitra Tani 1200,P-28A54F,Turmadan 328 SL 1 Liter - Herbisida Parakuat Pembasmi Gulma Super Cepat,Racun,1,76499.0,IDR
ORD-29537193,2026-06-13,C-16EA4E2D,Gapoktan 2189,P-6E74CB,Herbisida Bom Up 520 SL Kemasan 5 Liter - Pembasmi Gulma dari Akar ke Daun,General,1,312373.0,IDR
ORD-3F3979F5,2026-06-13,C-5ABE702C,Toko Pupuk 8996,P-A1BDE2,Herbisida Bablass 490 SL Kemasan 1 Liter - Pembasmi Gulma dari Akar ke Daun,General,1,63103.0,IDR
ORD-3FC1A008,2026-06-13,C-7FAC4304,Toko Pupuk 5780,P-41049F,Herbisida Metsulindo 20 WP Ukuran 250gr - Efektif kendalikan Gulma Muda,General,4,52916.0,IDR
ORD-453E9A20,2026-06-13,C-9CF5051D,Gapoktan 3325,P-05FE0B,Herbasida Garlon 670 EC Kemasan 100ml - Pembasmi Gulma Berkayu,Racun,2,42811.0,IDR
ORD-691D8173,2026-06-13,C-CD5AA9D5,Gapoktan 8997,P-97F3A1,Herbisida Bom Up 520 SL Kemasan 1 Liter - Pembasmi Gulma dari Akar ke Daun,General,2,61271.0,IDR
ORD-8AD7F51F,2026-06-13,C-28E6EF70,Mitra Tani 1216,P-97F3A1,Herbisida Bom Up 520 SL Kemasan 1 Liter - Pembasmi Gulma dari Akar ke Daun,General,10,61271.0,IDR
ORD-9C27F874,2026-06-13,C-2DB0C986,Distributor Bibit 4646,P-FCD235,Herbasida Garlon 670 EC Kemasan 1 Liter - Pembasmi Gulma Berkayu,General,1,333753.0,IDR
ORD-B550F273,2026-06-13,C-24AFDBC0,Mitra Tani 4832,P-BEDEAF,Herbisida Bablass 490 SL Kemasan 5 Liter - Pembasmi Gulma dari Akar ke Daun,General,2,312405.0,IDR
ORD-C0587810,2026-06-13,C-47D135B6,Distributor Bibit 1110,P-6E74CB,Herbisida Bom Up 520 SL Kemasan 5 Liter - Pembasmi Gulma dari Akar ke Daun,General,2,312373.0,IDR
ORD-CE233056,2026-06-13,C-3BCCD509,Koperasi Hijau 5625,P-97F3A1,Herbisida Bom Up 520 SL Kemasan 1 Liter - Pembasmi Gulma dari Akar ke Daun,General,6,61271.0,IDR
ORD-CFC7CB04,2026-06-13,C-1C74504A,UD Agro 7778,P-BEDEAF,Herbisida Bablass 490 SL Kemasan 5 Liter - Pembasmi Gulma dari Akar ke Daun,General,1,312405.0,IDR
ORD-0908AEA7,2026-06-14,C-0E54CA36,Distributor Bibit 3814,P-97F3A1,Herbisida Bom Up 520 SL Kemasan 1 Liter - Pembasmi Gulma dari Akar ke Daun,General,1,61271.0,IDR
ORD-0D178B82,2026-06-14,C-994C7CC8,Mitra Tani 6728,P-97F3A1,Herbisida Bom Up 520 SL Kemasan 1 Liter - Pembasmi Gulma dari Akar ke Daun,General,1,61271.0,IDR
ORD-410DDFB3,2026-06-14,C-766CADCE,Distributor Bibit 3870,P-05FE0B,Herbasida Garlon 670 EC Kemasan 100ml - Pembasmi Gulma Berkayu,Racun,5,42811.0,IDR
ORD-49C9D9BA,2026-06-14,C-9363F506,Distributor Bibit 7542,P-41049F,Herbisida Metsulindo 20 WP Ukuran 250gr - Efektif kendalikan Gulma Muda,General,1,52916.0,IDR
ORD-4B8EB582,2026-06-14,C-86C47FBC,Toko Pupuk 9700,P-A1BDE2,Herbisida Bablass 490 SL Kemasan 1 Liter - Pembasmi Gulma dari Akar ke Daun,General,20,63103.0,IDR
ORD-610387EE,2026-06-14,C-6053ECE6,Distributor Bibit 1870,P-6E74CB,Herbisida Bom Up 520 SL Kemasan 5 Liter - Pembasmi Gulma dari Akar ke Daun,General,1,312373.0,IDR
ORD-655B992D,2026-06-14,C-47478C2C,Toko Pupuk 6276,P-97F3A1,Herbisida Bom Up 520 SL Kemasan 1 Liter - Pembasmi Gulma dari Akar ke Daun,General,3,61271.0,IDR
ORD-68F7967B,2026-06-14,C-D2E3D30C,Toko Pupuk 4060,P-41049F,Herbisida Metsulindo 20 WP Ukuran 250gr - Efektif kendalikan Gulma Muda,General,4,52916.0,IDR
ORD-7020A698,2026-06-14,C-2484760B,CV Kebun 4747,P-6E74CB,Herbisida Bom Up 520 SL Kemasan 5 Liter - Pembasmi Gulma dari Akar ke Daun,General,1,312373.0,IDR
ORD-8D5701CA,2026-06-14,C-784BBF61,Koperasi Hijau 8113,P-05FE0B,Herbasida Garlon 670 EC Kemasan 100ml - Pembasmi Gulma Berkayu,Racun,1,42811.0,IDR
ORD-9C4D051F,2026-06-14,C-2128052B,CV Kebun 8891,P-05FE0B,Herbasida Garlon 670 EC Kemasan 100ml - Pembasmi Gulma Berkayu,Racun,1,42811.0,IDR
ORD-9D0DA4F6,2026-06-14,C-3F7F225B,CV Kebun 3475,P-28A54F,Turmadan 328 SL 1 Liter - Herbisida Parakuat Pembasmi Gulma Super Cepat,Racun,2,76499.0,IDR
ORD-BA22001B,2026-06-14,C-1BA94178,Mitra Tani 2176,P-05FE0B,Herbasida Garlon 670 EC Kemasan 100ml - Pembasmi Gulma Berkayu,Racun,1,42811.0,IDR
ORD-CEEC95CB,2026-06-14,C-38D8CFF6,Distributor Bibit 4110,P-05FE0B,Herbasida Garlon 670 EC Kemasan 100ml - Pembasmi Gulma Berkayu,Racun,1,42811.0,IDR
ORD-0731FD5A,2026-06-15,C-E5DB1443,CV Kebun 3035,P-6E74CB,Herbisida Bom Up 520 SL Kemasan 5 Liter - Pembasmi Gulma dari Akar ke Daun,General,1,312373.0,IDR
ORD-204FDEEA,2026-06-15,C-FD7CB21D,Gapoktan 2709,P-6E74CB,Herbisida Bom Up 520 SL Kemasan 5 Liter - Pembasmi Gulma dari Akar ke Daun,General,2,312373.0,IDR
ORD-26CF0F4A,2026-06-15,C-9546233D,Gapoktan 8725,P-6E74CB,Herbisida Bom Up 520 SL Kemasan 5 Liter - Pembasmi Gulma dari Akar ke Daun,General,1,312373.0,IDR
ORD-38C5FADD,2026-06-15,C-C9726CAA,UD Agro 4338,P-97F3A1,Herbisida Bom Up 520 SL Kemasan 1 Liter - Pembasmi Gulma dari Akar ke Daun,General,1,61271.0,IDR
ORD-38FC7D18,2026-06-15,C-3E594444,Toko Pupuk 4572,P-F9D1EF,Herbisida Bom Up 520 SL Kemasan 20 Liter - Pembasmi Gulma dari Akar ke Daun,General,1,1168927.0,IDR
ORD-4B1EACBF,2026-06-15,C-77B2D111,Koperasi Hijau 2633,P-BEDEAF,Herbisida Bablass 490 SL Kemasan 5 Liter - Pembasmi Gulma dari Akar ke Daun,General,1,312405.0,IDR
ORD-5302479C,2026-06-15,C-7386A08C,Toko Pupuk 8764,P-BEDEAF,Herbisida Bablass 490 SL Kemasan 5 Liter - Pembasmi Gulma dari Akar ke Daun,General,1,312405.0,IDR
ORD-55AD5276,2026-06-15,C-20B86817,Usaha Kebun 2183,P-FCD235,Herbasida Garlon 670 EC Kemasan 1 Liter - Pembasmi Gulma Berkayu,General,1,333753.0,IDR
ORD-59001B55,2026-06-15,C-216224CB,CV Kebun 2075,P-BEDEAF,Herbisida Bablass 490 SL Kemasan 5 Liter - Pembasmi Gulma dari Akar ke Daun,General,4,312405.0,IDR
ORD-5BE54A6A,2026-06-15,C-BFFEC6C5,Gapoktan 1285,P-05FE0B,Herbasida Garlon 670 EC Kemasan 100ml - Pembasmi Gulma Berkayu,Racun,50,42811.0,IDR
ORD-64F469AC,2026-06-15,C-2298C598,Mitra Tani 1400,P-F9D1EF,Herbisida Bom Up 520 SL Kemasan 20 Liter - Pembasmi Gulma dari Akar ke Daun,General,1,1168927.0,IDR
ORD-6F9E979E,2026-06-15,C-2EE87050,Mitra Tani 8040,P-6E74CB,Herbisida Bom Up 520 SL Kemasan 5 Liter - Pembasmi Gulma dari Akar ke Daun,General,1,312373.0,IDR
ORD-710EA717,2026-06-15,C-6D578BB7,Usaha Kebun 2943,P-0584FE,Dokter Sawit WhatsApp Pribadi,Layanan Agronomi,1,250000.0,IDR
ORD-7A776E09,2026-06-15,C-7D5764E1,Koperasi Hijau 3457,P-05FE0B,Herbasida Garlon 670 EC Kemasan 100ml - Pembasmi Gulma Berkayu,Racun,1,42811.0,IDR
ORD-7E2D9DF3,2026-06-15,C-41755E48,Mitra Tani 4888,P-2D0BC8,Herbisida Gramoxone 276 SL Kemasan 5 Liter - Parakuat Pembasmi Rumput Liar,General,1,379947.0,IDR
ORD-8436A046,2026-06-15,C-67AE0281,Koperasi Hijau 1153,P-6E74CB,Herbisida Bom Up 520 SL Kemasan 5 Liter - Pembasmi Gulma dari Akar ke Daun,General,1,312373.0,IDR
ORD-87268000,2026-06-15,C-0EA2E7D4,Toko Pupuk 2204,P-97F3A1,Herbisida Bom Up 520 SL Kemasan 1 Liter - Pembasmi Gulma dari Akar ke Daun,General,1,61271.0,IDR
ORD-8B806A4F,2026-06-15,C-A8DF9311,Koperasi Hijau 7465,P-6E74CB,Herbisida Bom Up 520 SL Kemasan 5 Liter - Pembasmi Gulma dari Akar ke Daun,General,1,312373.0,IDR
ORD-8E470BE5,2026-06-15,C-BF04E587,Usaha Kebun 5159,P-28A54F,Turmadan 328 SL 1 Liter - Herbisida Parakuat Pembasmi Gulma Super Cepat,Racun,1,76499.0,IDR
ORD-94152A6F,2026-06-15,C-F0B65405,Gapoktan 1901,P-FCD235,Herbasida Garlon 670 EC Kemasan 1 Liter - Pembasmi Gulma Berkayu,General,3,333753.0,IDR
ORD-9F1660BA,2026-06-15,C-968E8D3A,UD Agro 3666,P-05FE0B,Herbasida Garlon 670 EC Kemasan 100ml - Pembasmi Gulma Berkayu,Racun,1,42811.0,IDR
ORD-9F43C66A,2026-06-15,C-494FF35B,CV Kebun 1411,P-10ABDD,Herbisida Gramoxone 276 SL Kemasan 20 Liter - Parakuat Pembasmi Rumput Liar,General,1,1314525.0,IDR
ORD-9F43C66A,2026-06-15,C-494FF35B,CV Kebun 1411,P-5A9662,ROUNDUP 486 SL (4 Liter) - Herbisida Sistemik Glifosat Tuntas,Racun,1,389107.0,IDR
ORD-BE08A642,2026-06-15,C-8B83E0B1,Koperasi Hijau 1761,P-28A54F,Turmadan 328 SL 1 Liter - Herbisida Parakuat Pembasmi Gulma Super Cepat,Racun,1,76499.0,IDR
ORD-BE884CE6,2026-06-15,C-DFCCF9CC,Toko Pupuk 7460,P-BEDEAF,Herbisida Bablass 490 SL Kemasan 5 Liter - Pembasmi Gulma dari Akar ke Daun,General,1,312405.0,IDR
ORD-C0025EAC,2026-06-15,C-0157D95D,Gapoktan 8493,P-F9D1EF,Herbisida Bom Up 520 SL Kemasan 20 Liter - Pembasmi Gulma dari Akar ke Daun,General,1,1168927.0,IDR
ORD-C9974FF4,2026-06-15,C-E2D33C6C,Toko Pupuk 7380,P-05FE0B,Herbasida Garlon 670 EC Kemasan 100ml - Pembasmi Gulma Berkayu,Racun,2,42811.0,IDR
ORD-CA625A80,2026-06-15,C-46FFE1F8,Mitra Tani 7648,P-97F3A1,Herbisida Bom Up 520 SL Kemasan 1 Liter - Pembasmi Gulma dari Akar ke Daun,General,1,61271.0,IDR
ORD-D6E83577,2026-06-15,C-2DB0C039,Koperasi Hijau 2265,P-FCD235,Herbasida Garlon 670 EC Kemasan 1 Liter - Pembasmi Gulma Berkayu,General,1,333753.0,IDR
ORD-E36F51EF,2026-06-15,C-0BAB1773,CV Kebun 4035,P-97F3A1,Herbisida Bom Up 520 SL Kemasan 1 Liter - Pembasmi Gulma dari Akar ke Daun,General,1,61271.0,IDR
ORD-EE6946AA,2026-06-15,C-00BCF3B6,Distributor Bibit 9158,P-6E74CB,Herbisida Bom Up 520 SL Kemasan 5 Liter - Pembasmi Gulma dari Akar ke Daun,General,1,312373.0,IDR
ORD-F9FC19E0,2026-06-15,C-573FD846,Distributor Bibit 6926,P-BEDEAF,Herbisida Bablass 490 SL Kemasan 5 Liter - Pembasmi Gulma dari Akar ke Daun,General,1,312405.0,IDR
ORD-0846C2D8,2026-06-16,C-1501631D,Gapoktan 9445,P-DA0BCA,MOP/KCL Mentari 50kg,Khusus Petani,40,405744.0,IDR
ORD-0CADA589,2026-06-16,C-E4569764,Toko Pupuk 4100,P-6E74CB,Herbisida Bom Up 520 SL Kemasan 5 Liter - Pembasmi Gulma dari Akar ke Daun,General,1,312373.0,IDR
ORD-11428126,2026-06-16,C-B62EE1B6,Distributor Bibit 9750,P-05FE0B,Herbasida Garlon 670 EC Kemasan 100ml - Pembasmi Gulma Berkayu,Racun,2,42811.0,IDR
ORD-2667B052,2026-06-16,C-A0DC26BA,UD Agro 7394,P-97F3A1,Herbisida Bom Up 520 SL Kemasan 1 Liter - Pembasmi Gulma dari Akar ke Daun,General,1,61271.0,IDR
ORD-323480D4,2026-06-16,C-41138229,Koperasi Hijau 8545,P-A1BDE2,Herbisida Bablass 490 SL Kemasan 1 Liter - Pembasmi Gulma dari Akar ke Daun,General,1,63103.0,IDR
ORD-4CFE4A5F,2026-06-16,C-67D2B13E,Distributor Bibit 2182,P-D7E146,NPK Sawit 13-8-27-4 0.5 B Pak Tani 50kg,Khusus Petani,100,570096.0,IDR
ORD-596AE693,2026-06-16,C-055AE69D,Gapoktan 6357,P-6E74CB,Herbisida Bom Up 520 SL Kemasan 5 Liter - Pembasmi Gulma dari Akar ke Daun,General,1,312373.0,IDR
ORD-5E06B28D,2026-06-16,C-29D277D6,Distributor Bibit 2094,P-BEDEAF,Herbisida Bablass 490 SL Kemasan 5 Liter - Pembasmi Gulma dari Akar ke Daun,General,1,312405.0,IDR
ORD-94570257,2026-06-16,C-DC569548,Mitra Tani 2832,P-41049F,Herbisida Metsulindo 20 WP Ukuran 250gr - Efektif kendalikan Gulma Muda,General,2,52564.0,IDR
ORD-BE7EAAF7,2026-06-16,C-49D5EF45,Gapoktan 7189,P-28A54F,Turmadan 328 SL 1 Liter - Herbisida Parakuat Pembasmi Gulma Super Cepat,Racun,1,76499.0,IDR
ORD-E47F143B,2026-06-16,C-E63E42F0,Mitra Tani 5048,P-97F3A1,Herbisida Bom Up 520 SL Kemasan 1 Liter - Pembasmi Gulma dari Akar ke Daun,General,2,61271.0,IDR
ORD-F3D39C7E,2026-06-16,C-8619F1AF,Usaha Kebun 1215,P-5A9662,ROUNDUP 486 SL (4 Liter) - Herbisida Sistemik Glifosat Tuntas,Racun,1,389107.0,IDR
ORD-02331838,2026-06-17,C-B5366E26,Distributor Bibit 8238,P-2D0BC8,Herbisida Gramoxone 276 SL Kemasan 5 Liter - Parakuat Pembasmi Rumput Liar,General,1,365385.0,IDR
ORD-03AA4066,2026-06-17,C-87F0B8F5,Gapoktan 2149,P-385FCB,Herbisida Gramoxone 276 SL Kemasan 1 Liter - Parakuat Pembasmi Rumput Liar,General,1,83333.0,IDR
ORD-04E4DC08,2026-06-17,C-ED1E0958,Mitra Tani 7664,P-3630B1,Minyak Goreng 1 Liter - Minyak Hemat Petani Hebat,Minyak Hemat,1,21000.0,IDR
ORD-1120B1D8,2026-06-17,C-DA3F0E5B,CV Kebun 6531,P-3630B1,Minyak Goreng 1 Liter - Minyak Hemat Petani Hebat,Minyak Hemat,1,21000.0,IDR
ORD-25008416,2026-06-17,C-65B133A0,Mitra Tani 9904,P-6E74CB,Herbisida Bom Up 520 SL Kemasan 5 Liter - Pembasmi Gulma dari Akar ke Daun,General,1,333333.0,IDR
ORD-5BEE8F62,2026-06-17,C-C2979D9A,UD Agro 3186,P-05FE0B,Herbasida Garlon 670 EC Kemasan 100ml - Pembasmi Gulma Berkayu,Racun,1,50000.0,IDR
ORD-5DE1C66B,2026-06-17,C-899BABDD,Gapoktan 1669,P-6E74CB,Herbisida Bom Up 520 SL Kemasan 5 Liter - Pembasmi Gulma dari Akar ke Daun,General,1,333333.0,IDR
ORD-63F7DF92,2026-06-17,C-D4DDDF19,Koperasi Hijau 3361,P-6E74CB,Herbisida Bom Up 520 SL Kemasan 5 Liter - Pembasmi Gulma dari Akar ke Daun,General,2,333333.0,IDR
ORD-7350F570,2026-06-17,C-1D0DC9FE,Distributor Bibit 3942,P-3630B1,Minyak Goreng 1 Liter - Minyak Hemat Petani Hebat,Minyak Hemat,1,21000.0,IDR
ORD-88652017,2026-06-17,C-AB5C8381,Koperasi Hijau 7913,P-3630B1,Minyak Goreng 1 Liter - Minyak Hemat Petani Hebat,Minyak Hemat,1,21000.0,IDR
ORD-8BDD5E6B,2026-06-17,C-015AE90C,Toko Pupuk 2116,P-54AEF5,Urea Nitrea 46% N 50kg,Pupuk Grosir,500,629160.0,IDR
ORD-CBB8519C,2026-06-17,C-B8AE07F8,Mitra Tani 2048,P-28A54F,Turmadan 328 SL 1 Liter - Herbisida Parakuat Pembasmi Gulma Super Cepat,Racun,15,83333.0,IDR
ORD-CC1D0DAD,2026-06-17,C-F2AF9E17,Usaha Kebun 5543,P-C21693,ZA Cap Daun 50kg,Toling,5,380118.0,IDR
ORD-DD4FD868,2026-06-17,C-DA260EAC,Toko Pupuk 6212,P-05FE0B,Herbasida Garlon 670 EC Kemasan 100ml - Pembasmi Gulma Berkayu,Racun,4,50000.0,IDR
ORD-E5CA62BB,2026-06-17,C-61C6BEFE,Distributor Bibit 3974,P-94768A,Bom Up 520 SL - 5 Liter,Toling,4,272636.0,IDR
ORD-E5CA62BB,2026-06-17,C-61C6BEFE,Distributor Bibit 3974,P-FD375A,Metsulindo 20 WP - 250gr,Toling,9,42993.0,IDR
ORD-F40A8E96,2026-06-17,C-5AC3A972,UD Agro 9338,P-8E4F1B,Dokter Sawit WhatsApp Group,Layanan Agronomi,12,100000.0,IDR
ORD-077AE303,2026-06-18,C-C5782846,Distributor Bibit 6182,P-10ABDD,Herbisida Gramoxone 276 SL Kemasan 20 Liter - Parakuat Pembasmi Rumput Liar,General,1,1262821.0,IDR
ORD-403FE1E5,2026-06-18,C-B254739F,Usaha Kebun 1071,P-FCD235,Herbasida Garlon 670 EC Kemasan 1 Liter - Pembasmi Gulma Berkayu,General,1,423077.0,IDR
ORD-4A3736E3,2026-06-18,C-A0439C13,CV Kebun 9427,P-41049F,Herbisida Metsulindo 20 WP Ukuran 250gr - Efektif kendalikan Gulma Muda,General,1,52564.0,IDR
ORD-5077A239,2026-06-18,C-342F60DB,CV Kebun 1219,P-F0B741,Pupuk 50kg,Pupuk,40,305000.0,IDR
ORD-7BADDEB6,2026-06-18,C-59C33A0B,CV Kebun 6603,P-97F3A1,Herbisida Bom Up 520 SL Kemasan 1 Liter - Pembasmi Gulma dari Akar ke Daun,General,2,69231.0,IDR
ORD-BCE2C42E,2026-06-18,C-E81CD80E,Distributor Bibit 4430,P-2A5326,RP Mahkota 50kg - Egypt,Pupuk Grosir,200,120589.0,IDR
ORD-C7707E44,2026-06-18,C-9529A8ED,Gapoktan 5405,P-6E74CB,Herbisida Bom Up 520 SL Kemasan 5 Liter - Pembasmi Gulma dari Akar ke Daun,General,1,333333.0,IDR
ORD-D67E6531,2026-06-18,C-B04CADAE,Distributor Bibit 2214,P-D7E146,NPK Sawit 13-8-27-4 0.5 B Pak Tani 50kg,Pupuk Grosir,600,581973.0,IDR
ORD-E5BC4EB2,2026-06-18,C-FC0F1D4C,Toko Pupuk 1972,P-2A5326,RP Mahkota 50kg - Egypt,Pupuk Grosir,200,120589.0,IDR
ORD-EB74BFD8,2026-06-18,C-FC0F1D4C,Toko Pupuk 1972,P-F0B741,Pupuk 50kg,Pupuk,80,305000.0,IDR
ORD-3FC4E5B4,2026-06-19,C-C7E32FA0,Mitra Tani 2848,P-2D0BC8,Herbisida Gramoxone 276 SL Kemasan 5 Liter - Parakuat Pembasmi Rumput Liar,General,1,365385.0,IDR
ORD-4E30FF6E,2026-06-19,C-5F11842E,Distributor Bibit 4470,P-101D4A,Triester 670 EC 100 ml - Herbisida Khusus Pembasmi Semak & Gulma Berkayu,Racun,1,41667.0,IDR
ORD-67B86E34,2026-06-19,C-43C115CB,CV Kebun 1499,P-DDA2C3,"Pupuk Meroke Korn-Kali B (KKB) 50kg - Kalium, Magnesium & Sulfur Terbaik",Pupuk,1,704225.0,IDR
ORD-7DB6E0E2,2026-06-19,C-33764FBD,Gapoktan 4677,P-F9D1EF,Herbisida Bom Up 520 SL Kemasan 20 Liter - Pembasmi Gulma dari Akar ke Daun,General,1,1282051.0,IDR
ORD-A3FAD328,2026-06-19,C-BFAA7846,Distributor Bibit 2166,P-10ABDD,Herbisida Gramoxone 276 SL Kemasan 20 Liter - Parakuat Pembasmi Rumput Liar,General,1,1262821.0,IDR
ORD-AEDDFF5B,2026-06-19,C-ECE29F76,Distributor Bibit 1934,P-A1BDE2,Herbisida Bablass 490 SL Kemasan 1 Liter - Pembasmi Gulma dari Akar ke Daun,General,1,74359.0,IDR
ORD-E78A1631,2026-06-19,C-B2AD1942,UD Agro 5642,P-385FCB,Herbisida Gramoxone 276 SL Kemasan 1 Liter - Parakuat Pembasmi Rumput Liar,General,1,83333.0,IDR
ORD-EB5AA2E8,2026-06-19,C-99FD0B6D,Gapoktan 3581,P-4FE4FF,Herbisida Metsulindo 20 WP Ukuran 100gr - Efektif kendalikan Gulma Muda,General,2,34615.0,IDR
ORD-EE61B6C9,2026-06-19,C-7B870241,Koperasi Hijau 7505,P-41049F,Herbisida Metsulindo 20 WP Ukuran 250gr - Efektif kendalikan Gulma Muda,General,4,52564.0,IDR
ORD-FF29DC3D,2026-06-19,C-42AE4079,Koperasi Hijau 8025,P-41049F,Herbisida Metsulindo 20 WP Ukuran 250gr - Efektif kendalikan Gulma Muda,General,1,52564.0,IDR
ORD-089A868A,2026-06-20,C-3BB8407A,UD Agro 6874,P-516722,ROUNDUP 486 SL (1 Liter) - Herbisida Sistemik Glifosat Tuntas,General,1,114103.0,IDR
ORD-21E483B0,2026-06-20,C-F4568E1A,UD Agro 3178,P-D7E146,NPK Sawit 13-8-27-4 0.5 B Pak Tani 50kg,Pupuk Grosir,200,581973.0,IDR
ORD-31FD565C,2026-06-20,C-535C5D0E,Distributor Bibit 8062,P-3E8E64,Herbisida Bablass 490 SL Kemasan 20 Liter - Pembasmi Gulma dari Akar ke Daun,General,1,1474359.0,IDR
ORD-425FB082,2026-06-20,C-6959B74B,CV Kebun 5307,P-05FE0B,Herbasida Garlon 670 EC Kemasan 100ml - Pembasmi Gulma Berkayu,Racun,1,50000.0,IDR
ORD-5DB9FDFA,2026-06-20,C-7DDA05DD,Gapoktan 5349,P-41049F,Herbisida Metsulindo 20 WP Ukuran 250gr - Efektif kendalikan Gulma Muda,General,1,52564.0,IDR
ORD-6A2F6FD5,2026-06-20,C-7E58FA9C,Toko Pupuk 9540,P-97F3A1,Herbisida Bom Up 520 SL Kemasan 1 Liter - Pembasmi Gulma dari Akar ke Daun,General,5,69231.0,IDR
ORD-7AD5F077,2026-06-20,C-D3F0889D,Gapoktan 1189,P-97F3A1,Herbisida Bom Up 520 SL Kemasan 1 Liter - Pembasmi Gulma dari Akar ke Daun,General,1,69231.0,IDR
ORD-8997EB03,2026-06-20,C-FA5EB8DE,Distributor Bibit 5710,P-6E74CB,Herbisida Bom Up 520 SL Kemasan 5 Liter - Pembasmi Gulma dari Akar ke Daun,General,1,333333.0,IDR
ORD-A1A93213,2026-06-20,C-81A1AF10,Mitra Tani 7976,P-4D6695,Smart 486 SL Kemasan 1 Liter - Glifosat Sistemik Pembasmi Gulma Kuat,Racun,1,107692.0,IDR
ORD-CE53D2F9,2026-06-20,C-DBDB172C,Toko Pupuk 9620,P-97F3A1,Herbisida Bom Up 520 SL Kemasan 1 Liter - Pembasmi Gulma dari Akar ke Daun,General,1,69231.0,IDR
ORD-D61EFEAB,2026-06-20,C-A3E26661,Koperasi Hijau 6553,P-05FE0B,Herbasida Garlon 670 EC Kemasan 100ml - Pembasmi Gulma Berkayu,Racun,1,50000.0,IDR
ORD-E4421924,2026-06-20,C-0C4C3DF8,Mitra Tani 8192,P-D6BB73,Pupuk KCL Canada Cap Mahkota 50kg - Meningkatkan Hasil Panen,Pupuk,1,591549.0,IDR
ORD-FC55C280,2026-06-20,C-DD38FDF2,UD Agro 8762,P-2D0BC8,Herbisida Gramoxone 276 SL Kemasan 5 Liter - Parakuat Pembasmi Rumput Liar,General,1,365385.0,IDR
ORD-1B63F66C,2026-06-21,C-A652B807,Usaha Kebun 7919,P-516722,ROUNDUP 486 SL (1 Liter) - Herbisida Sistemik Glifosat Tuntas,General,1,114103.0,IDR
ORD-2D7AA72F,2026-06-21,C-B785950F,Usaha Kebun 4975,P-2D0BC8,Herbisida Gramoxone 276 SL Kemasan 5 Liter - Parakuat Pembasmi Rumput Liar,General,1,365385.0,IDR
ORD-3C3898F1,2026-06-21,C-877800DB,CV Kebun 1699,P-6E74CB,Herbisida Bom Up 520 SL Kemasan 5 Liter - Pembasmi Gulma dari Akar ke Daun,General,1,333333.0,IDR
ORD-3C42BDD4,2026-06-21,C-E509E894,Toko Pupuk 1828,P-41049F,Herbisida Metsulindo 20 WP Ukuran 250gr - Efektif kendalikan Gulma Muda,General,3,52564.0,IDR
ORD-5CA06706,2026-06-21,C-B9AB71C9,Koperasi Hijau 4745,P-41049F,Herbisida Metsulindo 20 WP Ukuran 250gr - Efektif kendalikan Gulma Muda,General,1,52564.0,IDR
ORD-7B55123E,2026-06-21,C-C0F7EF60,Mitra Tani 4144,P-6E74CB,Herbisida Bom Up 520 SL Kemasan 5 Liter - Pembasmi Gulma dari Akar ke Daun,General,1,333333.0,IDR
ORD-8658B8FA,2026-06-21,C-1D202717,Usaha Kebun 1423,P-FCD235,Herbasida Garlon 670 EC Kemasan 1 Liter - Pembasmi Gulma Berkayu,General,1,423077.0,IDR
ORD-96476920,2026-06-21,C-4B9BCDC1,Koperasi Hijau 6953,P-DDA2C3,"Pupuk Meroke Korn-Kali B (KKB) 50kg - Kalium, Magnesium & Sulfur Terbaik",Pupuk,1,704225.0,IDR
ORD-AFD86C01,2026-06-21,C-C71F4FEF,Usaha Kebun 9063,P-41049F,Herbisida Metsulindo 20 WP Ukuran 250gr - Efektif kendalikan Gulma Muda,General,1,52564.0,IDR
ORD-EA426CEE,2026-06-21,C-155227E1,Koperasi Hijau 1697,P-05FE0B,Herbasida Garlon 670 EC Kemasan 100ml - Pembasmi Gulma Berkayu,Racun,1,50000.0,IDR
ORD-F0EBD097,2026-06-21,C-9A234CD4,Toko Pupuk 8692,P-F9D1EF,Herbisida Bom Up 520 SL Kemasan 20 Liter - Pembasmi Gulma dari Akar ke Daun,General,1,1282051.0,IDR
ORD-F661A1A1,2026-06-21,C-49CA295F,Usaha Kebun 9631,P-4FE4FF,Herbisida Metsulindo 20 WP Ukuran 100gr - Efektif kendalikan Gulma Muda,General,2,34615.0,IDR
ORD-0E961957,2026-06-22,C-11652661,Koperasi Hijau 8633,P-05FE0B,Herbasida Garlon 670 EC Kemasan 100ml - Pembasmi Gulma Berkayu,Racun,1,50000.0,IDR
ORD-4A7F50F1,2026-06-22,C-D4DDDF19,Koperasi Hijau 3361,P-6E74CB,Herbisida Bom Up 520 SL Kemasan 5 Liter - Pembasmi Gulma dari Akar ke Daun,General,2,333333.0,IDR
ORD-5F3F7BF0,2026-06-22,C-7C5B9964,Toko Pupuk 7828,P-05FE0B,Herbasida Garlon 670 EC Kemasan 100ml - Pembasmi Gulma Berkayu,Racun,1,50000.0,IDR
ORD-A5379598,2026-06-22,C-E7C57F4B,CV Kebun 4075,P-E4C339,Herbisida Centatop 288 SL Kemasan 5 Liter - Herbisida Kontak Parakuat Pembasmi Gulma Cepat,General,1,358974.0,IDR
ORD-AED0B41F,2026-06-22,C-134744C8,Mitra Tani 5768,P-BC1FE5,MOP/KCL Canada Cap Mahkota 50kg,Khusus Petani,50,431424.0,IDR
ORD-B9FA1A5D,2026-06-22,C-01400675,Gapoktan 4173,P-41049F,Herbisida Metsulindo 20 WP Ukuran 250gr - Efektif kendalikan Gulma Muda,General,1,52564.0,IDR
ORD-CDC1EC96,2026-06-22,C-9DA69486,Distributor Bibit 2910,P-6E74CB,Herbisida Bom Up 520 SL Kemasan 5 Liter - Pembasmi Gulma dari Akar ke Daun,General,1,333333.0,IDR
ORD-FC89CF0E,2026-06-22,C-DF342593,CV Kebun 8659,P-6E74CB,Herbisida Bom Up 520 SL Kemasan 5 Liter - Pembasmi Gulma dari Akar ke Daun,General,1,333333.0,IDR
ORD-47CF535C,2026-06-23,C-B83BFA03,CV Kebun 6371,P-10ABDD,Herbisida Gramoxone 276 SL Kemasan 20 Liter - Parakuat Pembasmi Rumput Liar,General,1,1262821.0,IDR
ORD-5A852881,2026-06-23,C-F0B65405,Gapoktan 1901,P-4FE4FF,Herbisida Metsulindo 20 WP Ukuran 100gr - Efektif kendalikan Gulma Muda,General,10,34615.0,IDR
ORD-5E2481B3,2026-06-23,C-154934A0,Mitra Tani 9136,P-41049F,Herbisida Metsulindo 20 WP Ukuran 250gr - Efektif kendalikan Gulma Muda,General,2,52564.0,IDR
ORD-99174300,2026-06-23,C-7B779EB7,Usaha Kebun 6983,P-97F3A1,Herbisida Bom Up 520 SL Kemasan 1 Liter - Pembasmi Gulma dari Akar ke Daun,General,2,69231.0,IDR
ORD-9BDD5F64,2026-06-23,C-05113C17,Usaha Kebun 2575,P-15328B,Exclusive Merchandise - Kaos Agen Inovasi + Topi Hijau + Goodie Bag,General,1,100000.0,IDR
ORD-B8C31113,2026-06-23,C-CBF79F3A,UD Agro 6002,P-41049F,Herbisida Metsulindo 20 WP Ukuran 250gr - Efektif kendalikan Gulma Muda,General,2,52564.0,IDR
ORD-B9265739,2026-06-23,C-FB4AA89E,Distributor Bibit 6046,P-6E74CB,Herbisida Bom Up 520 SL Kemasan 5 Liter - Pembasmi Gulma dari Akar ke Daun,General,1,333333.0,IDR
ORD-DBFADBAF,2026-06-23,C-9B0AD1DF,Usaha Kebun 7567,P-6E74CB,Herbisida Bom Up 520 SL Kemasan 5 Liter - Pembasmi Gulma dari Akar ke Daun,General,1,333333.0,IDR
ORD-EB30C553,2026-06-23,C-0A3A51B8,Mitra Tani 1168,P-6E74CB,Herbisida Bom Up 520 SL Kemasan 5 Liter - Pembasmi Gulma dari Akar ke Daun,General,1,333333.0,IDR
ORD-EC97A0DF,2026-06-23,C-DE855A7B,CV Kebun 1403,P-6E74CB,Herbisida Bom Up 520 SL Kemasan 5 Liter - Pembasmi Gulma dari Akar ke Daun,General,1,333333.0,IDR
ORD-05E6724E,2026-06-24,C-7B479921,Koperasi Hijau 9825,P-54AEF5,Urea Nitrea 46% N 50kg,Toling,5,631071.0,IDR
ORD-15C7C481,2026-06-24,C-4B2ACCE1,Koperasi Hijau 8161,P-D7E146,NPK Sawit 13-8-27-4 0.5 B Pak Tani 50kg,Toling,5,502520.0,IDR
ORD-15F1C1D9,2026-06-24,C-B4C079AE,Distributor Bibit 8942,P-BC1FE5,MOP/KCL Canada Cap Mahkota 50kg,Toling,45,431102.0,IDR
ORD-19EC5742,2026-06-24,C-3AC321C1,Koperasi Hijau 7689,P-385FCB,Herbisida Gramoxone 276 SL Kemasan 1 Liter - Parakuat Pembasmi Rumput Liar,General,3,83333.0,IDR
ORD-48FA7E78,2026-06-24,C-7C19FAE9,Koperasi Hijau 9417,P-97F3A1,Herbisida Bom Up 520 SL Kemasan 1 Liter - Pembasmi Gulma dari Akar ke Daun,General,1,69231.0,IDR
ORD-58E0423A,2026-06-24,C-DEBE6E09,Koperasi Hijau 6961,P-2D0BC8,Herbisida Gramoxone 276 SL Kemasan 5 Liter - Parakuat Pembasmi Rumput Liar,General,1,365385.0,IDR
ORD-6895FC7A,2026-06-24,C-D6D57418,Mitra Tani 3112,P-41049F,Herbisida Metsulindo 20 WP Ukuran 250gr - Efektif kendalikan Gulma Muda,General,2,52564.0,IDR
ORD-68FF9352,2026-06-24,C-C7443035,Gapoktan 4773,P-6E74CB,Herbisida Bom Up 520 SL Kemasan 5 Liter - Pembasmi Gulma dari Akar ke Daun,General,2,333333.0,IDR
ORD-6B11CFD4,2026-06-24,C-036031EA,UD Agro 8882,P-2D0BC8,Herbisida Gramoxone 276 SL Kemasan 5 Liter - Parakuat Pembasmi Rumput Liar,General,1,365385.0,IDR
ORD-776478FE,2026-06-24,C-337C4618,Mitra Tani 8424,P-97F3A1,Herbisida Bom Up 520 SL Kemasan 1 Liter - Pembasmi Gulma dari Akar ke Daun,General,1,69231.0,IDR
ORD-7A61EC32,2026-06-24,C-0369E2C9,Koperasi Hijau 4985,P-6E74CB,Herbisida Bom Up 520 SL Kemasan 5 Liter - Pembasmi Gulma dari Akar ke Daun,General,1,333333.0,IDR
ORD-831D88F1,2026-06-24,C-DC030250,Mitra Tani 6720,P-6E74CB,Herbisida Bom Up 520 SL Kemasan 5 Liter - Pembasmi Gulma dari Akar ke Daun,General,1,333333.0,IDR
ORD-985C80CD,2026-06-24,C-62349A7E,Distributor Bibit 3590,P-41049F,Herbisida Metsulindo 20 WP Ukuran 250gr - Efektif kendalikan Gulma Muda,General,1,52564.0,IDR
ORD-A0F5445F,2026-06-24,C-90A5F97F,Usaha Kebun 1415,P-10ABDD,Herbisida Gramoxone 276 SL Kemasan 20 Liter - Parakuat Pembasmi Rumput Liar,General,1,1262821.0,IDR
ORD-A3EB79AD,2026-06-24,C-05449EFA,UD Agro 4226,P-FCD235,Herbasida Garlon 670 EC Kemasan 1 Liter - Pembasmi Gulma Berkayu,General,1,423077.0,IDR
ORD-A49F15FC,2026-06-24,C-17FC8E8C,Toko Pupuk 2532,P-4FE4FF,Herbisida Metsulindo 20 WP Ukuran 100gr - Efektif kendalikan Gulma Muda,General,2,34615.0,IDR
ORD-AB773876,2026-06-24,C-ADBD15E8,Mitra Tani 3280,P-DDA2C3,"Pupuk Meroke Korn-Kali B (KKB) 50kg - Kalium, Magnesium & Sulfur Terbaik",Pupuk,1,704225.0,IDR
ORD-B381D43D,2026-06-24,C-3AA60914,Toko Pupuk 8828,P-6E74CB,Herbisida Bom Up 520 SL Kemasan 5 Liter - Pembasmi Gulma dari Akar ke Daun,General,1,333333.0,IDR
ORD-B4371BE5,2026-06-24,C-25D2E5C6,Distributor Bibit 7374,P-41049F,Herbisida Metsulindo 20 WP Ukuran 250gr - Efektif kendalikan Gulma Muda,General,1,52564.0,IDR
ORD-D0E76EC6,2026-06-24,C-88B3D0C5,Gapoktan 7765,P-F9D1EF,Herbisida Bom Up 520 SL Kemasan 20 Liter - Pembasmi Gulma dari Akar ke Daun,General,1,1282051.0,IDR
ORD-E1097915,2026-06-24,C-BB0C82EA,UD Agro 4338,P-6E74CB,Herbisida Bom Up 520 SL Kemasan 5 Liter - Pembasmi Gulma dari Akar ke Daun,General,1,333333.0,IDR
ORD-EEFAAD15,2026-06-24,C-8E8E8580,Mitra Tani 9960,P-F9D1EF,Herbisida Bom Up 520 SL Kemasan 20 Liter - Pembasmi Gulma dari Akar ke Daun,General,1,1282051.0,IDR
ORD-08B98C76,2026-06-25,C-BFB91B7F,Usaha Kebun 7455,P-10ABDD,Herbisida Gramoxone 276 SL Kemasan 20 Liter - Parakuat Pembasmi Rumput Liar,General,1,1262821.0,IDR
ORD-10D2D433,2026-06-25,C-D0AB303D,Gapoktan 6933,P-6E74CB,Herbisida Bom Up 520 SL Kemasan 5 Liter - Pembasmi Gulma dari Akar ke Daun,General,2,333333.0,IDR
ORD-2C774789,2026-06-25,C-CDF288E3,CV Kebun 8035,P-F9D1EF,Herbisida Bom Up 520 SL Kemasan 20 Liter - Pembasmi Gulma dari Akar ke Daun,General,1,1282051.0,IDR
ORD-2F26BAE3,2026-06-25,C-01F55B05,Gapoktan 7837,P-3630B1,Minyak Goreng 1 Liter - Minyak Hemat Petani Hebat,Minyak Hemat,1,21000.0,IDR
ORD-310C6599,2026-06-25,C-53740E41,Koperasi Hijau 3753,P-28A54F,Turmadan 328 SL 1 Liter - Herbisida Parakuat Pembasmi Gulma Super Cepat,Racun,3,83333.0,IDR
ORD-36AA986B,2026-06-25,C-77AA2B17,Usaha Kebun 2855,P-41049F,Herbisida Metsulindo 20 WP Ukuran 250gr - Efektif kendalikan Gulma Muda,General,1,52564.0,IDR
ORD-3A028710,2026-06-25,C-4B9BCDC1,Koperasi Hijau 6953,P-DDA2C3,"Pupuk Meroke Korn-Kali B (KKB) 50kg - Kalium, Magnesium & Sulfur Terbaik",Pupuk,1,704225.0,IDR
ORD-40F52154,2026-06-25,C-E636401A,UD Agro 2034,P-10ABDD,Herbisida Gramoxone 276 SL Kemasan 20 Liter - Parakuat Pembasmi Rumput Liar,General,1,1262821.0,IDR
ORD-6B88CAAF,2026-06-25,C-8118DF70,Mitra Tani 5928,P-05FE0B,Herbasida Garlon 670 EC Kemasan 100ml - Pembasmi Gulma Berkayu,Racun,1,50000.0,IDR
ORD-92EB2526,2026-06-25,C-D4A099C2,UD Agro 1914,P-05FE0B,Herbasida Garlon 670 EC Kemasan 100ml - Pembasmi Gulma Berkayu,Racun,1,50000.0,IDR
ORD-9C94F5A6,2026-06-25,C-583A073D,Gapoktan 4949,P-6E74CB,Herbisida Bom Up 520 SL Kemasan 5 Liter - Pembasmi Gulma dari Akar ke Daun,General,1,333333.0,IDR
ORD-A430DE70,2026-06-25,C-EED1F50B,CV Kebun 1163,P-6E74CB,Herbisida Bom Up 520 SL Kemasan 5 Liter - Pembasmi Gulma dari Akar ke Daun,General,2,333333.0,IDR
ORD-A882CD2C,2026-06-25,C-6FF213F3,CV Kebun 7795,P-C21693,ZA Cap Daun 50Kg,Pupuk Grosir,600,376565.0,IDR
ORD-E891E5BD,2026-06-25,C-779950A7,Usaha Kebun 5359,P-10ABDD,Herbisida Gramoxone 276 SL Kemasan 20 Liter - Parakuat Pembasmi Rumput Liar,General,1,1262821.0,IDR
ORD-EEAB63B3,2026-06-25,C-CF92B731,Koperasi Hijau 3865,P-F9D1EF,Herbisida Bom Up 520 SL Kemasan 20 Liter - Pembasmi Gulma dari Akar ke Daun,General,1,1282051.0,IDR
ORD-EEB88E45,2026-06-25,C-879B3D80,Mitra Tani 6984,P-41049F,Herbisida Metsulindo 20 WP Ukuran 250gr - Efektif kendalikan Gulma Muda,General,6,52564.0,IDR
ORD-15168BBC,2026-06-26,C-50775295,Gapoktan 7205,P-05FE0B,Herbasida Garlon 670 EC Kemasan 100ml - Pembasmi Gulma Berkayu,Racun,1,50000.0,IDR
ORD-18177639,2026-06-26,C-D65E2AE3,CV Kebun 6587,P-05FE0B,Herbasida Garlon 670 EC Kemasan 100ml - Pembasmi Gulma Berkayu,Racun,4,50000.0,IDR
ORD-3F72C453,2026-06-26,C-DFFE310A,UD Agro 1866,P-385FCB,Herbisida Gramoxone 276 SL Kemasan 1 Liter - Parakuat Pembasmi Rumput Liar,General,10,83333.0,IDR
ORD-748C064B,2026-06-26,C-78C14FF5,Gapoktan 8837,P-F9D1EF,Herbisida Bom Up 520 SL Kemasan 20 Liter - Pembasmi Gulma dari Akar ke Daun,General,2,1282051.0,IDR
ORD-7E8AF0BB,2026-06-26,C-61EC2BB3,CV Kebun 8635,P-F9D1EF,Herbisida Bom Up 520 SL Kemasan 20 Liter - Pembasmi Gulma dari Akar ke Daun,General,1,1282051.0,IDR
ORD-80BACE27,2026-06-26,C-DFC2FFEF,Usaha Kebun 1671,P-F9D1EF,Herbisida Bom Up 520 SL Kemasan 20 Liter - Pembasmi Gulma dari Akar ke Daun,General,1,1282051.0,IDR
ORD-CA9A487E,2026-06-26,C-C63C56A9,Koperasi Hijau 2113,P-FCD235,Herbasida Garlon 670 EC Kemasan 1 Liter - Pembasmi Gulma Berkayu,General,1,423077.0,IDR
ORD-DC170ACF,2026-06-26,C-FB6805D9,Koperasi Hijau 4457,P-465FED,Dokter Sawit Diagnosis (Laporan Hasil Uji Daun),Layanan Agronomi,6,6000000.0,IDR
ORD-E57CDFA3,2026-06-26,C-849C1298,Mitra Tani 3888,P-41049F,Herbisida Metsulindo 20 WP Ukuran 250gr - Efektif kendalikan Gulma Muda,General,2,52564.0,IDR
ORD-FF2DF90D,2026-06-26,C-BEAF20F6,Distributor Bibit 9278,P-A1BDE2,Herbisida Bablass 490 SL Kemasan 1 Liter - Pembasmi Gulma dari Akar ke Daun,General,2,74359.0,IDR
ORD-1646CA6B,2026-06-27,C-4AC39E2D,Gapoktan 4997,P-2D0BC8,Herbisida Gramoxone 276 SL Kemasan 5 Liter - Parakuat Pembasmi Rumput Liar,General,1,365385.0,IDR
ORD-23C36C38,2026-06-27,C-D3B83844,Toko Pupuk 9604,P-97F3A1,Herbisida Bom Up 520 SL Kemasan 1 Liter - Pembasmi Gulma dari Akar ke Daun,General,1,69231.0,IDR
ORD-31061C68,2026-06-27,C-151D0A8B,CV Kebun 3779,P-97F3A1,Herbisida Bom Up 520 SL Kemasan 1 Liter - Pembasmi Gulma dari Akar ke Daun,General,1,69231.0,IDR
ORD-41B9E66D,2026-06-27,C-D1FBCB33,CV Kebun 7699,P-05FE0B,Herbasida Garlon 670 EC Kemasan 100ml - Pembasmi Gulma Berkayu,Racun,4,50000.0,IDR
ORD-495BA8AF,2026-06-27,C-382FAE69,Koperasi Hijau 7937,P-D7E146,NPK Sawit 13-8-27-4 0.5 B Pak Tani 50kg,Pupuk Grosir,200,576534.0,IDR
ORD-601C13FA,2026-06-27,C-F5CD1F30,Mitra Tani 7784,P-F9D1EF,Herbisida Bom Up 520 SL Kemasan 20 Liter - Pembasmi Gulma dari Akar ke Daun,General,1,1282051.0,IDR
ORD-70BFF22F,2026-06-27,C-E2C53029,Koperasi Hijau 4737,P-BEDEAF,Herbisida Bablass 490 SL Kemasan 5 Liter - Pembasmi Gulma dari Akar ke Daun,General,1,358974.0,IDR
ORD-8952F12B,2026-06-27,C-96F4D76F,Usaha Kebun 2335,P-97F3A1,Herbisida Bom Up 520 SL Kemasan 1 Liter - Pembasmi Gulma dari Akar ke Daun,General,1,69231.0,IDR
ORD-A1612401,2026-06-27,C-A5316C30,Mitra Tani 2600,P-F9D1EF,Herbisida Bom Up 520 SL Kemasan 20 Liter - Pembasmi Gulma dari Akar ke Daun,General,1,1282051.0,IDR
ORD-D51ACE36,2026-06-27,C-8603066F,Usaha Kebun 2199,P-DDA2C3,"Pupuk Meroke Korn-Kali B (KKB) 50kg - Kalium, Magnesium & Sulfur Terbaik",Pupuk,1,704225.0,IDR
ORD-EB86BD4F,2026-06-27,C-C1756A22,UD Agro 1570,P-05FE0B,Herbasida Garlon 670 EC Kemasan 100ml - Pembasmi Gulma Berkayu,Racun,1,50000.0,IDR
ORD-FB97C4C8,2026-06-27,C-B56B51EE,Distributor Bibit 9422,P-41049F,Herbisida Metsulindo 20 WP Ukuran 250gr - Efektif kendalikan Gulma Muda,General,4,52564.0,IDR
ORD-FCCFB2C8,2026-06-27,C-4B10FD43,CV Kebun 8611,P-41049F,Herbisida Metsulindo 20 WP Ukuran 250gr - Efektif kendalikan Gulma Muda,General,1,52564.0,IDR
ORD-38F5B982,2026-06-28,C-32DBCDE7,Usaha Kebun 3895,P-6E74CB,Herbisida Bom Up 520 SL Kemasan 5 Liter - Pembasmi Gulma dari Akar ke Daun,General,1,333333.0,IDR
ORD-40152EB9,2026-06-28,C-BEDAB680,Mitra Tani 3608,P-4FE4FF,Herbisida Metsulindo 20 WP Ukuran 100gr - Efektif kendalikan Gulma Muda,General,3,34615.0,IDR
ORD-429A28D6,2026-06-28,C-2FBD22F8,Mitra Tani 6408,P-2D0BC8,Herbisida Gramoxone 276 SL Kemasan 5 Liter - Parakuat Pembasmi Rumput Liar,General,1,365385.0,IDR
ORD-4E523D53,2026-06-28,C-748DC55D,Gapoktan 1157,P-F9D1EF,Herbisida Bom Up 520 SL Kemasan 20 Liter - Pembasmi Gulma dari Akar ke Daun,General,1,1282051.0,IDR
ORD-5BCF1027,2026-06-28,C-63C42E9E,Distributor Bibit 9374,P-41049F,Herbisida Metsulindo 20 WP Ukuran 250gr - Efektif kendalikan Gulma Muda,General,3,52564.0,IDR
ORD-8350A12F,2026-06-28,C-F1D740CD,Gapoktan 9885,P-2D0BC8,Herbisida Gramoxone 276 SL Kemasan 5 Liter - Parakuat Pembasmi Rumput Liar,General,1,365385.0,IDR
ORD-92910DC7,2026-06-28,C-400141AC,Toko Pupuk 8172,P-F9D1EF,Herbisida Bom Up 520 SL Kemasan 20 Liter - Pembasmi Gulma dari Akar ke Daun,General,1,1282051.0,IDR
ORD-A7AB2FE9,2026-06-28,C-8A4A7A28,Mitra Tani 9744,P-2D0BC8,Herbisida Gramoxone 276 SL Kemasan 5 Liter - Parakuat Pembasmi Rumput Liar,General,1,365385.0,IDR
ORD-B455A488,2026-06-28,C-E4096F62,UD Agro 5586,P-41049F,Herbisida Metsulindo 20 WP Ukuran 250gr - Efektif kendalikan Gulma Muda,General,3,52564.0,IDR
ORD-C35BB3E0,2026-06-28,C-4B146067,Usaha Kebun 5599,P-385FCB,Herbisida Gramoxone 276 SL Kemasan 1 Liter - Parakuat Pembasmi Rumput Liar,General,3,83333.0,IDR
ORD-EC4A5DEA,2026-06-28,C-B31A6787,Usaha Kebun 5103,P-6E74CB,Herbisida Bom Up 520 SL Kemasan 5 Liter - Pembasmi Gulma dari Akar ke Daun,General,1,333333.0,IDR
ORD-012E6D48,2026-06-29,C-7384833F,Usaha Kebun 5191,P-BC1FE5,MOP/KCL Canada Cap Mahkota 50kg,Toling,60,431102.0,IDR
ORD-0A8D2D6D,2026-06-29,C-16118532,UD Agro 5962,P-45051A,Garlon 670 EC - 1 Liter,Racun,12,349800.0,IDR
ORD-0A8D2D6D,2026-06-29,C-16118532,UD Agro 5962,P-860322,Garlon 670 EC - 100ml,Racun,50,41340.0,IDR
ORD-0B8831D5,2026-06-29,C-8619F1AF,Usaha Kebun 1215,P-2D0BC8,Herbisida Gramoxone 276 SL Kemasan 5 Liter - Parakuat Pembasmi Rumput Liar,General,1,365385.0,IDR
ORD-0C90FDC8,2026-06-29,C-6EE2F87B,CV Kebun 6507,P-FCD235,Herbasida Garlon 670 EC Kemasan 1 Liter - Pembasmi Gulma Berkayu,General,1,423077.0,IDR
ORD-187CCC9A,2026-06-29,C-D1CE1B77,Usaha Kebun 1591,P-A1BDE2,Herbisida Bablass 490 SL Kemasan 1 Liter - Pembasmi Gulma dari Akar ke Daun,General,2,74359.0,IDR
ORD-1A739CD3,2026-06-29,C-51BFFDEF,Usaha Kebun 9879,P-6E74CB,Herbisida Bom Up 520 SL Kemasan 5 Liter - Pembasmi Gulma dari Akar ke Daun,General,1,333333.0,IDR
ORD-30C8ABEE,2026-06-29,C-7E3DA4A0,Mitra Tani 9056,P-6E74CB,Herbisida Bom Up 520 SL Kemasan 5 Liter - Pembasmi Gulma dari Akar ke Daun,General,1,333333.0,IDR
ORD-6B14C865,2026-06-29,C-DE2B6B2D,Gapoktan 2437,P-41049F,Herbisida Metsulindo 20 WP Ukuran 250gr - Efektif kendalikan Gulma Muda,General,3,52564.0,IDR
ORD-6D9DCF50,2026-06-29,C-086FF677,Usaha Kebun 4319,P-6E74CB,Herbisida Bom Up 520 SL Kemasan 5 Liter - Pembasmi Gulma dari Akar ke Daun,General,1,333333.0,IDR
ORD-81908B6F,2026-06-29,C-A349629E,Distributor Bibit 4582,P-05FE0B,Herbasida Garlon 670 EC Kemasan 100ml - Pembasmi Gulma Berkayu,Racun,1,50000.0,IDR
ORD-90E3F5C3,2026-06-29,C-1ACD4B7A,UD Agro 4818,P-05FE0B,Herbasida Garlon 670 EC Kemasan 100ml - Pembasmi Gulma Berkayu,Racun,2,50000.0,IDR
ORD-B340F9F5,2026-06-29,C-B7A27E18,Mitra Tani 9640,P-97F3A1,Herbisida Bom Up 520 SL Kemasan 1 Liter - Pembasmi Gulma dari Akar ke Daun,General,1,69231.0,IDR
ORD-B47E647D,2026-06-29,C-2DB4B1DA,UD Agro 8730,P-F9D1EF,Herbisida Bom Up 520 SL Kemasan 20 Liter - Pembasmi Gulma dari Akar ke Daun,General,1,1282051.0,IDR
ORD-B976268A,2026-06-29,C-CB998169,Koperasi Hijau 2985,P-6E74CB,Herbisida Bom Up 520 SL Kemasan 5 Liter - Pembasmi Gulma dari Akar ke Daun,General,1,333333.0,IDR
ORD-D4FD6AF6,2026-06-29,C-D90B24AD,Gapoktan 5157,P-6E74CB,Herbisida Bom Up 520 SL Kemasan 5 Liter - Pembasmi Gulma dari Akar ke Daun,General,2,333333.0,IDR
ORD-FE290EE3,2026-06-29,C-3C650159,Koperasi Hijau 6441,P-6E74CB,Herbisida Bom Up 520 SL Kemasan 5 Liter - Pembasmi Gulma dari Akar ke Daun,General,1,333333.0,IDR
ORD-4BCEFC7E,2026-06-30,C-D8780814,Toko Pupuk 3044,P-3CD922,Herbisida Sistemik Elang 480 SL Kemasan 20 Liter - Pembasmi Gulma dari Akar ke Daun,General,1,1217955.0,IDR
ORD-7348FA5F,2026-06-30,C-07D5E025,Gapoktan 4061,P-E4C339,Herbisida Centatop 288 SL Kemasan 5 Liter - Herbisida Kontak Parakuat Pembasmi Gulma Cepat,General,2,358974.0,IDR
ORD-7A7E6E8F,2026-06-30,C-1826DC86,Distributor Bibit 3006,P-BEDEAF,Herbisida Bablass 490 SL Kemasan 5 Liter - Pembasmi Gulma dari Akar ke Daun,General,4,358974.0,IDR
ORD-823C8943,2026-06-30,C-54E312BF,Usaha Kebun 8615,P-10ABDD,Herbisida Gramoxone 276 SL Kemasan 20 Liter - Parakuat Pembasmi Rumput Liar,General,1,1262821.0,IDR
ORD-865A8656,2026-06-30,C-60AD0CB7,Usaha Kebun 1719,P-64CA8D,Dolomite M-100 50kg,Toling,5,51940.0,IDR
ORD-A4B916C0,2026-06-30,C-B56B51EE,Distributor Bibit 9422,P-6E74CB,Herbisida Bom Up 520 SL Kemasan 5 Liter - Pembasmi Gulma dari Akar ke Daun,General,1,333333.0,IDR
ORD-DC509D20,2026-06-30,C-B0CEE752,UD Agro 4650,P-05FE0B,Herbasida Garlon 670 EC Kemasan 100ml - Pembasmi Gulma Berkayu,Racun,11,50000.0,IDR
ORD-F9D72116,2026-06-30,C-B056BB2E,Distributor Bibit 4030,P-41049F,Herbisida Metsulindo 20 WP Ukuran 250gr - Efektif kendalikan Gulma Muda,General,1,52564.0,IDR
ORD-0EFA8EAD,2026-07-01,C-D88D6F81,Koperasi Hijau 1777,P-6E74CB,Herbisida Bom Up 520 SL Kemasan 5 Liter - Pembasmi Gulma dari Akar ke Daun,General,1,333333.0,IDR
ORD-188A6398,2026-07-01,C-B2BC9264,Toko Pupuk 2692,P-2D0BC8,Herbisida Gramoxone 276 SL Kemasan 5 Liter - Parakuat Pembasmi Rumput Liar,General,1,365385.0,IDR
ORD-48187C55,2026-07-01,C-A7BF7163,CV Kebun 6475,P-10ABDD,Herbisida Gramoxone 276 SL Kemasan 20 Liter - Parakuat Pembasmi Rumput Liar,General,2,1262821.0,IDR
ORD-486DE8B8,2026-07-01,C-BFE63687,Usaha Kebun 2495,P-6E74CB,Herbisida Bom Up 520 SL Kemasan 5 Liter - Pembasmi Gulma dari Akar ke Daun,General,2,333333.0,IDR
ORD-597E6C57,2026-07-01,C-343F82E4,Toko Pupuk 5508,P-41049F,Herbisida Metsulindo 20 WP Ukuran 250gr - Efektif kendalikan Gulma Muda,General,1,52564.0,IDR
ORD-7973ECF5,2026-07-01,C-78F6C6B3,CV Kebun 2643,P-C15400,Smart 486 SL Kemasan 4 Liter - Glifosat Sistemik Pembasmi Gulma Kuat,Racun,1,403846.0,IDR
ORD-B271EF00,2026-07-01,C-B1DB10D5,Gapoktan 1925,P-28A54F,Turmadan 328 SL 1 Liter - Herbisida Parakuat Pembasmi Gulma Super Cepat,Racun,6,83333.0,IDR
ORD-CA92DBD0,2026-07-01,C-5A76E7FF,Usaha Kebun 1079,P-F9D1EF,Herbisida Bom Up 520 SL Kemasan 20 Liter - Pembasmi Gulma dari Akar ke Daun,General,1,1282051.0,IDR
ORD-D0E4D888,2026-07-01,C-C32E85F2,UD Agro 2066,P-ADBBD0,RP Cap Daun 50Kg,Khusus Petani,40,125419.0,IDR
ORD-114C6DDB,2026-07-02,C-DB4319D3,CV Kebun 2827,P-41049F,Herbisida Metsulindo 20 WP Ukuran 250gr - Efektif kendalikan Gulma Muda,General,1,52564.0,IDR
ORD-1EB37B61,2026-07-02,C-03C4FCDA,UD Agro 8434,P-BEDEAF,Herbisida Bablass 490 SL Kemasan 5 Liter - Pembasmi Gulma dari Akar ke Daun,General,1,358974.0,IDR
ORD-397DC580,2026-07-02,C-200622CD,Gapoktan 1037,P-05FE0B,Herbasida Garlon 670 EC Kemasan 100ml - Pembasmi Gulma Berkayu,Racun,1,50000.0,IDR
ORD-3CB47908,2026-07-02,C-BC04E45F,Usaha Kebun 1215,P-6E74CB,Herbisida Bom Up 520 SL Kemasan 5 Liter - Pembasmi Gulma dari Akar ke Daun,General,2,333333.0,IDR
ORD-5E77DA6F,2026-07-02,C-33700A3C,Toko Pupuk 7668,P-05FE0B,Herbasida Garlon 670 EC Kemasan 100ml - Pembasmi Gulma Berkayu,Racun,6,50000.0,IDR
ORD-6129259C,2026-07-02,C-5F5448CB,CV Kebun 6179,P-05FE0B,Herbasida Garlon 670 EC Kemasan 100ml - Pembasmi Gulma Berkayu,Racun,1,50000.0,IDR
ORD-63876854,2026-07-02,C-DD4217C5,Gapoktan 2197,P-385FCB,Herbisida Gramoxone 276 SL Kemasan 1 Liter - Parakuat Pembasmi Rumput Liar,General,1,83333.0,IDR
ORD-7B8DAF6D,2026-07-02,C-2AB732FE,Distributor Bibit 7214,P-05FE0B,Herbasida Garlon 670 EC Kemasan 100ml - Pembasmi Gulma Berkayu,Racun,2,50000.0,IDR
ORD-88E56E97,2026-07-02,C-A2B697C2,UD Agro 5394,P-05FE0B,Herbasida Garlon 670 EC Kemasan 100ml - Pembasmi Gulma Berkayu,Racun,2,50000.0,IDR
ORD-8A1BC68B,2026-07-02,C-63CF477D,Gapoktan 7637,P-5B35F4,NPK Okura Emas 13-6-27-4 MGO+0.5B 50kg,Pupuk Grosir,2600,530000.0,IDR
ORD-A0AD3C86,2026-07-02,C-4C7A24C8,Mitra Tani 7224,P-E4C339,Herbisida Centatop 288 SL Kemasan 5 Liter - Herbisida Kontak Parakuat Pembasmi Gulma Cepat,General,1,358974.0,IDR
ORD-B22E8E80,2026-07-02,C-23176AE5,Gapoktan 3253,P-6E74CB,Herbisida Bom Up 520 SL Kemasan 5 Liter - Pembasmi Gulma dari Akar ke Daun,General,1,333333.0,IDR
ORD-D4D65E08,2026-07-02,C-DF904398,Mitra Tani 6656,P-FCD235,Herbasida Garlon 670 EC Kemasan 1 Liter - Pembasmi Gulma Berkayu,General,1,423077.0,IDR
ORD-04D3D32C,2026-07-03,C-52E8D46C,Toko Pupuk 5444,P-B29CD2,NPK Mahkota 13-6-27-4 0.65 B 50kg,Pupuk,200,523375.0,IDR
ORD-0907D6DA,2026-07-03,C-96F4CBC3,CV Kebun 8347,P-FCD235,Herbasida Garlon 670 EC Kemasan 1 Liter - Pembasmi Gulma Berkayu,General,1,423077.0,IDR
ORD-0D355B12,2026-07-03,C-C5E07265,Gapoktan 9901,P-41049F,Herbisida Metsulindo 20 WP Ukuran 250gr - Efektif kendalikan Gulma Muda,General,1,52564.0,IDR
ORD-22CD03EF,2026-07-03,C-4C7A24C8,Mitra Tani 7224,P-FCD235,Herbasida Garlon 670 EC Kemasan 1 Liter - Pembasmi Gulma Berkayu,General,1,423077.0,IDR
ORD-4BDE8540,2026-07-03,C-FC3CD3D6,Distributor Bibit 9822,P-97F3A1,Herbisida Bom Up 520 SL Kemasan 1 Liter - Pembasmi Gulma dari Akar ke Daun,General,1,69231.0,IDR
ORD-518780F7,2026-07-03,C-5D2844DB,CV Kebun 8155,P-6E74CB,Herbisida Bom Up 520 SL Kemasan 5 Liter - Pembasmi Gulma dari Akar ke Daun,General,1,333333.0,IDR
ORD-6A458B83,2026-07-03,C-1E9F04FF,Usaha Kebun 9983,P-97F3A1,Herbisida Bom Up 520 SL Kemasan 1 Liter - Pembasmi Gulma dari Akar ke Daun,General,2,69231.0,IDR
ORD-7087D009,2026-07-03,C-730A11F0,Mitra Tani 8792,P-97F3A1,Herbisida Bom Up 520 SL Kemasan 1 Liter - Pembasmi Gulma dari Akar ke Daun,General,2,69231.0,IDR
ORD-77A2E9E1,2026-07-03,C-F729EEBF,Usaha Kebun 7447,P-2D0BC8,Herbisida Gramoxone 276 SL Kemasan 5 Liter - Parakuat Pembasmi Rumput Liar,General,1,365385.0,IDR
ORD-80B85E5B,2026-07-03,C-5EA629E7,Usaha Kebun 7007,P-05FE0B,Herbasida Garlon 670 EC Kemasan 100ml - Pembasmi Gulma Berkayu,Racun,2,50000.0,IDR
ORD-8B2CEB06,2026-07-03,C-0CF49852,UD Agro 7370,P-F9D1EF,Herbisida Bom Up 520 SL Kemasan 20 Liter - Pembasmi Gulma dari Akar ke Daun,General,1,1282051.0,IDR
ORD-91CB7443,2026-07-03,C-5499350D,Gapoktan 9733,P-05FE0B,Herbasida Garlon 670 EC Kemasan 100ml - Pembasmi Gulma Berkayu,Racun,1,50000.0,IDR
ORD-D18DBB94,2026-07-03,C-07BA25B6,Distributor Bibit 4862,P-10ABDD,Herbisida Gramoxone 276 SL Kemasan 20 Liter - Parakuat Pembasmi Rumput Liar,General,1,1262821.0,IDR
ORD-184D7FAC,2026-07-04,C-BCDA96EE,Distributor Bibit 2094,P-6E74CB,Herbisida Bom Up 520 SL Kemasan 5 Liter - Pembasmi Gulma dari Akar ke Daun,General,1,333333.0,IDR
ORD-29C7799F,2026-07-04,C-DED529C7,Usaha Kebun 2815,P-BEDEAF,Herbisida Bablass 490 SL Kemasan 5 Liter - Pembasmi Gulma dari Akar ke Daun,General,1,358974.0,IDR
ORD-417E40AB,2026-07-04,C-CCD4ED77,Usaha Kebun 1487,P-41049F,Herbisida Metsulindo 20 WP Ukuran 250gr - Efektif kendalikan Gulma Muda,General,1,52564.0,IDR
ORD-82453B5F,2026-07-04,C-211603DF,Usaha Kebun 7911,P-BC1FE5,MOP/KCL Canada Cap Mahkota 50kg,Toling,5,436296.0,IDR
ORD-F31DEB04,2026-07-04,C-F385ABCF,Usaha Kebun 2759,P-2D0BC8,Herbisida Gramoxone 276 SL Kemasan 5 Liter - Parakuat Pembasmi Rumput Liar,General,1,365385.0,IDR
ORD-0FBFF863,2026-07-05,C-4F99BF6B,CV Kebun 3075,P-41049F,Herbisida Metsulindo 20 WP Ukuran 250gr - Efektif kendalikan Gulma Muda,General,3,52564.0,IDR
ORD-2EB583DC,2026-07-05,C-250CF052,UD Agro 2946,P-05FE0B,Herbasida Garlon 670 EC Kemasan 100ml - Pembasmi Gulma Berkayu,Racun,2,50000.0,IDR
ORD-46602981,2026-07-05,C-24295555,Gapoktan 8597,P-41049F,Herbisida Metsulindo 20 WP Ukuran 250gr - Efektif kendalikan Gulma Muda,General,1,52564.0,IDR
ORD-75E9B699,2026-07-05,C-C9DBB6BA,UD Agro 1578,P-F9D1EF,Herbisida Bom Up 520 SL Kemasan 20 Liter - Pembasmi Gulma dari Akar ke Daun,General,1,1282051.0,IDR
ORD-8051E5FD,2026-07-05,C-703A67CB,CV Kebun 4851,P-2D0BC8,Herbisida Gramoxone 276 SL Kemasan 5 Liter - Parakuat Pembasmi Rumput Liar,General,1,365385.0,IDR
ORD-8D4E4DCB,2026-07-05,C-81EAC995,Gapoktan 1893,P-DDA2C3,"Pupuk Meroke Korn-Kali B (KKB) 50kg - Kalium, Magnesium & Sulfur Terbaik",Pupuk,1,704225.0,IDR
ORD-97CAC1AB,2026-07-05,C-AC2101E1,Koperasi Hijau 6321,P-6E74CB,Herbisida Bom Up 520 SL Kemasan 5 Liter - Pembasmi Gulma dari Akar ke Daun,General,1,333333.0,IDR
ORD-C0481D31,2026-07-05,C-30F409F1,Koperasi Hijau 5697,P-28A54F,Turmadan 328 SL 1 Liter - Herbisida Parakuat Pembasmi Gulma Super Cepat,Racun,2,83333.0,IDR
ORD-21F38AA1,2026-07-06,C-2A35E654,Toko Pupuk 2444,P-BEDEAF,Herbisida Bablass 490 SL Kemasan 5 Liter - Pembasmi Gulma dari Akar ke Daun,General,1,358974.0,IDR
ORD-33FD34CA,2026-07-06,C-700E20FD,Gapoktan 1141,P-97F3A1,Herbisida Bom Up 520 SL Kemasan 1 Liter - Pembasmi Gulma dari Akar ke Daun,General,2,69231.0,IDR
ORD-3BFD55DD,2026-07-06,C-09EB9275,Gapoktan 6397,P-41049F,Herbisida Metsulindo 20 WP Ukuran 250gr - Efektif kendalikan Gulma Muda,General,1,52564.0,IDR
ORD-66FFB1A6,2026-07-06,C-7CDF2807,Usaha Kebun 7559,P-41049F,Herbisida Metsulindo 20 WP Ukuran 250gr - Efektif kendalikan Gulma Muda,General,1,52564.0,IDR
ORD-68BC57C6,2026-07-06,C-2DDE73EF,Usaha Kebun 9391,P-6E74CB,Herbisida Bom Up 520 SL Kemasan 5 Liter - Pembasmi Gulma dari Akar ke Daun,General,1,333333.0,IDR
ORD-9C8014BC,2026-07-06,C-498C250C,Toko Pupuk 4292,P-BEDEAF,Herbisida Bablass 490 SL Kemasan 5 Liter - Pembasmi Gulma dari Akar ke Daun,General,1,358974.0,IDR
ORD-A6557835,2026-07-06,C-3BEEA4BB,CV Kebun 7483,P-6E74CB,Herbisida Bom Up 520 SL Kemasan 5 Liter - Pembasmi Gulma dari Akar ke Daun,General,1,333333.0,IDR
ORD-A6BDCCC4,2026-07-06,C-BFCA0B4E,Distributor Bibit 1422,P-6E74CB,Herbisida Bom Up 520 SL Kemasan 5 Liter - Pembasmi Gulma dari Akar ke Daun,General,1,333333.0,IDR
ORD-C9D8A1B1,2026-07-06,C-BBF897C3,CV Kebun 5171,P-97F3A1,Herbisida Bom Up 520 SL Kemasan 1 Liter - Pembasmi Gulma dari Akar ke Daun,General,3,69231.0,IDR
ORD-DC129878,2026-07-06,C-62F15C9B,CV Kebun 8051,P-6E74CB,Herbisida Bom Up 520 SL Kemasan 5 Liter - Pembasmi Gulma dari Akar ke Daun,General,1,333333.0,IDR
ORD-F2CE8F29,2026-07-06,C-50BB1FE2,UD Agro 4674,P-D7E146,NPK Sawit 13-8-27-4 0.5 B Pak Tani 50kg,Toling,12,573937.0,IDR
ORD-FC5BB39C,2026-07-06,C-CBC039E5,Gapoktan 2581,P-F9D1EF,Herbisida Bom Up 520 SL Kemasan 20 Liter - Pembasmi Gulma dari Akar ke Daun,General,1,1282051.0,IDR
ORD-FCF2CC22,2026-07-06,C-FA9883B5,Gapoktan 4189,P-10ABDD,Herbisida Gramoxone 276 SL Kemasan 20 Liter - Parakuat Pembasmi Rumput Liar,General,1,1262821.0,IDR
ORD-2198AC52,2026-07-07,C-0CE619E2,UD Agro 2498,P-D6BB73,Pupuk KCL Canada Cap Mahkota 50kg - Meningkatkan Hasil Panen,Pupuk,1,584507.0,IDR
ORD-21E6762B,2026-07-07,C-0E0F2FF9,Koperasi Hijau 5345,P-97F3A1,Herbisida Bom Up 520 SL Kemasan 1 Liter - Pembasmi Gulma dari Akar ke Daun,General,2,69231.0,IDR
ORD-262AB2B8,2026-07-07,C-8275E999,Koperasi Hijau 2593,P-41049F,Herbisida Metsulindo 20 WP Ukuran 250gr - Efektif kendalikan Gulma Muda,General,1,53947.0,IDR
ORD-286F35D8,2026-07-07,C-707E4455,Gapoktan 6221,P-41049F,Herbisida Metsulindo 20 WP Ukuran 250gr - Efektif kendalikan Gulma Muda,General,3,52564.0,IDR
ORD-31DDD17B,2026-07-07,C-CAE4A565,Gapoktan 3181,P-41049F,Herbisida Metsulindo 20 WP Ukuran 250gr - Efektif kendalikan Gulma Muda,General,1,52564.0,IDR
ORD-36894700,2026-07-07,C-12888B36,Distributor Bibit 7422,P-6E74CB,Herbisida Bom Up 520 SL Kemasan 5 Liter - Pembasmi Gulma dari Akar ke Daun,General,1,335526.0,IDR
ORD-3CB9E06F,2026-07-07,C-DCF8BE67,Usaha Kebun 1191,P-41049F,Herbisida Metsulindo 20 WP Ukuran 250gr - Efektif kendalikan Gulma Muda,General,1,52564.0,IDR
ORD-4AD36560,2026-07-07,C-E42C1BF4,Toko Pupuk 9988,P-41049F,Herbisida Metsulindo 20 WP Ukuran 250gr - Efektif kendalikan Gulma Muda,General,1,52564.0,IDR
ORD-61D5F8AA,2026-07-07,C-35E8C715,Gapoktan 2765,P-6E74CB,Herbisida Bom Up 520 SL Kemasan 5 Liter - Pembasmi Gulma dari Akar ke Daun,General,1,333333.0,IDR
ORD-7C56F702,2026-07-07,C-7F9A3C10,Mitra Tani 3352,P-6E74CB,Herbisida Bom Up 520 SL Kemasan 5 Liter - Pembasmi Gulma dari Akar ke Daun,General,1,333333.0,IDR
ORD-82B9EF72,2026-07-07,C-31B2EAF0,Mitra Tani 5136,P-41049F,Herbisida Metsulindo 20 WP Ukuran 250gr - Efektif kendalikan Gulma Muda,General,2,52564.0,IDR
ORD-855CAC05,2026-07-07,C-7F154D38,Mitra Tani 3456,P-6E74CB,Herbisida Bom Up 520 SL Kemasan 5 Liter - Pembasmi Gulma dari Akar ke Daun,General,1,333333.0,IDR
ORD-8DAC2416,2026-07-07,C-4C1B3A8A,UD Agro 5874,P-FCD235,Herbasida Garlon 670 EC Kemasan 1 Liter - Pembasmi Gulma Berkayu,General,2,414474.0,IDR
ORD-94C6619A,2026-07-07,C-42B7E931,Koperasi Hijau 2041,P-6E74CB,Herbisida Bom Up 520 SL Kemasan 5 Liter - Pembasmi Gulma dari Akar ke Daun,General,4,333333.0,IDR
ORD-96F5D069,2026-07-07,C-420EC041,Koperasi Hijau 3977,P-41049F,Herbisida Metsulindo 20 WP Ukuran 250gr - Efektif kendalikan Gulma Muda,General,1,52564.0,IDR
ORD-99B012B7,2026-07-07,C-1D79B238,Mitra Tani 1744,P-2D0BC8,Herbisida Gramoxone 276 SL Kemasan 5 Liter - Parakuat Pembasmi Rumput Liar,General,1,365385.0,IDR
ORD-9AB788FB,2026-07-07,C-BF379C3B,CV Kebun 7731,P-05FE0B,Herbasida Garlon 670 EC Kemasan 100ml - Pembasmi Gulma Berkayu,Racun,3,50000.0,IDR
ORD-AC3FDB0C,2026-07-07,C-52968739,Koperasi Hijau 2729,P-41049F,Herbisida Metsulindo 20 WP Ukuran 250gr - Efektif kendalikan Gulma Muda,General,2,52564.0,IDR
ORD-BD4CF254,2026-07-07,C-0DA7C6C8,Mitra Tani 5208,P-05FE0B,Herbasida Garlon 670 EC Kemasan 100ml - Pembasmi Gulma Berkayu,Racun,1,50000.0,IDR
ORD-DAAD4D87,2026-07-07,C-D90B24AD,Gapoktan 5157,P-41049F,Herbisida Metsulindo 20 WP Ukuran 250gr - Efektif kendalikan Gulma Muda,General,2,52564.0,IDR
ORD-DAAD4D87,2026-07-07,C-D90B24AD,Gapoktan 5157,P-6E74CB,Herbisida Bom Up 520 SL Kemasan 5 Liter - Pembasmi Gulma dari Akar ke Daun,General,2,333333.0,IDR
ORD-EB0A7661,2026-07-07,C-24295555,Gapoktan 8597,P-41049F,Herbisida Metsulindo 20 WP Ukuran 250gr - Efektif kendalikan Gulma Muda,General,2,52564.0,IDR
ORD-EFD6FBAA,2026-07-07,C-11652661,Koperasi Hijau 8633,P-05FE0B,Herbasida Garlon 670 EC Kemasan 100ml - Pembasmi Gulma Berkayu,Racun,1,50000.0,IDR
ORD-F11AC475,2026-07-07,C-AC60402C,Toko Pupuk 2036,P-41049F,Herbisida Metsulindo 20 WP Ukuran 250gr - Efektif kendalikan Gulma Muda,General,2,52564.0,IDR
ORD-F8A20208,2026-07-07,C-8FA4A6F2,UD Agro 3530,P-6E74CB,Herbisida Bom Up 520 SL Kemasan 5 Liter - Pembasmi Gulma dari Akar ke Daun,General,2,333333.0,IDR
ORD-05CA1FF3,2026-07-08,C-A9C693A3,CV Kebun 8427,P-E4C339,Herbisida Centatop 288 SL Kemasan 5 Liter - Herbisida Kontak Parakuat Pembasmi Gulma Cepat,General,2,340789.0,IDR
ORD-25C00056,2026-07-08,C-83C6B019,Koperasi Hijau 5505,P-97F3A1,Herbisida Bom Up 520 SL Kemasan 1 Liter - Pembasmi Gulma dari Akar ke Daun,General,2,71053.0,IDR
ORD-2E097B23,2026-07-08,C-CE2990CA,UD Agro 5538,P-BEDEAF,Herbisida Bablass 490 SL Kemasan 5 Liter - Pembasmi Gulma dari Akar ke Daun,General,1,355263.0,IDR
ORD-348C21C8,2026-07-08,C-33FC6096,Distributor Bibit 6814,P-BEDEAF,Herbisida Bablass 490 SL Kemasan 5 Liter - Pembasmi Gulma dari Akar ke Daun,General,2,355263.0,IDR
ORD-363E98B8,2026-07-08,C-F5063D4A,UD Agro 5826,P-6E74CB,Herbisida Bom Up 520 SL Kemasan 5 Liter - Pembasmi Gulma dari Akar ke Daun,General,1,335526.0,IDR
ORD-41A74A13,2026-07-08,C-5A84E860,Mitra Tani 9680,P-64CA8D,Dolomite M-100 50kg,Toling,3,51940.0,IDR
ORD-60EB19CD,2026-07-08,C-6940F7B8,Mitra Tani 3400,P-6E74CB,Herbisida Bom Up 520 SL Kemasan 5 Liter - Pembasmi Gulma dari Akar ke Daun,General,1,335526.0,IDR
ORD-67B8F806,2026-07-08,C-5D182CC5,Gapoktan 6413,P-41049F,Herbisida Metsulindo 20 WP Ukuran 250gr - Efektif kendalikan Gulma Muda,General,4,53947.0,IDR
ORD-88ACD96C,2026-07-08,C-21AF17DF,Usaha Kebun 5039,P-2D0BC8,Herbisida Gramoxone 276 SL Kemasan 5 Liter - Parakuat Pembasmi Rumput Liar,General,1,375000.0,IDR
ORD-8A4FEC9E,2026-07-08,C-E7EAD697,Usaha Kebun 3255,P-F9D1EF,Herbisida Bom Up 520 SL Kemasan 20 Liter - Pembasmi Gulma dari Akar ke Daun,General,1,1315789.0,IDR
ORD-9F63A87A,2026-07-08,C-2D210073,CV Kebun 4523,P-10ABDD,Herbisida Gramoxone 276 SL Kemasan 20 Liter - Parakuat Pembasmi Rumput Liar,General,1,1296053.0,IDR
ORD-A4BD2C09,2026-07-08,C-499E0B71,Koperasi Hijau 7385,P-2D0BC8,Herbisida Gramoxone 276 SL Kemasan 5 Liter - Parakuat Pembasmi Rumput Liar,General,1,375000.0,IDR
ORD-A4DEEC26,2026-07-08,C-61C6BEFE,Distributor Bibit 3974,P-B11DC4,NPK Phonska Plus 15-15-15 25kg,Toling,100,324625.0,IDR
ORD-AAE15919,2026-07-08,C-D3606ECA,UD Agro 7394,P-6E74CB,Herbisida Bom Up 520 SL Kemasan 5 Liter - Pembasmi Gulma dari Akar ke Daun,General,1,335526.0,IDR
ORD-B371A0CE,2026-07-08,C-370CB5D8,Mitra Tani 9864,P-3CD922,Herbisida Sistemik Elang 480 SL Kemasan 20 Liter - Pembasmi Gulma dari Akar ke Daun,General,1,1250007.0,IDR
ORD-B831D614,2026-07-08,C-23AD41B3,CV Kebun 4107,P-B11DC4,NPK Phonska Plus 15-15-15 25kg,Toling,40,324625.0,IDR
ORD-BE9BDBE1,2026-07-08,C-6971BC3F,Usaha Kebun 4439,P-6E74CB,Herbisida Bom Up 520 SL Kemasan 5 Liter - Pembasmi Gulma dari Akar ke Daun,General,1,335526.0,IDR
ORD-E5DA7CCB,2026-07-08,C-E31D7663,CV Kebun 2883,P-BEDEAF,Herbisida Bablass 490 SL Kemasan 5 Liter - Pembasmi Gulma dari Akar ke Daun,General,1,355263.0,IDR
ORD-0DCEF5EE,2026-07-09,C-95489F45,Gapoktan 9549,P-6E74CB,Herbisida Bom Up 520 SL Kemasan 5 Liter - Pembasmi Gulma dari Akar ke Daun,General,1,335526.0,IDR
ORD-35C62D3D,2026-07-09,C-1C78CD51,Koperasi Hijau 4929,P-2D0BC8,Herbisida Gramoxone 276 SL Kemasan 5 Liter - Parakuat Pembasmi Rumput Liar,General,1,375000.0,IDR
ORD-3CFA7DF3,2026-07-09,C-6AF0AC1B,CV Kebun 8595,P-5A9662,ROUNDUP 486 SL (4 Liter) - Herbisida Sistemik Glifosat Tuntas,Racun,1,442237.0,IDR
ORD-52C83106,2026-07-09,C-0FF6AECF,Usaha Kebun 3847,P-41049F,Herbisida Metsulindo 20 WP Ukuran 250gr - Efektif kendalikan Gulma Muda,General,2,53947.0,IDR
ORD-7D04067E,2026-07-09,C-FCF6A66E,Distributor Bibit 1894,P-2D0BC8,Herbisida Gramoxone 276 SL Kemasan 5 Liter - Parakuat Pembasmi Rumput Liar,General,1,375000.0,IDR
ORD-8163CD98,2026-07-09,C-3680EA27,Usaha Kebun 1215,P-41049F,Herbisida Metsulindo 20 WP Ukuran 250gr - Efektif kendalikan Gulma Muda,General,1,53947.0,IDR
ORD-9B8220C8,2026-07-09,C-53A2B669,Koperasi Hijau 1457,P-6E74CB,Herbisida Bom Up 520 SL Kemasan 5 Liter - Pembasmi Gulma dari Akar ke Daun,General,1,335526.0,IDR
ORD-BB4495CF,2026-07-09,C-26D54A9A,UD Agro 3474,P-6E74CB,Herbisida Bom Up 520 SL Kemasan 5 Liter - Pembasmi Gulma dari Akar ke Daun,General,1,335526.0,IDR
ORD-CB1BCCCB,2026-07-09,C-EB69263D,Gapoktan 4829,P-69F8AE,RP Sasco 50kg - Egypt,Toling,13,125955.0,IDR
ORD-D3202BAB,2026-07-09,C-02344D77,Usaha Kebun 2135,P-05FE0B,Herbasida Garlon 670 EC Kemasan 100ml - Pembasmi Gulma Berkayu,Racun,2,51316.0,IDR
ORD-24A18235,2026-07-10,C-CA7F0AE0,Mitra Tani 4488,P-41049F,Herbisida Metsulindo 20 WP Ukuran 250gr - Efektif kendalikan Gulma Muda,General,1,53947.0,IDR
ORD-362FF41F,2026-07-10,C-4EA4A03C,Toko Pupuk 3772,P-4FE4FF,Herbisida Metsulindo 20 WP Ukuran 100gr - Efektif kendalikan Gulma Muda,General,5,35526.0,IDR
ORD-3980198C,2026-07-10,C-AF8FE48F,Usaha Kebun 4959,P-97F3A1,Herbisida Bom Up 520 SL Kemasan 1 Liter - Pembasmi Gulma dari Akar ke Daun,General,1,71053.0,IDR
ORD-3D4439A6,2026-07-10,C-D6CECA4F,Usaha Kebun 7431,P-6E74CB,Herbisida Bom Up 520 SL Kemasan 5 Liter - Pembasmi Gulma dari Akar ke Daun,General,1,335526.0,IDR
ORD-90033F04,2026-07-10,C-E09F9D14,Toko Pupuk 5820,P-6E74CB,Herbisida Bom Up 520 SL Kemasan 5 Liter - Pembasmi Gulma dari Akar ke Daun,General,1,335526.0,IDR
ORD-DAA459EF,2026-07-10,C-2D0D7427,Usaha Kebun 1423,P-F9D1EF,Herbisida Bom Up 520 SL Kemasan 20 Liter - Pembasmi Gulma dari Akar ke Daun,General,1,1315789.0,IDR
ORD-EC74F730,2026-07-10,C-1ACDA1BA,UD Agro 8898,P-6E74CB,Herbisida Bom Up 520 SL Kemasan 5 Liter - Pembasmi Gulma dari Akar ke Daun,General,1,335526.0,IDR
ORD-550666A2,2026-07-11,C-14B3B661,Koperasi Hijau 3953,P-41049F,Herbisida Metsulindo 20 WP Ukuran 250gr - Efektif kendalikan Gulma Muda,General,1,53947.0,IDR
ORD-9474B953,2026-07-11,C-A94ADCCD,Gapoktan 9693,P-41049F,Herbisida Metsulindo 20 WP Ukuran 250gr - Efektif kendalikan Gulma Muda,General,1,53947.0,IDR
ORD-B2D3C3A7,2026-07-11,C-FEA83EEB,CV Kebun 5019,P-2D0BC8,Herbisida Gramoxone 276 SL Kemasan 5 Liter - Parakuat Pembasmi Rumput Liar,General,1,375000.0,IDR
ORD-B930A795,2026-07-11,C-AD0F86D1,Koperasi Hijau 4921,P-6E74CB,Herbisida Bom Up 520 SL Kemasan 5 Liter - Pembasmi Gulma dari Akar ke Daun,General,1,335526.0,IDR
ORD-04F6D5D0,2026-07-12,C-E8D492FC,Toko Pupuk 3372,P-6E74CB,Herbisida Bom Up 520 SL Kemasan 5 Liter - Pembasmi Gulma dari Akar ke Daun,General,1,335526.0,IDR
ORD-34787460,2026-07-12,C-05377BC6,Distributor Bibit 7246,P-41049F,Herbisida Metsulindo 20 WP Ukuran 250gr - Efektif kendalikan Gulma Muda,General,1,53947.0,IDR
ORD-369AD34A,2026-07-12,C-FB8EA3FC,Toko Pupuk 6308,P-41049F,Herbisida Metsulindo 20 WP Ukuran 250gr - Efektif kendalikan Gulma Muda,General,1,53947.0,IDR
ORD-39F299C8,2026-07-12,C-17FC52BB,CV Kebun 5219,P-05FE0B,Herbasida Garlon 670 EC Kemasan 100ml - Pembasmi Gulma Berkayu,Racun,1,51316.0,IDR
ORD-5E60B3D8,2026-07-12,C-ADCE6E2D,Gapoktan 5989,P-10ABDD,Herbisida Gramoxone 276 SL Kemasan 20 Liter - Parakuat Pembasmi Rumput Liar,General,1,1296053.0,IDR
ORD-74F75AF2,2026-07-12,C-F7FE40EB,CV Kebun 8115,P-41049F,Herbisida Metsulindo 20 WP Ukuran 250gr - Efektif kendalikan Gulma Muda,General,1,53947.0,IDR
ORD-75F6A8B0,2026-07-12,C-9A77F43D,Gapoktan 3573,P-28A54F,Turmadan 328 SL 1 Liter - Herbisida Parakuat Pembasmi Gulma Super Cepat,Racun,1,85526.0,IDR
ORD-DA528E8C,2026-07-12,C-14AFBF96,Distributor Bibit 5166,P-2D0BC8,Herbisida Gramoxone 276 SL Kemasan 5 Liter - Parakuat Pembasmi Rumput Liar,General,2,375000.0,IDR
ORD-0B127744,2026-07-13,C-27CAD32C,Toko Pupuk 2756,P-6E74CB,Herbisida Bom Up 520 SL Kemasan 5 Liter - Pembasmi Gulma dari Akar ke Daun,General,1,335526.0,IDR
ORD-2921CBBE,2026-07-13,C-58C9D45B,CV Kebun 6107,P-28A54F,Turmadan 328 SL 1 Liter - Herbisida Parakuat Pembasmi Gulma Super Cepat,Racun,2,85526.0,IDR
ORD-3EB22815,2026-07-13,C-2B3D4F87,Usaha Kebun 3343,P-DDB457,NPK Mahkota 13-8-27-4 0.5 B 50kg,Pupuk Grosir,200,646653.0,IDR
ORD-6AD1C88A,2026-07-13,C-60AD0CB7,Usaha Kebun 1719,P-64CA8D,Dolomite M-100 50kg,Toling,15,51940.0,IDR
ORD-6AD1C88A,2026-07-13,C-60AD0CB7,Usaha Kebun 1719,P-BC1FE5,MOP/KCL Canada Cap Mahkota 50kg,Toling,10,433699.0,IDR
ORD-795D82E6,2026-07-13,C-5109B98E,Distributor Bibit 7822,P-6E74CB,Herbisida Bom Up 520 SL Kemasan 5 Liter - Pembasmi Gulma dari Akar ke Daun,General,1,335526.0,IDR
ORD-81497011,2026-07-13,C-1CA21419,Koperasi Hijau 1025,P-05FE0B,Herbasida Garlon 670 EC Kemasan 100ml - Pembasmi Gulma Berkayu,Racun,1,51316.0,IDR
ORD-8C261D08,2026-07-13,C-3B2E8300,Mitra Tani 6936,P-E671B4,Elang 480 SL - 20 Liter,Racun,1,1111506.0,IDR
ORD-91DB549C,2026-07-13,C-6DFCE103,CV Kebun 2219,P-41049F,Herbisida Metsulindo 20 WP Ukuran 250gr - Efektif kendalikan Gulma Muda,General,1,53947.0,IDR
ORD-A6FDF1F1,2026-07-13,C-5978F53A,UD Agro 8322,P-2D0BC8,Herbisida Gramoxone 276 SL Kemasan 5 Liter - Parakuat Pembasmi Rumput Liar,General,1,375000.0,IDR
ORD-A77A86CB,2026-07-13,C-740A9B22,UD Agro 9130,P-41049F,Herbisida Metsulindo 20 WP Ukuran 250gr - Efektif kendalikan Gulma Muda,General,1,53947.0,IDR
ORD-A80DE4D2,2026-07-13,C-83EDA91E,Distributor Bibit 3622,P-6E74CB,Herbisida Bom Up 520 SL Kemasan 5 Liter - Pembasmi Gulma dari Akar ke Daun,General,1,335526.0,IDR
ORD-EF08FFF9,2026-07-13,C-04324430,Mitra Tani 6120,P-BC1FE5,MOP/KCL Canada Cap Mahkota 50kg,Pupuk Grosir,100,433699.0,IDR
ORD-F55EA379,2026-07-13,C-99BB238B,CV Kebun 4379,P-BC1FE5,MOP/KCL Canada Cap Mahkota 50kg,Toling,30,433699.0,IDR
ORD-3A2821FE,2026-07-14,C-C68B4A8E,Distributor Bibit 1358,P-BEDEAF,Herbisida Bablass 490 SL Kemasan 5 Liter - Pembasmi Gulma dari Akar ke Daun,General,1,355263.0,IDR
ORD-763488D3,2026-07-14,C-95BA642B,CV Kebun 4523,P-F9D1EF,Herbisida Bom Up 520 SL Kemasan 20 Liter - Pembasmi Gulma dari Akar ke Daun,General,1,1315789.0,IDR
ORD-7A13A82A,2026-07-14,C-577437D6,Distributor Bibit 1262,P-28A54F,Turmadan 328 SL 1 Liter - Herbisida Parakuat Pembasmi Gulma Super Cepat,Racun,1,85526.0,IDR
ORD-7E037130,2026-07-14,C-BFACEDA1,Koperasi Hijau 1281,P-55407F,Herbisida Sistemik Elang 480 SL Kemasan 4 Liter - Pembasmi Gulma dari Akar ke Daun,General,3,322367.0,IDR
ORD-A611B6B6,2026-07-14,C-E2B1D12C,Toko Pupuk 4236,P-3FC5B7,Gramoxone 276 SL - 20 Liter,Khusus Petani,2,1002336.0,IDR
ORD-BE0A30C2,2026-07-14,C-8DC61FF7,Usaha Kebun 7767,P-6E74CB,Herbisida Bom Up 520 SL Kemasan 5 Liter - Pembasmi Gulma dari Akar ke Daun,General,1,335526.0,IDR
ORD-C6810F09,2026-07-14,C-620C5F8F,Usaha Kebun 4063,P-2D0BC8,Herbisida Gramoxone 276 SL Kemasan 5 Liter - Parakuat Pembasmi Rumput Liar,General,1,375000.0,IDR
ORD-C7F4BC67,2026-07-14,C-29872DFF,Usaha Kebun 8991,P-5E0E4B,Gramoxone 276 SL - 1 Liter,Racun,40,68158.0,IDR
ORD-CFB7B5AF,2026-07-14,C-7FF283A2,UD Agro 1842,P-05FE0B,Herbasida Garlon 670 EC Kemasan 100ml - Pembasmi Gulma Berkayu,Racun,1,51316.0,IDR
ORD-F4BCF4E4,2026-07-14,C-637B6CEA,UD Agro 2194,P-41049F,Herbisida Metsulindo 20 WP Ukuran 250gr - Efektif kendalikan Gulma Muda,General,1,53947.0,IDR
ORD-01759675,2026-07-15,C-D29ED4B0,Mitra Tani 9496,P-02E428,AC Powder AKP 50kg,Khusus Petani,40,305280.0,IDR
ORD-02021744,2026-07-15,C-9C850856,Distributor Bibit 8118,P-05FE0B,Herbasida Garlon 670 EC Kemasan 100ml - Pembasmi Gulma Berkayu,Racun,2,51316.0,IDR
ORD-05757805,2026-07-15,C-19B5A96D,Gapoktan 2789,P-6E74CB,Herbisida Bom Up 520 SL Kemasan 5 Liter - Pembasmi Gulma dari Akar ke Daun,General,1,335526.0,IDR
ORD-08D8ECF8,2026-07-15,C-62349A7E,Distributor Bibit 3590,P-41049F,Herbisida Metsulindo 20 WP Ukuran 250gr - Efektif kendalikan Gulma Muda,General,7,53947.0,IDR
ORD-0AF7C954,2026-07-15,C-2295941F,Usaha Kebun 8127,P-2D0BC8,Herbisida Gramoxone 276 SL Kemasan 5 Liter - Parakuat Pembasmi Rumput Liar,General,1,375000.0,IDR
ORD-11FA75B0,2026-07-15,C-162490C9,Koperasi Hijau 3113,P-64CA8D,Dolomite M-100 50kg,Khusus Petani,20,50880.0,IDR
ORD-11FA75B0,2026-07-15,C-162490C9,Koperasi Hijau 3113,P-BC1FE5,MOP/KCL Canada Cap Mahkota 50kg,Pupuk,10,442550.0,IDR
ORD-1DBEF213,2026-07-15,C-B50FB9B1,Koperasi Hijau 9673,P-6E74CB,Herbisida Bom Up 520 SL Kemasan 5 Liter - Pembasmi Gulma dari Akar ke Daun,General,1,335526.0,IDR
ORD-590C525E,2026-07-15,C-97CFB14C,Toko Pupuk 7956,P-97F3A1,Herbisida Bom Up 520 SL Kemasan 1 Liter - Pembasmi Gulma dari Akar ke Daun,General,3,71053.0,IDR
ORD-5D47C20B,2026-07-15,C-6F216D89,Koperasi Hijau 4705,P-6E74CB,Herbisida Bom Up 520 SL Kemasan 5 Liter - Pembasmi Gulma dari Akar ke Daun,General,1,335526.0,IDR
ORD-6C543689,2026-07-15,C-1CECF4CF,Usaha Kebun 3215,P-F9D1EF,Herbisida Bom Up 520 SL Kemasan 20 Liter - Pembasmi Gulma dari Akar ke Daun,General,1,1315789.0,IDR
ORD-76D0D8CC,2026-07-15,C-9E4BD281,Koperasi Hijau 5217,P-69F8AE,RP Sasco 50kg - Egypt,Toling,33,125955.0,IDR
ORD-87463D2C,2026-07-15,C-6583A899,Koperasi Hijau 4193,P-F9D1EF,Herbisida Bom Up 520 SL Kemasan 20 Liter - Pembasmi Gulma dari Akar ke Daun,General,1,1315789.0,IDR
ORD-9F1AB0D3,2026-07-15,C-02DC80F8,Mitra Tani 9368,P-6E74CB,Herbisida Bom Up 520 SL Kemasan 5 Liter - Pembasmi Gulma dari Akar ke Daun,General,1,335526.0,IDR
ORD-B20EE075,2026-07-15,C-6D23B7B3,CV Kebun 8331,P-05FE0B,Herbasida Garlon 670 EC Kemasan 100ml - Pembasmi Gulma Berkayu,Racun,1,51316.0,IDR
ORD-B4F94D55,2026-07-15,C-A8C659C1,Koperasi Hijau 1393,P-6E74CB,Herbisida Bom Up 520 SL Kemasan 5 Liter - Pembasmi Gulma dari Akar ke Daun,General,1,335526.0,IDR
ORD-BE5C476D,2026-07-15,C-2CBCF072,UD Agro 7826,P-6E74CB,Herbisida Bom Up 520 SL Kemasan 5 Liter - Pembasmi Gulma dari Akar ke Daun,General,1,335526.0,IDR
ORD-C53D1965,2026-07-15,C-74C94D6D,Gapoktan 5613,P-41049F,Herbisida Metsulindo 20 WP Ukuran 250gr - Efektif kendalikan Gulma Muda,General,6,53947.0,IDR
ORD-CD2ED7CF,2026-07-15,C-0CFF559A,UD Agro 9186,P-6E74CB,Herbisida Bom Up 520 SL Kemasan 5 Liter - Pembasmi Gulma dari Akar ke Daun,General,1,335526.0,IDR
ORD-D3EC6541,2026-07-15,C-6E6B682F,Usaha Kebun 9783,P-6E74CB,Herbisida Bom Up 520 SL Kemasan 5 Liter - Pembasmi Gulma dari Akar ke Daun,General,1,335526.0,IDR
ORD-D4810CA5,2026-07-15,C-EB4769DF,Usaha Kebun 7919,P-ADBBD0,RP Cap Daun 50Kg,Pupuk Grosir,400,128032.0,IDR
ORD-EE3C17CC,2026-07-15,C-3E2F54F5,Gapoktan 1333,P-2D0BC8,Herbisida Gramoxone 276 SL Kemasan 5 Liter - Parakuat Pembasmi Rumput Liar,General,1,375000.0,IDR
ORD-03275E31,2026-07-16,C-93827137,Usaha Kebun 7415,P-3630B1,Minyak Goreng 1 Liter - Minyak Hemat Petani Hebat,Minyak Hemat,2,21000.0,IDR
ORD-04FD2445,2026-07-16,C-31A40D91,Koperasi Hijau 2961,P-3630B1,Minyak Goreng 1 Liter - Minyak Hemat Petani Hebat,Minyak Hemat,2,21000.0,IDR
ORD-37A561B9,2026-07-16,C-766CADCE,Distributor Bibit 3870,P-6E74CB,Herbisida Bom Up 520 SL Kemasan 5 Liter - Pembasmi Gulma dari Akar ke Daun,General,1,335526.0,IDR
ORD-7492EE76,2026-07-16,C-07A4DCF2,UD Agro 4978,P-2D0BC8,Herbisida Gramoxone 276 SL Kemasan 5 Liter - Parakuat Pembasmi Rumput Liar,General,1,375000.0,IDR
ORD-907B5A68,2026-07-16,C-09935693,CV Kebun 1899,P-41049F,Herbisida Metsulindo 20 WP Ukuran 250gr - Efektif kendalikan Gulma Muda,General,2,53947.0,IDR
ORD-955D5982,2026-07-16,C-2ED7462C,Toko Pupuk 8140,P-3630B1,Minyak Goreng 1 Liter - Minyak Hemat Petani Hebat,Minyak Hemat,2,21000.0,IDR
ORD-A20AE956,2026-07-16,C-52326761,Koperasi Hijau 1977,P-3630B1,Minyak Goreng 1 Liter - Minyak Hemat Petani Hebat,Minyak Hemat,2,21000.0,IDR
ORD-A6E08D57,2026-07-16,C-EDE18600,Mitra Tani 3096,P-3630B1,Minyak Goreng 1 Liter - Minyak Hemat Petani Hebat,Minyak Hemat,2,21000.0,IDR
ORD-C8D998D3,2026-07-16,C-06A39DB2,UD Agro 3034,P-3630B1,Minyak Goreng 1 Liter - Minyak Hemat Petani Hebat,Minyak Hemat,2,21000.0,IDR
ORD-CA443289,2026-07-16,C-B7C34AA4,Toko Pupuk 8156,P-3630B1,Minyak Goreng 1 Liter - Minyak Hemat Petani Hebat,Minyak Hemat,2,21000.0,IDR
ORD-EC74AC44,2026-07-16,C-9F831F0B,CV Kebun 3507,P-05FE0B,Herbasida Garlon 670 EC Kemasan 100ml - Pembasmi Gulma Berkayu,Racun,1,51316.0,IDR
ORD-220AA1C2,2026-07-17,C-B2E8CBE1,Koperasi Hijau 2993,P-BEDEAF,Herbisida Bablass 490 SL Kemasan 5 Liter - Pembasmi Gulma dari Akar ke Daun,General,1,355263.0,IDR
ORD-27A29736,2026-07-17,C-8A6A1CFB,CV Kebun 4043,P-2D0BC8,Herbisida Gramoxone 276 SL Kemasan 5 Liter - Parakuat Pembasmi Rumput Liar,General,1,375000.0,IDR
ORD-3D674E86,2026-07-17,C-38FF26A2,UD Agro 5666,P-F0B741,Pupuk 50kg,Pupuk,15,305000.0,IDR
ORD-707674D8,2026-07-17,C-FD0DC38F,Usaha Kebun 4679,P-2D0BC8,Herbisida Gramoxone 276 SL Kemasan 5 Liter - Parakuat Pembasmi Rumput Liar,General,1,375000.0,IDR
ORD-76EFEDC3,2026-07-17,C-B3B10162,UD Agro 1890,P-6E74CB,Herbisida Bom Up 520 SL Kemasan 5 Liter - Pembasmi Gulma dari Akar ke Daun,General,1,335526.0,IDR
ORD-51FADE12,2026-07-18,C-EF22B3AF,Usaha Kebun 9847,P-2D0BC8,Herbisida Gramoxone 276 SL Kemasan 5 Liter - Parakuat Pembasmi Rumput Liar,General,1,375000.0,IDR
ORD-62A3B820,2026-07-18,C-6963406B,CV Kebun 9235,P-FCD235,Herbasida Garlon 670 EC Kemasan 1 Liter - Pembasmi Gulma Berkayu,General,1,414474.0,IDR
ORD-73DC868D,2026-07-18,C-8B7CB03F,Usaha Kebun 7607,P-5A9662,ROUNDUP 486 SL (4 Liter) - Herbisida Sistemik Glifosat Tuntas,Racun,1,442237.0,IDR
ORD-75013916,2026-07-18,C-DD9253BD,Gapoktan 4429,P-02E428,AC Powder AKP 50kg,Toling,1,311640.0,IDR
ORD-97703E67,2026-07-18,C-D550C6E3,CV Kebun 9803,P-F9D1EF,Herbisida Bom Up 520 SL Kemasan 20 Liter - Pembasmi Gulma dari Akar ke Daun,General,1,1315789.0,IDR
ORD-9B74632D,2026-07-18,C-22C6BD4C,Toko Pupuk 7932,P-6E74CB,Herbisida Bom Up 520 SL Kemasan 5 Liter - Pembasmi Gulma dari Akar ke Daun,General,1,335526.0,IDR
ORD-D2113DB7,2026-07-18,C-84D1C3F9,Koperasi Hijau 3705,P-41049F,Herbisida Metsulindo 20 WP Ukuran 250gr - Efektif kendalikan Gulma Muda,General,5,53947.0,IDR
ORD-F88F7F89,2026-07-18,C-6074A99A,UD Agro 5330,P-6E74CB,Herbisida Bom Up 520 SL Kemasan 5 Liter - Pembasmi Gulma dari Akar ke Daun,General,1,335526.0,IDR
ORD-1F1D7ABF,2026-07-19,C-C199FB89,Koperasi Hijau 4089,P-AE5582,Bom Up 520 SL - 20 Liter,Khusus Petani,2,1017600.0,IDR
ORD-3D488E86,2026-07-19,C-AE202A31,Koperasi Hijau 7537,P-6E74CB,Herbisida Bom Up 520 SL Kemasan 5 Liter - Pembasmi Gulma dari Akar ke Daun,General,1,335526.0,IDR
ORD-7708AFDD,2026-07-19,C-09823B38,Mitra Tani 5784,P-6E74CB,Herbisida Bom Up 520 SL Kemasan 5 Liter - Pembasmi Gulma dari Akar ke Daun,General,1,335526.0,IDR
ORD-7A115296,2026-07-19,C-874EE98F,Usaha Kebun 8759,P-9E50B8,Herbasida Marxone 300 SL Kemasan 5 Liter - Parakuat Pembasmi Rumput Liar,Pupuk,1,342763.0,IDR
ORD-8B5E2667,2026-07-19,C-24295555,Gapoktan 8597,P-6E74CB,Herbisida Bom Up 520 SL Kemasan 5 Liter - Pembasmi Gulma dari Akar ke Daun,General,1,335526.0,IDR
ORD-B1A41502,2026-07-19,C-8A9BBBB2,UD Agro 6938,P-6E74CB,Herbisida Bom Up 520 SL Kemasan 5 Liter - Pembasmi Gulma dari Akar ke Daun,General,1,335526.0,IDR
ORD-C942307D,2026-07-19,C-1EEDEE6D,Gapoktan 6549,P-41049F,Herbisida Metsulindo 20 WP Ukuran 250gr - Efektif kendalikan Gulma Muda,General,1,53947.0,IDR
ORD-4BEACE53,2026-07-20,C-274AC836,Distributor Bibit 8342,P-2D0BC8,Herbisida Gramoxone 276 SL Kemasan 5 Liter - Parakuat Pembasmi Rumput Liar,General,1,375000.0,IDR
ORD-524A8EED,2026-07-20,C-A7799D66,Distributor Bibit 2222,P-69F8AE,RP Sasco 50kg - Egypt,Pupuk Grosir,200,125955.0,IDR
ORD-5549BA5A,2026-07-20,C-9D17A3E1,Koperasi Hijau 4193,P-41049F,Herbisida Metsulindo 20 WP Ukuran 250gr - Efektif kendalikan Gulma Muda,General,1,53947.0,IDR
ORD-6C6FB008,2026-07-20,C-39F0221F,Usaha Kebun 3687,P-05FE0B,Herbasida Garlon 670 EC Kemasan 100ml - Pembasmi Gulma Berkayu,Racun,1,51316.0,IDR
ORD-6C6FB008,2026-07-20,C-39F0221F,Usaha Kebun 3687,P-6E74CB,Herbisida Bom Up 520 SL Kemasan 5 Liter - Pembasmi Gulma dari Akar ke Daun,General,1,335526.0,IDR
ORD-73593342,2026-07-20,C-890CDE26,Distributor Bibit 2894,P-6E74CB,Herbisida Bom Up 520 SL Kemasan 5 Liter - Pembasmi Gulma dari Akar ke Daun,General,1,335526.0,IDR
ORD-771E9F5B,2026-07-20,C-AE4C50A2,UD Agro 2962,P-2A5326,RP Mahkota 50kg - Egypt,Pupuk Grosir,600,124656.0,IDR
ORD-7A20560C,2026-07-20,C-894C5232,UD Agro 3370,P-3630B1,Minyak Goreng 1 Liter - Minyak Hemat Petani Hebat,Minyak Hemat,2,21000.0,IDR
ORD-82833EA9,2026-07-20,C-9BC28C67,Usaha Kebun 6407,P-3630B1,Minyak Goreng 1 Liter - Minyak Hemat Petani Hebat,Minyak Hemat,2,21000.0,IDR
ORD-8C737517,2026-07-20,C-7B4CAAD2,UD Agro 9034,P-F3E4E3,Herbisida Supretox 276 SL Kemasan 20 Liter - Herbisida Supretox 276 SL 20 Liter - Racun Rumput Parakuat Pembasmi Gulma Cepat Untuk Sawit,Racun,1,1309211.0,IDR
ORD-B395E592,2026-07-20,C-4A2E38F1,Koperasi Hijau 6217,P-64CA8D,Dolomite M-100 50kg,Khusus Petani,30,50880.0,IDR
ORD-CB438B74,2026-07-20,C-B9AB1892,UD Agro 8906,P-6E74CB,Herbisida Bom Up 520 SL Kemasan 5 Liter - Pembasmi Gulma dari Akar ke Daun,General,1,335526.0,IDR
ORD-CED52DF8,2026-07-20,C-B7268EB7,Usaha Kebun 5431,P-28A54F,Turmadan 328 SL 1 Liter - Herbisida Parakuat Pembasmi Gulma Super Cepat,Racun,3,85526.0,IDR
ORD-E0FD5692,2026-07-20,C-2B646915,Gapoktan 9789,P-2D0BC8,Herbisida Gramoxone 276 SL Kemasan 5 Liter - Parakuat Pembasmi Rumput Liar,General,1,375000.0,IDR
ORD-F0F3037D,2026-07-20,C-56B44ED4,Toko Pupuk 6236,P-89A982,MOP/KCL Sasco 50kg,Khusus Petani,20,412128.0,IDR
ORD-F5683C14,2026-07-20,C-2274CD38,Mitra Tani 2056,P-41049F,Herbisida Metsulindo 20 WP Ukuran 250gr - Efektif kendalikan Gulma Muda,General,1,53947.0,IDR
ORD-0EC90580,2026-07-21,C-67AA7599,Koperasi Hijau 2473,P-05FE0B,Herbasida Garlon 670 EC Kemasan 100ml - Pembasmi Gulma Berkayu,Racun,1,58904.0,IDR
ORD-833583F0,2026-07-21,C-05987E6C,Toko Pupuk 1916,P-41049F,Herbisida Metsulindo 20 WP Ukuran 250gr - Efektif kendalikan Gulma Muda,General,10,53947.0,IDR
ORD-88E2BE2D,2026-07-21,C-300F5C66,Distributor Bibit 4062,P-97F3A1,Herbisida Bom Up 520 SL Kemasan 1 Liter - Pembasmi Gulma dari Akar ke Daun,General,1,71053.0,IDR
ORD-8BC93CF5,2026-07-21,C-9A0C2175,Gapoktan 2261,P-97F3A1,Herbisida Bom Up 520 SL Kemasan 1 Liter - Pembasmi Gulma dari Akar ke Daun,General,1,71053.0,IDR
ORD-9220319E,2026-07-21,C-B2C8598A,UD Agro 9570,P-6E74CB,Herbisida Bom Up 520 SL Kemasan 5 Liter - Pembasmi Gulma dari Akar ke Daun,General,1,335526.0,IDR
ORD-9C641A7D,2026-07-21,C-A7799D66,Distributor Bibit 2222,P-6387F1,NPK Okura Emas 13-8-27-4 MGO+0.5B 50kg,Pupuk Grosir,200,540176.0,IDR
ORD-B8196863,2026-07-21,C-0FE0730B,CV Kebun 4755,P-05FE0B,Herbasida Garlon 670 EC Kemasan 100ml - Pembasmi Gulma Berkayu,Racun,2,51316.0,IDR
ORD-D0464A1B,2026-07-21,C-D84A3E37,Usaha Kebun 8247,P-BC1FE5,MOP/KCL Canada Cap Mahkota 50kg,Pupuk Grosir,200,433699.0,IDR
ORD-D6D55C04,2026-07-21,C-EA84B3F1,Koperasi Hijau 9361,P-B2BB93,Benih Sawit Topaz 1-3 Seri 4 (100 butir),Benih,170,950000.0,IDR
ORD-21CBF607,2026-07-22,C-36CB731A,UD Agro 7938,P-FCD235,Herbasida Garlon 670 EC Kemasan 1 Liter - Pembasmi Gulma Berkayu,General,1,364474.0,IDR
ORD-247B4CF9,2026-07-22,C-E4BB720D,Gapoktan 7677,P-3630B1,Minyak Goreng 1 Liter - Minyak Hemat Petani Hebat,Minyak Hemat,3,21000.0,IDR
ORD-2E8F887D,2026-07-22,C-8FBA4458,Mitra Tani 7080,P-D7E146,NPK Sawit 13-8-27-4 0.5 B Pak Tani 50kg,Pupuk Grosir,600,586922.0,IDR
ORD-34C8AB37,2026-07-22,C-E59598FA,UD Agro 3490,P-6E74CB,Herbisida Bom Up 520 SL Kemasan 5 Liter - Pembasmi Gulma dari Akar ke Daun,General,1,335526.0,IDR
ORD-419C1BA0,2026-07-22,C-FB0F14EA,UD Agro 7610,P-3630B1,Minyak Goreng 1 Liter - Minyak Hemat Petani Hebat,Minyak Hemat,12,21000.0,IDR
ORD-7FB8BFE4,2026-07-22,C-22CD2ACD,Gapoktan 6181,P-E4C339,Herbisida Centatop 288 SL Kemasan 5 Liter - Herbisida Kontak Parakuat Pembasmi Gulma Cepat,General,1,340789.0,IDR
ORD-903B9963,2026-07-22,C-0E0F2FF9,Koperasi Hijau 5345,P-97F3A1,Herbisida Bom Up 520 SL Kemasan 1 Liter - Pembasmi Gulma dari Akar ke Daun,General,2,71053.0,IDR
ORD-94F94200,2026-07-22,C-2D9DF61E,Distributor Bibit 3878,P-05FE0B,Herbasida Garlon 670 EC Kemasan 100ml - Pembasmi Gulma Berkayu,Racun,1,46395.0,IDR
ORD-AE8DF84A,2026-07-22,C-AF69E609,Koperasi Hijau 7969,P-BC1FE5,MOP/KCL Canada Cap Mahkota 50kg,Pupuk Grosir,200,433699.0,IDR
ORD-B44A705F,2026-07-22,C-72EC623B,CV Kebun 7267,P-97F3A1,Herbisida Bom Up 520 SL Kemasan 1 Liter - Pembasmi Gulma dari Akar ke Daun,General,1,73973.0,IDR
ORD-C6D1B66F,2026-07-22,C-823EE425,Gapoktan 5717,P-3630B1,Minyak Goreng 1 Liter - Minyak Hemat Petani Hebat,Minyak Hemat,12,21000.0,IDR
ORD-D2CC7E85,2026-07-22,C-363B3F01,Koperasi Hijau 7417,P-6E74CB,Herbisida Bom Up 520 SL Kemasan 5 Liter - Pembasmi Gulma dari Akar ke Daun,General,1,335526.0,IDR
ORD-DC13A7D1,2026-07-22,C-0041E3CF,Usaha Kebun 8159,P-4D6695,Smart 486 SL Kemasan 1 Liter - Glifosat Sistemik Pembasmi Gulma Kuat,Racun,1,110526.0,IDR
ORD-ED606039,2026-07-22,C-4F5206FA,UD Agro 9802,P-F9D1EF,Herbisida Bom Up 520 SL Kemasan 20 Liter - Pembasmi Gulma dari Akar ke Daun,General,1,1315789.0,IDR
ORD-EDE9CD73,2026-07-22,C-B8269929,Koperasi Hijau 9321,P-41049F,Herbisida Metsulindo 20 WP Ukuran 250gr - Efektif kendalikan Gulma Muda,General,1,53947.0,IDR
ORD-0968860B,2026-07-23,C-F34F9606,Distributor Bibit 4238,P-FD375A,Metsulindo 20 WP - 250gr,Racun,120,43460.0,IDR
ORD-184BBA8D,2026-07-23,C-E5FE0F27,Usaha Kebun 9487,P-965A60,Topzone 276 SL 20 Liter - Herbisida Penyiang Pembasmi Gulma Berdaun Lebar,Racun,1,315789.0,IDR
ORD-32F56E6F,2026-07-23,C-8B5D0F87,Usaha Kebun 4847,P-3630B1,Minyak Goreng 1 Liter - Minyak Hemat Petani Hebat,Minyak Hemat,12,21000.0,IDR
ORD-7C97FB57,2026-07-23,C-96799801,Koperasi Hijau 7169,P-3630B1,Minyak Goreng 1 Liter - Minyak Hemat Petani Hebat,Minyak Hemat,12,21000.0,IDR
ORD-A847B773,2026-07-23,C-B94005F7,Usaha Kebun 2791,P-965A60,Topzone 276 SL 20 Liter - Herbisida Penyiang Pembasmi Gulma Berdaun Lebar,Racun,1,315789.0,IDR
ORD-BDD9A5E6,2026-07-23,C-A7369560,Mitra Tani 1256,P-BEDEAF,Herbisida Bablass 490 SL Kemasan 5 Liter - Pembasmi Gulma dari Akar ke Daun,General,2,355263.0,IDR
ORD-01EFF59C,2026-07-24,C-EB5987D4,Toko Pupuk 7236,P-89A982,MOP/KCL Sasco 50kg,Pupuk Grosir,200,420714.0,IDR
ORD-0428336E,2026-07-24,C-960EB734,Toko Pupuk 4804,P-6E74CB,Herbisida Bom Up 520 SL Kemasan 5 Liter - Pembasmi Gulma dari Akar ke Daun,General,1,335526.0,IDR
ORD-045D1150,2026-07-24,C-8619F1AF,Usaha Kebun 1215,P-BEDEAF,Herbisida Bablass 490 SL Kemasan 5 Liter - Pembasmi Gulma dari Akar ke Daun,General,1,355263.0,IDR
ORD-047969B5,2026-07-24,C-D3689113,CV Kebun 9459,P-41049F,Herbisida Metsulindo 20 WP Ukuran 250gr - Efektif kendalikan Gulma Muda,General,1,53947.0,IDR
ORD-04A56B9B,2026-07-24,C-AC9C14CB,CV Kebun 8091,P-6E74CB,Herbisida Bom Up 520 SL Kemasan 5 Liter - Pembasmi Gulma dari Akar ke Daun,General,1,335526.0,IDR
ORD-058208B5,2026-07-24,C-D9127AA2,UD Agro 8914,P-3630B1,Minyak Goreng 1 Liter - Minyak Hemat Petani Hebat,Minyak Hemat,12,21000.0,IDR
ORD-0AAEF9E7,2026-07-24,C-259D04C0,Mitra Tani 4360,P-6E74CB,Herbisida Bom Up 520 SL Kemasan 5 Liter - Pembasmi Gulma dari Akar ke Daun,General,1,335526.0,IDR
ORD-0CEEBA66,2026-07-24,C-EA0DF158,Mitra Tani 2296,P-3630B1,Minyak Goreng 1 Liter - Minyak Hemat Petani Hebat,Minyak Hemat,10,21000.0,IDR
ORD-0E2ADEC8,2026-07-24,C-A3A3B465,Gapoktan 1757,P-3630B1,Minyak Goreng 1 Liter - Minyak Hemat Petani Hebat,Minyak Hemat,5,21000.0,IDR
ORD-11FA14C8,2026-07-24,C-D935B516,Distributor Bibit 4638,P-3630B1,Minyak Goreng 1 Liter - Minyak Hemat Petani Hebat,Minyak Hemat,12,21000.0,IDR
ORD-14B73CB4,2026-07-24,C-DBC21ED4,Toko Pupuk 2180,P-6E74CB,Herbisida Bom Up 520 SL Kemasan 5 Liter - Pembasmi Gulma dari Akar ke Daun,General,1,335526.0,IDR
ORD-1719B809,2026-07-24,C-9460CC39,Koperasi Hijau 8705,P-3630B1,Minyak Goreng 1 Liter - Minyak Hemat Petani Hebat,Minyak Hemat,12,21000.0,IDR
ORD-1913F085,2026-07-24,C-1073628D,Gapoktan 4325,P-D7E146,NPK Sawit 13-8-27-4 0.5 B Pak Tani 50kg,Pupuk Grosir,400,586922.0,IDR
ORD-19C09ADC,2026-07-24,C-BB27DB9A,UD Agro 5514,P-3630B1,Minyak Goreng 1 Liter - Minyak Hemat Petani Hebat,Minyak Hemat,12,21000.0,IDR
ORD-19CE935C,2026-07-24,C-153ED00F,Usaha Kebun 3031,P-3630B1,Minyak Goreng 1 Liter - Minyak Hemat Petani Hebat,Minyak Hemat,12,21000.0,IDR
ORD-1A2DF89D,2026-07-24,C-40058DDA,UD Agro 1818,P-2D0BC8,Herbisida Gramoxone 276 SL Kemasan 5 Liter - Parakuat Pembasmi Rumput Liar,General,1,381579.0,IDR
ORD-1B697734,2026-07-24,C-6500D8EE,Distributor Bibit 8350,P-3630B1,Minyak Goreng 1 Liter - Minyak Hemat Petani Hebat,Minyak Hemat,12,21000.0,IDR
ORD-1FC9A3EB,2026-07-24,C-55BAC47C,Toko Pupuk 5356,P-41049F,Herbisida Metsulindo 20 WP Ukuran 250gr - Efektif kendalikan Gulma Muda,General,1,53947.0,IDR
ORD-238DC4FB,2026-07-24,C-E67A089C,Toko Pupuk 7276,P-2D0BC8,Herbisida Gramoxone 276 SL Kemasan 5 Liter - Parakuat Pembasmi Rumput Liar,General,1,381579.0,IDR
ORD-264490C2,2026-07-24,C-7F64FF29,Koperasi Hijau 6353,P-3630B1,Minyak Goreng 1 Liter - Minyak Hemat Petani Hebat,Minyak Hemat,12,21000.0,IDR
ORD-2729F6A7,2026-07-24,C-E87F6E67,Usaha Kebun 3447,P-3630B1,Minyak Goreng 1 Liter - Minyak Hemat Petani Hebat,Minyak Hemat,4,21000.0,IDR
ORD-2981075C,2026-07-24,C-DA94FBC8,Mitra Tani 3872,P-3630B1,Minyak Goreng 1 Liter - Minyak Hemat Petani Hebat,Minyak Hemat,3,21000.0,IDR
ORD-2A5F73F4,2026-07-24,C-1171004A,UD Agro 2314,P-3630B1,Minyak Goreng 1 Liter - Minyak Hemat Petani Hebat,Minyak Hemat,12,21000.0,IDR
ORD-36356C7E,2026-07-24,C-7805AAC7,Usaha Kebun 5319,P-2D0BC8,Herbisida Gramoxone 276 SL Kemasan 5 Liter - Parakuat Pembasmi Rumput Liar,General,1,381579.0,IDR
ORD-36897FDF,2026-07-24,C-0FC07754,Toko Pupuk 5700,P-89A982,MOP/KCL Sasco 50kg,Toling,10,420714.0,IDR
ORD-3D98C368,2026-07-24,C-DABFE7F5,Gapoktan 8845,P-6E74CB,Herbisida Bom Up 520 SL Kemasan 5 Liter - Pembasmi Gulma dari Akar ke Daun,General,1,335526.0,IDR
ORD-3DCD2FDC,2026-07-24,C-9E8DA9A1,Koperasi Hijau 9129,P-3630B1,Minyak Goreng 1 Liter - Minyak Hemat Petani Hebat,Minyak Hemat,12,21000.0,IDR
ORD-3F793912,2026-07-24,C-02FBB77E,Distributor Bibit 2942,P-6E74CB,Herbisida Bom Up 520 SL Kemasan 5 Liter - Pembasmi Gulma dari Akar ke Daun,General,1,335526.0,IDR
ORD-3F921ACE,2026-07-24,C-9D6655AC,Toko Pupuk 4516,P-803744,Kode Unik,General,1,808.0,IDR
ORD-3F921ACE,2026-07-24,C-9D6655AC,Toko Pupuk 4516,P-89A982,MOP/KCL Sasco 50kg,Pupuk Grosir,200,420714.0,IDR
ORD-4001A220,2026-07-24,C-F7A63F35,Gapoktan 9509,P-6E74CB,Herbisida Bom Up 520 SL Kemasan 5 Liter - Pembasmi Gulma dari Akar ke Daun,General,1,335526.0,IDR
ORD-4506BB02,2026-07-24,C-EB5987D4,Toko Pupuk 7236,P-02E428,AC Powder AKP 50kg,Pupuk Grosir,200,228536.0,IDR
ORD-45441D3D,2026-07-24,C-88C894F3,CV Kebun 9707,P-3630B1,Minyak Goreng 1 Liter - Minyak Hemat Petani Hebat,Minyak Hemat,12,21000.0,IDR
ORD-47F1FE46,2026-07-24,C-5CAC0C75,Gapoktan 3253,P-4FE4FF,Herbisida Metsulindo 20 WP Ukuran 100gr - Efektif kendalikan Gulma Muda,General,1,35526.0,IDR
ORD-47F1FE46,2026-07-24,C-5CAC0C75,Gapoktan 3253,P-6E74CB,Herbisida Bom Up 520 SL Kemasan 5 Liter - Pembasmi Gulma dari Akar ke Daun,General,1,335526.0,IDR
ORD-481C6BA8,2026-07-24,C-875050A6,Distributor Bibit 1686,P-6E74CB,Herbisida Bom Up 520 SL Kemasan 5 Liter - Pembasmi Gulma dari Akar ke Daun,General,1,335526.0,IDR
ORD-4820C30A,2026-07-24,C-19AD262A,UD Agro 2898,P-05FE0B,Herbasida Garlon 670 EC Kemasan 100ml - Pembasmi Gulma Berkayu,Racun,1,56579.0,IDR
ORD-4820C30A,2026-07-24,C-19AD262A,UD Agro 2898,P-6E74CB,Herbisida Bom Up 520 SL Kemasan 5 Liter - Pembasmi Gulma dari Akar ke Daun,General,1,335526.0,IDR
ORD-4A3F143E,2026-07-24,C-9D6655AC,Toko Pupuk 4516,P-D7E146,NPK Sawit 13-8-27-4 0.5 B Pak Tani 50kg,Pupuk Grosir,200,586922.0,IDR
ORD-4F50E36A,2026-07-24,C-F37297BF,Usaha Kebun 3439,P-10ABDD,Herbisida Gramoxone 276 SL Kemasan 20 Liter - Parakuat Pembasmi Rumput Liar,General,1,1302632.0,IDR
ORD-51335B6F,2026-07-24,C-296C7AE8,Mitra Tani 5208,P-3630B1,Minyak Goreng 1 Liter - Minyak Hemat Petani Hebat,Minyak Hemat,5,21000.0,IDR
ORD-5651C989,2026-07-24,C-4DD9C80F,Usaha Kebun 3159,P-41049F,Herbisida Metsulindo 20 WP Ukuran 250gr - Efektif kendalikan Gulma Muda,General,2,53947.0,IDR
ORD-56940177,2026-07-24,C-10CAFE9A,UD Agro 3906,P-2D0BC8,Herbisida Gramoxone 276 SL Kemasan 5 Liter - Parakuat Pembasmi Rumput Liar,General,1,381579.0,IDR
ORD-60033CF6,2026-07-24,C-2BBF029E,Distributor Bibit 7334,P-41049F,Herbisida Metsulindo 20 WP Ukuran 250gr - Efektif kendalikan Gulma Muda,General,5,56164.0,IDR
ORD-60F4B887,2026-07-24,C-DC4E1E5E,Distributor Bibit 6102,P-3630B1,Minyak Goreng 1 Liter - Minyak Hemat Petani Hebat,Minyak Hemat,5,21000.0,IDR
ORD-629AF7DE,2026-07-24,C-1081F049,Koperasi Hijau 4113,P-97F3A1,Herbisida Bom Up 520 SL Kemasan 1 Liter - Pembasmi Gulma dari Akar ke Daun,General,1,73973.0,IDR
ORD-62E81C5D,2026-07-24,C-CA123C3A,UD Agro 1698,P-3630B1,Minyak Goreng 1 Liter - Minyak Hemat Petani Hebat,Minyak Hemat,7,21000.0,IDR
ORD-662623EF,2026-07-24,C-0CF80ED8,Mitra Tani 9320,P-032ED5,Herbisida Sistemik Elang 480 SL Kemasan 1 Liter - Pembasmi Gulma dari Akar ke Daun,General,1,85525.0,IDR
ORD-69953937,2026-07-24,C-F330E954,Toko Pupuk 9948,P-6E74CB,Herbisida Bom Up 520 SL Kemasan 5 Liter - Pembasmi Gulma dari Akar ke Daun,General,1,335526.0,IDR
ORD-6C6AB425,2026-07-24,C-0388DBE6,Distributor Bibit 9838,P-3630B1,Minyak Goreng 1 Liter - Minyak Hemat Petani Hebat,Minyak Hemat,12,21000.0,IDR
ORD-6C86DE4F,2026-07-24,C-97D6AD09,Koperasi Hijau 6617,P-F0B741,Pupuk 50kg,Pupuk,100,305000.0,IDR
ORD-6C9D4A76,2026-07-24,C-97D6AD09,Koperasi Hijau 6617,P-89A982,MOP/KCL Sasco 50kg,Pupuk Grosir,2000,420714.0,IDR
ORD-6D1570B2,2026-07-24,C-EA84B3F1,Koperasi Hijau 9361,P-B2BB93,Benih Sawit Topaz 1-3 Seri 4 (100 butir),Benih,30,950000.0,IDR
ORD-6D1BC997,2026-07-24,C-97027D63,CV Kebun 5787,P-4FE4FF,Herbisida Metsulindo 20 WP Ukuran 100gr - Efektif kendalikan Gulma Muda,General,10,35526.0,IDR
ORD-6DB3053B,2026-07-24,C-97027D63,CV Kebun 5787,P-4FE4FF,Herbisida Metsulindo 20 WP Ukuran 100gr - Efektif kendalikan Gulma Muda,General,10,35526.0,IDR
ORD-6DDFB234,2026-07-24,C-E29340C4,Toko Pupuk 8188,P-6E74CB,Herbisida Bom Up 520 SL Kemasan 5 Liter - Pembasmi Gulma dari Akar ke Daun,General,1,335526.0,IDR
ORD-73B9E584,2026-07-24,C-0C8D76E3,CV Kebun 7603,P-41049F,Herbisida Metsulindo 20 WP Ukuran 250gr - Efektif kendalikan Gulma Muda,General,1,53947.0,IDR
ORD-750ADBA5,2026-07-24,C-28A0A96F,Usaha Kebun 3775,P-3630B1,Minyak Goreng 1 Liter - Minyak Hemat Petani Hebat,Minyak Hemat,12,21000.0,IDR
ORD-75C26868,2026-07-24,C-23AEC02D,Gapoktan 3021,P-28A54F,Turmadan 328 SL 1 Liter - Herbisida Parakuat Pembasmi Gulma Super Cepat,Racun,1,85526.0,IDR
ORD-76832908,2026-07-24,C-06D1E53F,Usaha Kebun 3007,P-3630B1,Minyak Goreng 1 Liter - Minyak Hemat Petani Hebat,Minyak Hemat,12,21000.0,IDR
ORD-77A543F8,2026-07-24,C-B3A2295B,CV Kebun 1083,P-3630B1,Minyak Goreng 1 Liter - Minyak Hemat Petani Hebat,Minyak Hemat,12,21000.0,IDR
ORD-785B7A2A,2026-07-24,C-F495CCB8,Mitra Tani 7976,P-6E74CB,Herbisida Bom Up 520 SL Kemasan 5 Liter - Pembasmi Gulma dari Akar ke Daun,General,1,335526.0,IDR
ORD-7A895CF1,2026-07-24,C-11C7E17D,Gapoktan 8061,P-97F3A1,Herbisida Bom Up 520 SL Kemasan 1 Liter - Pembasmi Gulma dari Akar ke Daun,General,4,71053.0,IDR
ORD-8056000E,2026-07-24,C-0900B7DC,Toko Pupuk 5012,P-C21693,ZA Cap Daun 50kg,Toling,50,376565.0,IDR
ORD-80A8B8FC,2026-07-24,C-4F461CE6,Distributor Bibit 2982,P-6E74CB,Herbisida Bom Up 520 SL Kemasan 5 Liter - Pembasmi Gulma dari Akar ke Daun,General,1,335526.0,IDR
ORD-80EF21B4,2026-07-24,C-628298FF,Usaha Kebun 3015,P-28A54F,Turmadan 328 SL 1 Liter - Herbisida Parakuat Pembasmi Gulma Super Cepat,Racun,2,85526.0,IDR
ORD-85CCDE41,2026-07-24,C-4CE280BA,UD Agro 6506,P-6E74CB,Herbisida Bom Up 520 SL Kemasan 5 Liter - Pembasmi Gulma dari Akar ke Daun,General,1,335526.0,IDR
ORD-87552722,2026-07-24,C-CB776A3B,CV Kebun 9827,P-3630B1,Minyak Goreng 1 Liter - Minyak Hemat Petani Hebat,Minyak Hemat,12,21000.0,IDR
ORD-8919D23C,2026-07-24,C-B73CE75D,Gapoktan 2917,P-41049F,Herbisida Metsulindo 20 WP Ukuran 250gr - Efektif kendalikan Gulma Muda,General,10,56164.0,IDR
ORD-8CA78ABE,2026-07-24,C-0BFD700B,CV Kebun 9667,P-3630B1,Minyak Goreng 1 Liter - Minyak Hemat Petani Hebat,Minyak Hemat,10,21000.0,IDR
ORD-8D487604,2026-07-24,C-B8CC1D5E,Distributor Bibit 2606,P-3630B1,Minyak Goreng 1 Liter - Minyak Hemat Petani Hebat,Minyak Hemat,12,21000.0,IDR
ORD-943722FF,2026-07-24,C-A7036311,Koperasi Hijau 3041,P-97F3A1,Herbisida Bom Up 520 SL Kemasan 1 Liter - Pembasmi Gulma dari Akar ke Daun,General,1,73973.0,IDR
ORD-96DE350B,2026-07-24,C-D4BF8CA8,Mitra Tani 5176,P-41049F,Herbisida Metsulindo 20 WP Ukuran 250gr - Efektif kendalikan Gulma Muda,General,6,53947.0,IDR
ORD-9A5C7BBF,2026-07-24,C-CE892477,Usaha Kebun 5263,P-3630B1,Minyak Goreng 1 Liter - Minyak Hemat Petani Hebat,Minyak Hemat,4,21000.0,IDR
ORD-9AD4A0C3,2026-07-24,C-F88ECC9B,CV Kebun 4059,P-6E74CB,Herbisida Bom Up 520 SL Kemasan 5 Liter - Pembasmi Gulma dari Akar ke Daun,General,1,335526.0,IDR
ORD-9B010665,2026-07-24,C-1179AA9C,Toko Pupuk 3204,P-89A982,MOP/KCL Sasco 50kg,Pupuk Grosir,400,420714.0,IDR
ORD-9BE94F21,2026-07-24,C-9F036CD9,Koperasi Hijau 4817,P-F9D1EF,Herbisida Bom Up 520 SL Kemasan 20 Liter - Pembasmi Gulma dari Akar ke Daun,General,1,1315789.0,IDR
ORD-9C6A1A8B,2026-07-24,C-97D6AD09,Koperasi Hijau 6617,P-02E428,AC Powder AKP 50kg,Pupuk Grosir,700,228536.0,IDR
ORD-A8698BCD,2026-07-24,C-248A95BF,Usaha Kebun 1079,P-3630B1,Minyak Goreng 1 Liter - Minyak Hemat Petani Hebat,Minyak Hemat,12,21000.0,IDR
ORD-AB4E2ED7,2026-07-24,C-02605578,Mitra Tani 7768,P-3630B1,Minyak Goreng 1 Liter - Minyak Hemat Petani Hebat,Minyak Hemat,7,21000.0,IDR
ORD-AE4DBAD0,2026-07-24,C-376F3BC1,Koperasi Hijau 4673,P-3630B1,Minyak Goreng 1 Liter - Minyak Hemat Petani Hebat,Minyak Hemat,12,21000.0,IDR
ORD-AFF2AF58,2026-07-24,C-66B889DF,Usaha Kebun 5951,P-D7E146,NPK Sawit 13-8-27-4 0.5 B Pak Tani 50kg,Pupuk Grosir,200,586922.0,IDR
ORD-B001C0CE,2026-07-24,C-109313F7,Usaha Kebun 2359,P-41049F,Herbisida Metsulindo 20 WP Ukuran 250gr - Efektif kendalikan Gulma Muda,General,1,53947.0,IDR
ORD-B1D0CE76,2026-07-24,C-F495CCB8,Mitra Tani 7976,P-3CD922,Herbisida Sistemik Elang 480 SL Kemasan 20 Liter - Pembasmi Gulma dari Akar ke Daun,General,1,1250007.0,IDR
ORD-B7EF2BCC,2026-07-24,C-ADA01E7B,CV Kebun 3931,P-97F3A1,Herbisida Bom Up 520 SL Kemasan 1 Liter - Pembasmi Gulma dari Akar ke Daun,General,3,71053.0,IDR
ORD-BA8EAB39,2026-07-24,C-A82A4A00,Mitra Tani 6744,P-F9D1EF,Herbisida Bom Up 520 SL Kemasan 20 Liter - Pembasmi Gulma dari Akar ke Daun,General,1,1315789.0,IDR
ORD-BD340E4F,2026-07-24,C-E87264A7,Usaha Kebun 3983,P-F9D1EF,Herbisida Bom Up 520 SL Kemasan 20 Liter - Pembasmi Gulma dari Akar ke Daun,General,1,1315789.0,IDR
ORD-C161E117,2026-07-24,C-40574F20,Mitra Tani 4712,P-3630B1,Minyak Goreng 1 Liter - Minyak Hemat Petani Hebat,Minyak Hemat,12,21000.0,IDR
ORD-C178ABD4,2026-07-24,C-3D000DA6,Distributor Bibit 6670,P-6E74CB,Herbisida Bom Up 520 SL Kemasan 5 Liter - Pembasmi Gulma dari Akar ke Daun,General,1,335526.0,IDR
ORD-C1793555,2026-07-24,C-0C8D76E3,CV Kebun 7603,P-55407F,Herbisida Sistemik Elang 480 SL Kemasan 4 Liter - Pembasmi Gulma dari Akar ke Daun,General,1,322367.0,IDR
ORD-C4B7F7A2,2026-07-24,C-948E2BFB,CV Kebun 3339,P-3630B1,Minyak Goreng 1 Liter - Minyak Hemat Petani Hebat,Minyak Hemat,12,21000.0,IDR
ORD-CFAEFBF6,2026-07-24,C-2BA5EB55,Gapoktan 9973,P-3630B1,Minyak Goreng 1 Liter - Minyak Hemat Petani Hebat,Minyak Hemat,12,21000.0,IDR
ORD-CFE7834D,2026-07-24,C-7ACF260B,CV Kebun 9043,P-FCD235,Herbasida Garlon 670 EC Kemasan 1 Liter - Pembasmi Gulma Berkayu,General,1,431507.0,IDR
ORD-D15126E3,2026-07-24,C-06BFBD48,Mitra Tani 1128,P-BEDEAF,Herbisida Bablass 490 SL Kemasan 5 Liter - Pembasmi Gulma dari Akar ke Daun,General,2,355263.0,IDR
ORD-D1E3BA2E,2026-07-24,C-9D919D65,Gapoktan 5925,P-89A982,MOP/KCL Sasco 50kg,Pupuk Grosir,200,420714.0,IDR
ORD-D336EE10,2026-07-24,C-36A774F7,Usaha Kebun 7119,P-41049F,Herbisida Metsulindo 20 WP Ukuran 250gr - Efektif kendalikan Gulma Muda,General,1,53947.0,IDR
ORD-D3C9C3EE,2026-07-24,C-40574F20,Mitra Tani 4712,P-D7E146,NPK Sawit 13-8-27-4 0.5 B Pak Tani 50kg,Pupuk Grosir,200,586922.0,IDR
ORD-D418931F,2026-07-24,C-EBAE5738,Mitra Tani 3352,P-BEDEAF,Herbisida Bablass 490 SL Kemasan 5 Liter - Pembasmi Gulma dari Akar ke Daun,General,1,355263.0,IDR
ORD-D4428805,2026-07-24,C-7B832CFF,Usaha Kebun 8303,P-41049F,Herbisida Metsulindo 20 WP Ukuran 250gr - Efektif kendalikan Gulma Muda,General,2,53947.0,IDR
ORD-D51563A4,2026-07-24,C-F2E26C59,Koperasi Hijau 5145,P-41049F,Herbisida Metsulindo 20 WP Ukuran 250gr - Efektif kendalikan Gulma Muda,General,2,53947.0,IDR
ORD-D5F6327B,2026-07-24,C-96F4D76F,Usaha Kebun 2335,P-97F3A1,Herbisida Bom Up 520 SL Kemasan 1 Liter - Pembasmi Gulma dari Akar ke Daun,General,1,71053.0,IDR
ORD-D73FDF55,2026-07-24,C-77688A0A,UD Agro 3786,P-97F3A1,Herbisida Bom Up 520 SL Kemasan 1 Liter - Pembasmi Gulma dari Akar ke Daun,General,1,71053.0,IDR
ORD-DE09BD75,2026-07-24,C-E832E031,Koperasi Hijau 8305,P-3630B1,Minyak Goreng 1 Liter - Minyak Hemat Petani Hebat,Minyak Hemat,11,21000.0,IDR
ORD-E0E94FD3,2026-07-24,C-E1BF94E5,Gapoktan 5093,P-05FE0B,Herbasida Garlon 670 EC Kemasan 100ml - Pembasmi Gulma Berkayu,Racun,1,58904.0,IDR
ORD-EAD06BCA,2026-07-24,C-C367BD23,CV Kebun 7747,P-6E74CB,Herbisida Bom Up 520 SL Kemasan 5 Liter - Pembasmi Gulma dari Akar ke Daun,General,3,335526.0,IDR
ORD-ED1E4960,2026-07-24,C-0CF80ED8,Mitra Tani 9320,P-6E74CB,Herbisida Bom Up 520 SL Kemasan 5 Liter - Pembasmi Gulma dari Akar ke Daun,General,1,335526.0,IDR
ORD-ED98B1E2,2026-07-24,C-FAAA1917,Usaha Kebun 4543,P-F0B741,Pupuk 50kg,Pupuk,10,305000.0,IDR
ORD-F08320FC,2026-07-24,C-0C37B513,CV Kebun 3427,P-6E74CB,Herbisida Bom Up 520 SL Kemasan 5 Liter - Pembasmi Gulma dari Akar ke Daun,General,1,335526.0,IDR
ORD-F57AB27E,2026-07-24,C-C367BD23,CV Kebun 7747,P-6E74CB,Herbisida Bom Up 520 SL Kemasan 5 Liter - Pembasmi Gulma dari Akar ke Daun,General,3,335526.0,IDR
ORD-F5F4F9D2,2026-07-24,C-A2B7FDE6,Distributor Bibit 7078,P-6E74CB,Herbisida Bom Up 520 SL Kemasan 5 Liter - Pembasmi Gulma dari Akar ke Daun,General,1,335526.0,IDR
ORD-F751C02E,2026-07-24,C-C07BFEB9,Koperasi Hijau 8609,P-B2BB93,Benih Sawit Topaz 1-3 Seri 4 (100 butir),Benih,3,950000.0,IDR
ORD-F7C41232,2026-07-24,C-705650FC,Toko Pupuk 7020,P-41049F,Herbisida Metsulindo 20 WP Ukuran 250gr - Efektif kendalikan Gulma Muda,General,1,56164.0,IDR
ORD-F7C41232,2026-07-24,C-705650FC,Toko Pupuk 7020,P-6E74CB,Herbisida Bom Up 520 SL Kemasan 5 Liter - Pembasmi Gulma dari Akar ke Daun,General,1,349315.0,IDR
ORD-F9276576,2026-07-24,C-58C9D45B,CV Kebun 6107,P-28A54F,Turmadan 328 SL 1 Liter - Herbisida Parakuat Pembasmi Gulma Super Cepat,Racun,3,85526.0,IDR
ORD-0335243E,2026-07-25,C-06A3EA7F,Usaha Kebun 4695,P-2D0BC8,Herbisida Gramoxone 276 SL Kemasan 5 Liter - Parakuat Pembasmi Rumput Liar,General,1,381579.0,IDR
ORD-047657A8,2026-07-25,C-2DDF93F5,Gapoktan 2125,P-E4C339,Herbisida Centatop 288 SL Kemasan 5 Liter - Herbisida Kontak Parakuat Pembasmi Gulma Cepat,General,2,340789.0,IDR
ORD-050799B9,2026-07-25,C-69AECDF5,Gapoktan 1669,P-41049F,Herbisida Metsulindo 20 WP Ukuran 250gr - Efektif kendalikan Gulma Muda,General,2,56164.0,IDR
ORD-0BD10716,2026-07-25,C-33B13209,Koperasi Hijau 2697,P-6E74CB,Herbisida Bom Up 520 SL Kemasan 5 Liter - Pembasmi Gulma dari Akar ke Daun,General,1,335526.0,IDR
ORD-0F380556,2026-07-25,C-A662D461,Koperasi Hijau 1753,P-FCD235,Herbasida Garlon 670 EC Kemasan 1 Liter - Pembasmi Gulma Berkayu,General,1,414474.0,IDR
ORD-10046519,2026-07-25,C-947A2DA5,Gapoktan 7045,P-6E74CB,Herbisida Bom Up 520 SL Kemasan 5 Liter - Pembasmi Gulma dari Akar ke Daun,General,1,335526.0,IDR
ORD-1365EE1D,2026-07-25,C-E2AB7207,Usaha Kebun 9663,P-89A982,MOP/KCL Sasco 50kg,Pupuk Grosir,200,420714.0,IDR
ORD-155955FE,2026-07-25,C-55E28ECF,Usaha Kebun 3055,P-6E74CB,Herbisida Bom Up 520 SL Kemasan 5 Liter - Pembasmi Gulma dari Akar ke Daun,General,1,335526.0,IDR
ORD-1EFC3492,2026-07-25,C-2381133B,CV Kebun 6627,P-02E428,AC Powder AKP 50kg,Pupuk Grosir,600,228536.0,IDR
ORD-2609FC41,2026-07-25,C-94E21865,Gapoktan 4349,P-D7E146,NPK Sawit 13-8-27-4 0.5 B Pak Tani 50kg,Pupuk Grosir,600,586922.0,IDR
ORD-282FC2D8,2026-07-25,C-4D453D0B,CV Kebun 6243,P-DDA2C3,"Pupuk Meroke Korn-Kali B (KKB) 50kg - Kalium, Magnesium & Sulfur Terbaik",Pupuk,1,718310.0,IDR
ORD-2862DBD5,2026-07-25,C-B9C74979,Koperasi Hijau 2433,P-41049F,Herbisida Metsulindo 20 WP Ukuran 250gr - Efektif kendalikan Gulma Muda,General,1,53947.0,IDR
ORD-2995A865,2026-07-25,C-CDCD0963,CV Kebun 7563,P-A1BDE2,Herbisida Bablass 490 SL Kemasan 1 Liter - Pembasmi Gulma dari Akar ke Daun,General,1,76316.0,IDR
ORD-2A202D6A,2026-07-25,C-E37156D6,Distributor Bibit 9830,P-10ABDD,Herbisida Gramoxone 276 SL Kemasan 20 Liter - Parakuat Pembasmi Rumput Liar,General,1,1302632.0,IDR
ORD-2B322443,2026-07-25,C-32DD3EC8,Mitra Tani 8328,P-6E74CB,Herbisida Bom Up 520 SL Kemasan 5 Liter - Pembasmi Gulma dari Akar ke Daun,General,1,335526.0,IDR
ORD-2C05934E,2026-07-25,C-2CBCF072,UD Agro 7826,P-6E74CB,Herbisida Bom Up 520 SL Kemasan 5 Liter - Pembasmi Gulma dari Akar ke Daun,General,1,335526.0,IDR
ORD-33384C8B,2026-07-25,C-72E1DA28,Mitra Tani 1072,P-6E74CB,Herbisida Bom Up 520 SL Kemasan 5 Liter - Pembasmi Gulma dari Akar ke Daun,General,1,335526.0,IDR
ORD-367AA81D,2026-07-25,C-EFD1E3B3,CV Kebun 6939,P-11A4BE,Minyak Goreng Harumas 1 Liter - Minyak Hemat Petani Hebat,Minyak Hemat,1,19000.0,IDR
ORD-3A60D88C,2026-07-25,C-8D81E154,Toko Pupuk 8284,P-FCD235,Herbasida Garlon 670 EC Kemasan 1 Liter - Pembasmi Gulma Berkayu,General,1,431507.0,IDR
ORD-3ABE2FC3,2026-07-25,C-246E8B31,Koperasi Hijau 8369,P-10ABDD,Herbisida Gramoxone 276 SL Kemasan 20 Liter - Parakuat Pembasmi Rumput Liar,General,1,1302632.0,IDR
ORD-3FE2CA5F,2026-07-25,C-561FE3AE,Distributor Bibit 8478,P-6E74CB,Herbisida Bom Up 520 SL Kemasan 5 Liter - Pembasmi Gulma dari Akar ke Daun,General,1,335526.0,IDR
ORD-454A448F,2026-07-25,C-E9FD3F6D,Gapoktan 6173,P-41049F,Herbisida Metsulindo 20 WP Ukuran 250gr - Efektif kendalikan Gulma Muda,General,1,53947.0,IDR
ORD-455C4EF9,2026-07-25,C-6BBFA7D9,Koperasi Hijau 1457,P-3E8E64,Herbisida Bablass 490 SL Kemasan 20 Liter - Pembasmi Gulma dari Akar ke Daun,General,1,1513158.0,IDR
ORD-45F3729D,2026-07-25,C-06E3F54A,UD Agro 7762,P-6E74CB,Herbisida Bom Up 520 SL Kemasan 5 Liter - Pembasmi Gulma dari Akar ke Daun,General,2,335526.0,IDR
ORD-47AD5E35,2026-07-25,C-825393CF,Usaha Kebun 2407,P-BC1FE5,MOP/KCL Canada Cap Mahkota 50kg,Khusus Petani,43,424848.0,IDR
ORD-4C4BE487,2026-07-25,C-52E8D46C,Toko Pupuk 5444,P-D7E146,NPK Sawit 13-8-27-4 0.5 B Pak Tani 50kg,Pupuk Grosir,400,586922.0,IDR
ORD-4C4BE487,2026-07-25,C-52E8D46C,Toko Pupuk 5444,P-F0B741,Pupuk 50kg,Pupuk,20,305000.0,IDR
ORD-4C612A48,2026-07-25,C-D4DDDF19,Koperasi Hijau 3361,P-6E74CB,Herbisida Bom Up 520 SL Kemasan 5 Liter - Pembasmi Gulma dari Akar ke Daun,General,2,335526.0,IDR
ORD-55436E57,2026-07-25,C-961B9230,Mitra Tani 1296,P-6E74CB,Herbisida Bom Up 520 SL Kemasan 5 Liter - Pembasmi Gulma dari Akar ke Daun,General,3,335526.0,IDR
ORD-586E2A41,2026-07-25,C-A5C0007D,Gapoktan 4677,P-BEDEAF,Herbisida Bablass 490 SL Kemasan 5 Liter - Pembasmi Gulma dari Akar ke Daun,General,1,355263.0,IDR
ORD-589A3923,2026-07-25,C-9B3A5E11,Koperasi Hijau 9649,P-6E74CB,Herbisida Bom Up 520 SL Kemasan 5 Liter - Pembasmi Gulma dari Akar ke Daun,General,1,335526.0,IDR
ORD-59B0ACDD,2026-07-25,C-A8B58CA8,Mitra Tani 7312,P-89A982,MOP/KCL Sasco 50kg,Khusus Petani,21,412128.0,IDR
ORD-616E5928,2026-07-25,C-5168F8C6,Distributor Bibit 3926,P-6E74CB,Herbisida Bom Up 520 SL Kemasan 5 Liter - Pembasmi Gulma dari Akar ke Daun,General,1,335526.0,IDR
ORD-662CC8C0,2026-07-25,C-60E7D33A,UD Agro 1626,P-6E74CB,Herbisida Bom Up 520 SL Kemasan 5 Liter - Pembasmi Gulma dari Akar ke Daun,General,1,335526.0,IDR
ORD-6C4C82AD,2026-07-25,C-EF438B14,Toko Pupuk 2140,P-2D0BC8,Herbisida Gramoxone 276 SL Kemasan 5 Liter - Parakuat Pembasmi Rumput Liar,General,1,381579.0,IDR
ORD-6D89E825,2026-07-25,C-3A67D274,Toko Pupuk 8612,P-3CD922,Herbisida Sistemik Elang 480 SL Kemasan 20 Liter - Pembasmi Gulma dari Akar ke Daun,General,1,1250007.0,IDR
ORD-6FE1A088,2026-07-25,C-0E97DC69,Koperasi Hijau 7385,P-6E74CB,Herbisida Bom Up 520 SL Kemasan 5 Liter - Pembasmi Gulma dari Akar ke Daun,General,2,335526.0,IDR
ORD-745777A5,2026-07-25,C-3828DAD3,CV Kebun 1555,P-4FE4FF,Herbisida Metsulindo 20 WP Ukuran 100gr - Efektif kendalikan Gulma Muda,General,2,35526.0,IDR
ORD-799F26CF,2026-07-25,C-3479ADC9,Koperasi Hijau 1577,P-6E74CB,Herbisida Bom Up 520 SL Kemasan 5 Liter - Pembasmi Gulma dari Akar ke Daun,General,1,335526.0,IDR
ORD-7E5368FC,2026-07-25,C-EA1FACE2,UD Agro 3418,P-D7E146,NPK Sawit 13-8-27-4 0.5 B Pak Tani 50kg,Pupuk Grosir,200,586922.0,IDR
ORD-8165F8D9,2026-07-25,C-DA6E73F0,Mitra Tani 7728,P-97F3A1,Herbisida Bom Up 520 SL Kemasan 1 Liter - Pembasmi Gulma dari Akar ke Daun,General,1,71053.0,IDR
ORD-824F6D41,2026-07-25,C-CACB595A,UD Agro 1314,P-6E74CB,Herbisida Bom Up 520 SL Kemasan 5 Liter - Pembasmi Gulma dari Akar ke Daun,General,1,335526.0,IDR
ORD-82D8F384,2026-07-25,C-3E594444,Toko Pupuk 4572,P-6E74CB,Herbisida Bom Up 520 SL Kemasan 5 Liter - Pembasmi Gulma dari Akar ke Daun,General,1,335526.0,IDR
ORD-85E81F15,2026-07-25,C-38FF26A2,UD Agro 5666,P-BC1FE5,MOP/KCL Canada Cap Mahkota 50kg,Khusus Petani,69,429273.5,IDR
ORD-91AF3028,2026-07-25,C-E4855550,Mitra Tani 7376,P-FCD235,Herbasida Garlon 670 EC Kemasan 1 Liter - Pembasmi Gulma Berkayu,General,1,414474.0,IDR
ORD-91FE30C8,2026-07-25,C-D8EE9A70,Mitra Tani 6760,P-05FE0B,Herbasida Garlon 670 EC Kemasan 100ml - Pembasmi Gulma Berkayu,Racun,3,56579.0,IDR
ORD-932195AE,2026-07-25,C-708800A3,CV Kebun 5251,P-11A4BE,Minyak Goreng Harumas 1 Liter - Minyak Hemat Petani Hebat,Minyak Hemat,5,19000.0,IDR
ORD-94952D3C,2026-07-25,C-60065365,Gapoktan 1301,P-97F3A1,Herbisida Bom Up 520 SL Kemasan 1 Liter - Pembasmi Gulma dari Akar ke Daun,General,1,73973.0,IDR
ORD-9514F05F,2026-07-25,C-B69DEB95,Gapoktan 5773,P-D7E146,NPK Sawit 13-8-27-4 0.5 B Pak Tani 50kg,Pupuk Grosir,200,586922.0,IDR
ORD-9647FC12,2026-07-25,C-5151EC6E,Distributor Bibit 5438,P-656A01,Pupuk Organik Ukuran 50 Kg - Meningkatkan kesuburan tanah dan produksi,Pupuk,1,316130.0,IDR
ORD-96C494DE,2026-07-25,C-9BF701EE,Distributor Bibit 6366,P-89A982,MOP/KCL Sasco 50kg,Pupuk,2,429300.0,IDR
ORD-96C494DE,2026-07-25,C-9BF701EE,Distributor Bibit 6366,P-ADBBD0,RP Cap Daun 50Kg,Pupuk,3,128525.0,IDR
ORD-99BA57DE,2026-07-25,C-A82A4A00,Mitra Tani 6744,P-F9D1EF,Herbisida Bom Up 520 SL Kemasan 20 Liter - Pembasmi Gulma dari Akar ke Daun,General,1,1315789.0,IDR
ORD-9E85CD1E,2026-07-25,C-8C9CD3D5,Gapoktan 9085,P-6E74CB,Herbisida Bom Up 520 SL Kemasan 5 Liter - Pembasmi Gulma dari Akar ke Daun,General,1,335526.0,IDR
ORD-9F614DCC,2026-07-25,C-EFD1E3B3,CV Kebun 6939,P-11A4BE,Minyak Goreng Harumas 1 Liter - Minyak Hemat Petani Hebat,Minyak Hemat,1,19000.0,IDR
ORD-9FB60604,2026-07-25,C-27705CE8,Mitra Tani 5240,P-6E74CB,Herbisida Bom Up 520 SL Kemasan 5 Liter - Pembasmi Gulma dari Akar ke Daun,General,1,335526.0,IDR
ORD-A07F1459,2026-07-25,C-05CD8F63,CV Kebun 5667,P-BEDEAF,Herbisida Bablass 490 SL Kemasan 5 Liter - Pembasmi Gulma dari Akar ke Daun,General,1,355263.0,IDR
ORD-A13A26BF,2026-07-25,C-7E8613C7,Usaha Kebun 4103,P-6E74CB,Herbisida Bom Up 520 SL Kemasan 5 Liter - Pembasmi Gulma dari Akar ke Daun,General,1,335526.0,IDR
ORD-B1D6B5F3,2026-07-25,C-E9ABE52B,CV Kebun 2651,P-6E74CB,Herbisida Bom Up 520 SL Kemasan 5 Liter - Pembasmi Gulma dari Akar ke Daun,General,1,335526.0,IDR
ORD-C1EED30B,2026-07-25,C-5B7ECE63,CV Kebun 7027,P-11A4BE,Minyak Goreng Harumas 1 Liter - Minyak Hemat Petani Hebat,Minyak Hemat,4,19000.0,IDR
ORD-C52BA56C,2026-07-25,C-5039856B,CV Kebun 6987,P-2A5326,RP Mahkota 50kg - Egypt,Toling,40,124656.0,IDR
ORD-CAB8CB6B,2026-07-25,C-2C264709,Koperasi Hijau 7057,P-F0B741,Pupuk 50kg,Pupuk,60,305000.0,IDR
ORD-CC9690D7,2026-07-25,C-16788C4B,CV Kebun 7987,P-F9D1EF,Herbisida Bom Up 520 SL Kemasan 20 Liter - Pembasmi Gulma dari Akar ke Daun,General,1,1315789.0,IDR
ORD-D0463240,2026-07-25,C-30B93016,Distributor Bibit 9838,P-6E74CB,Herbisida Bom Up 520 SL Kemasan 5 Liter - Pembasmi Gulma dari Akar ke Daun,General,1,335526.0,IDR
ORD-DD54E96E,2026-07-25,C-2C264709,Koperasi Hijau 7057,P-89A982,MOP/KCL Sasco 50kg,Pupuk Grosir,600,420714.0,IDR
ORD-DE01F7EB,2026-07-25,C-99845C28,Mitra Tani 5392,P-BEDEAF,Herbisida Bablass 490 SL Kemasan 5 Liter - Pembasmi Gulma dari Akar ke Daun,General,1,355263.0,IDR
ORD-DF51840D,2026-07-25,C-3E594444,Toko Pupuk 4572,P-6E74CB,Herbisida Bom Up 520 SL Kemasan 5 Liter - Pembasmi Gulma dari Akar ke Daun,General,1,335526.0,IDR
ORD-E0526D5F,2026-07-25,C-D8E8D53C,Toko Pupuk 6596,P-385FCB,Herbisida Gramoxone 276 SL Kemasan 1 Liter - Parakuat Pembasmi Rumput Liar,General,1,85526.0,IDR
ORD-E0568F41,2026-07-25,C-F72F5560,Mitra Tani 1400,P-6E74CB,Herbisida Bom Up 520 SL Kemasan 5 Liter - Pembasmi Gulma dari Akar ke Daun,General,1,335526.0,IDR
ORD-E3B9D0FD,2026-07-25,C-175E6FCD,Gapoktan 7973,P-BEDEAF,Herbisida Bablass 490 SL Kemasan 5 Liter - Pembasmi Gulma dari Akar ke Daun,General,1,355263.0,IDR
ORD-F3B104F8,2026-07-25,C-38FF26A2,UD Agro 5666,P-6D3C20,Pupuk RP Egypt Mentari 50kg,Pupuk Grosir,40,121072.0,IDR
ORD-F3B104F8,2026-07-25,C-38FF26A2,UD Agro 5666,P-F0B741,Pupuk 50kg,Pupuk,30,305000.0,IDR
ORD-F411C4B8,2026-07-25,C-D0295BB6,Distributor Bibit 3382,P-97F3A1,Herbisida Bom Up 520 SL Kemasan 1 Liter - Pembasmi Gulma dari Akar ke Daun,General,1,73973.0,IDR
ORD-F4E48B4F,2026-07-25,C-991AEF5B,CV Kebun 8259,P-05FE0B,Herbasida Garlon 670 EC Kemasan 100ml - Pembasmi Gulma Berkayu,Racun,1,56579.0,IDR
ORD-F4E48B4F,2026-07-25,C-991AEF5B,CV Kebun 8259,P-E4C339,Herbisida Centatop 288 SL Kemasan 5 Liter - Herbisida Kontak Parakuat Pembasmi Gulma Cepat,General,1,340789.0,IDR
ORD-F8A644EB,2026-07-25,C-D68E880C,Toko Pupuk 8164,P-41049F,Herbisida Metsulindo 20 WP Ukuran 250gr - Efektif kendalikan Gulma Muda,General,1,56164.0,IDR
ORD-FAE41DEF,2026-07-25,C-600F1693,CV Kebun 8555,P-05FE0B,Herbasida Garlon 670 EC Kemasan 100ml - Pembasmi Gulma Berkayu,Racun,1,56579.0,IDR
ORD-FED6EDBB,2026-07-25,C-C2CDBD5A,UD Agro 4258,P-6E74CB,Herbisida Bom Up 520 SL Kemasan 5 Liter - Pembasmi Gulma dari Akar ke Daun,General,1,335526.0,IDR
ORD-045231DD,2026-07-26,C-1364A65D,Gapoktan 5293,P-6E74CB,Herbisida Bom Up 520 SL Kemasan 5 Liter - Pembasmi Gulma dari Akar ke Daun,General,1,335526.0,IDR
ORD-16A59195,2026-07-26,C-62A6BA7C,Toko Pupuk 3884,P-41049F,Herbisida Metsulindo 20 WP Ukuran 250gr - Efektif kendalikan Gulma Muda,General,2,56164.0,IDR
ORD-20A77DFB,2026-07-26,C-0CD3CBB7,Usaha Kebun 8839,P-11A4BE,Minyak Goreng Harumas 1 Liter - Minyak Hemat Petani Hebat,Minyak Hemat,5,19000.0,IDR
ORD-24736001,2026-07-26,C-FCCAE334,Toko Pupuk 4868,P-6E74CB,Herbisida Bom Up 520 SL Kemasan 5 Liter - Pembasmi Gulma dari Akar ke Daun,General,1,335526.0,IDR
ORD-26658120,2026-07-26,C-A800AD6D,Gapoktan 6685,P-11A4BE,Minyak Goreng Harumas 1 Liter - Minyak Hemat Petani Hebat,Minyak Hemat,1,19000.0,IDR
ORD-37A024A1,2026-07-26,C-0C9F8E0F,Usaha Kebun 5183,P-97F3A1,Herbisida Bom Up 520 SL Kemasan 1 Liter - Pembasmi Gulma dari Akar ke Daun,General,1,71053.0,IDR
ORD-3FA252DB,2026-07-26,C-3ECEC392,UD Agro 9874,P-6E74CB,Herbisida Bom Up 520 SL Kemasan 5 Liter - Pembasmi Gulma dari Akar ke Daun,General,1,335526.0,IDR
ORD-3FDD40CC,2026-07-26,C-B2BCFE5D,Gapoktan 3333,P-6E74CB,Herbisida Bom Up 520 SL Kemasan 5 Liter - Pembasmi Gulma dari Akar ke Daun,General,1,335526.0,IDR
ORD-4E36F1E9,2026-07-26,C-1AE91ECE,Distributor Bibit 1390,P-97F3A1,Herbisida Bom Up 520 SL Kemasan 1 Liter - Pembasmi Gulma dari Akar ke Daun,General,1,73973.0,IDR
ORD-60D728A1,2026-07-26,C-311FC8E3,CV Kebun 1627,P-4D9CD6,ROUNDUP 486 SL (20 Liter) - Herbisida Sistemik Glifosat Tuntas,Racun,1,2054795.0,IDR
ORD-6D6AF27D,2026-07-26,C-EC3A2C03,CV Kebun 5331,P-6E74CB,Herbisida Bom Up 520 SL Kemasan 5 Liter - Pembasmi Gulma dari Akar ke Daun,General,1,335526.0,IDR
ORD-7166479A,2026-07-26,C-35E9B1C1,Koperasi Hijau 8841,P-11A4BE,Minyak Goreng Harumas 1 Liter - Minyak Hemat Petani Hebat,Minyak Hemat,1,19000.0,IDR
ORD-808E5577,2026-07-26,C-495F3E7A,UD Agro 4682,P-41049F,Herbisida Metsulindo 20 WP Ukuran 250gr - Efektif kendalikan Gulma Muda,General,1,56164.0,IDR
ORD-82B57946,2026-07-26,C-617D9EC7,Usaha Kebun 8599,P-41049F,Herbisida Metsulindo 20 WP Ukuran 250gr - Efektif kendalikan Gulma Muda,General,1,53947.0,IDR
ORD-859950C4,2026-07-26,C-05357CD4,Toko Pupuk 2444,P-6E74CB,Herbisida Bom Up 520 SL Kemasan 5 Liter - Pembasmi Gulma dari Akar ke Daun,General,1,335526.0,IDR
ORD-9232AAE2,2026-07-26,C-C7D79E5C,Toko Pupuk 9764,P-11A4BE,Minyak Goreng Harumas 1 Liter - Minyak Hemat Petani Hebat,Minyak Hemat,6,19000.0,IDR
ORD-947F5358,2026-07-26,C-52D2AF88,Mitra Tani 3208,P-6E74CB,Herbisida Bom Up 520 SL Kemasan 5 Liter - Pembasmi Gulma dari Akar ke Daun,General,1,335526.0,IDR
ORD-9BAB2454,2026-07-26,C-71EEA867,Usaha Kebun 2087,P-BEDEAF,Herbisida Bablass 490 SL Kemasan 5 Liter - Pembasmi Gulma dari Akar ke Daun,General,1,355263.0,IDR
ORD-A48B78F6,2026-07-26,C-01CFEA0F,Usaha Kebun 2087,P-05FE0B,Herbasida Garlon 670 EC Kemasan 100ml - Pembasmi Gulma Berkayu,Racun,1,58904.0,IDR
ORD-B36BF778,2026-07-26,C-02322A2F,Usaha Kebun 6031,P-6E74CB,Herbisida Bom Up 520 SL Kemasan 5 Liter - Pembasmi Gulma dari Akar ke Daun,General,1,335526.0,IDR
ORD-BCBC444D,2026-07-26,C-1501631D,Gapoktan 9445,P-2A5326,RP Mahkota 50kg - Egypt,Khusus Petani,70,122112.0,IDR
ORD-BD530FFA,2026-07-26,C-738C416B,CV Kebun 8627,P-97F3A1,Herbisida Bom Up 520 SL Kemasan 1 Liter - Pembasmi Gulma dari Akar ke Daun,General,1,73973.0,IDR
ORD-C0351E4C,2026-07-26,C-4C2E9A3C,Toko Pupuk 6556,P-6E74CB,Herbisida Bom Up 520 SL Kemasan 5 Liter - Pembasmi Gulma dari Akar ke Daun,General,1,335526.0,IDR
ORD-C281437F,2026-07-26,C-84A6811F,Usaha Kebun 3543,P-F9D1EF,Herbisida Bom Up 520 SL Kemasan 20 Liter - Pembasmi Gulma dari Akar ke Daun,General,1,1315789.0,IDR
ORD-C34F8C4D,2026-07-26,C-8B14CC4A,UD Agro 3042,P-101D4A,Triester 670 EC 100 ml - Herbisida Khusus Pembasmi Semak & Gulma Berkayu,Racun,1,42763.0,IDR
ORD-CC4D9D9B,2026-07-26,C-8C9690FD,Gapoktan 3757,P-11A4BE,Minyak Goreng Harumas 1 Liter - Minyak Hemat Petani Hebat,Minyak Hemat,1,19000.0,IDR
ORD-D153CDE7,2026-07-26,C-56FBCC6B,CV Kebun 2443,P-6E74CB,Herbisida Bom Up 520 SL Kemasan 5 Liter - Pembasmi Gulma dari Akar ke Daun,General,1,335526.0,IDR
ORD-D26F149C,2026-07-26,C-8B5D0F87,Usaha Kebun 4847,P-3FC5B7,Gramoxone 276 SL - 20 Liter,Racun,2,1049400.0,IDR
ORD-D26F149C,2026-07-26,C-8B5D0F87,Usaha Kebun 4847,P-69F8AE,RP Sasco 50kg - Egypt,Pupuk Grosir,20,125955.0,IDR
ORD-D26F149C,2026-07-26,C-8B5D0F87,Usaha Kebun 4847,P-89A982,MOP/KCL Sasco 50kg,Pupuk Grosir,20,420714.0,IDR
ORD-D26F149C,2026-07-26,C-8B5D0F87,Usaha Kebun 4847,P-F0B741,Pupuk 50kg,Pupuk,20,305000.0,IDR
ORD-DA825908,2026-07-26,C-087F7595,Gapoktan 2901,P-41049F,Herbisida Metsulindo 20 WP Ukuran 250gr - Efektif kendalikan Gulma Muda,General,1,53947.0,IDR
ORD-E1043624,2026-07-26,C-2D951162,UD Agro 6034,P-FCD235,Herbasida Garlon 670 EC Kemasan 1 Liter - Pembasmi Gulma Berkayu,General,1,431507.0,IDR
ORD-E28552BD,2026-07-26,C-4ACFAE8F,Usaha Kebun 3623,P-6E74CB,Herbisida Bom Up 520 SL Kemasan 5 Liter - Pembasmi Gulma dari Akar ke Daun,General,1,335526.0,IDR
ORD-E73A49CC,2026-07-26,C-9933E9B1,Koperasi Hijau 7209,P-05FE0B,Herbasida Garlon 670 EC Kemasan 100ml - Pembasmi Gulma Berkayu,Racun,1,56579.0,IDR
ORD-EA0537F5,2026-07-26,C-19B5A96D,Gapoktan 2789,P-6E74CB,Herbisida Bom Up 520 SL Kemasan 5 Liter - Pembasmi Gulma dari Akar ke Daun,General,1,335526.0,IDR
ORD-EE71E17F,2026-07-26,C-2263B796,Distributor Bibit 7406,P-05FE0B,Herbasida Garlon 670 EC Kemasan 100ml - Pembasmi Gulma Berkayu,Racun,1,56579.0,IDR
ORD-EE71E17F,2026-07-26,C-2263B796,Distributor Bibit 7406,P-4FE4FF,Herbisida Metsulindo 20 WP Ukuran 100gr - Efektif kendalikan Gulma Muda,General,1,35526.0,IDR
ORD-FEF2C27B,2026-07-26,C-93314AE0,Mitra Tani 8184,P-05FE0B,Herbasida Garlon 670 EC Kemasan 100ml - Pembasmi Gulma Berkayu,Racun,1,58904.0,IDR
ORD-038E13B3,2026-07-27,C-4414BB0E,Distributor Bibit 2294,P-6E74CB,Herbisida Bom Up 520 SL Kemasan 5 Liter - Pembasmi Gulma dari Akar ke Daun,General,1,335526.0,IDR
ORD-05779BEE,2026-07-27,C-A083B2F0,Mitra Tani 6584,P-02E428,AC Powder AKP 50kg,Pupuk Grosir,40,228536.0,IDR
ORD-05779BEE,2026-07-27,C-A083B2F0,Mitra Tani 6584,P-89A982,MOP/KCL Sasco 50kg,Pupuk Grosir,40,420714.0,IDR
ORD-05779BEE,2026-07-27,C-A083B2F0,Mitra Tani 6584,P-BC1FE5,MOP/KCL Canada Cap Mahkota 50kg,Pupuk Grosir,40,433699.0,IDR
ORD-05779BEE,2026-07-27,C-A083B2F0,Mitra Tani 6584,P-F0B741,Pupuk 50kg,Pupuk,40,305000.0,IDR
ORD-0AF3DC09,2026-07-27,C-E7BAC9B6,Distributor Bibit 4230,P-AE5582,Bom Up 520 SL - 20 Liter,Racun,5,1060000.0,IDR
ORD-0F1BA5F4,2026-07-27,C-C76CB3AD,Gapoktan 4869,P-54F5D1,Kieserite Mahkota 50kg,Khusus Petani,30,254400.0,IDR
ORD-0FA679FA,2026-07-27,C-99573D9D,Gapoktan 9453,P-97F3A1,Herbisida Bom Up 520 SL Kemasan 1 Liter - Pembasmi Gulma dari Akar ke Daun,General,1,71053.0,IDR
ORD-1D258437,2026-07-27,C-6FB6F5FD,Gapoktan 3501,P-05FE0B,Herbasida Garlon 670 EC Kemasan 100ml - Pembasmi Gulma Berkayu,Racun,1,56579.0,IDR
ORD-20692EF1,2026-07-27,C-A28C2688,Mitra Tani 4896,P-05FE0B,Herbasida Garlon 670 EC Kemasan 100ml - Pembasmi Gulma Berkayu,Racun,2,58904.0,IDR
ORD-21E3E509,2026-07-27,C-F52B0EBC,Toko Pupuk 6740,P-2D0BC8,Herbisida Gramoxone 276 SL Kemasan 5 Liter - Parakuat Pembasmi Rumput Liar,General,2,381579.0,IDR
ORD-226C917A,2026-07-27,C-0D101A64,Toko Pupuk 1140,P-6E74CB,Herbisida Bom Up 520 SL Kemasan 5 Liter - Pembasmi Gulma dari Akar ke Daun,General,1,335526.0,IDR
ORD-29CB82FE,2026-07-27,C-6386747F,Usaha Kebun 5031,P-05FE0B,Herbasida Garlon 670 EC Kemasan 100ml - Pembasmi Gulma Berkayu,Racun,1,58904.0,IDR
ORD-2DB1EF77,2026-07-27,C-044F9E4D,Gapoktan 3733,P-FCD235,Herbasida Garlon 670 EC Kemasan 1 Liter - Pembasmi Gulma Berkayu,General,3,431507.0,IDR
ORD-310C0DDC,2026-07-27,C-D748C80E,Distributor Bibit 1246,P-02E428,AC Powder AKP 50kg,Pupuk Grosir,200,228536.0,IDR
ORD-394BDF37,2026-07-27,C-D3BF3553,CV Kebun 8603,P-6E74CB,Herbisida Bom Up 520 SL Kemasan 5 Liter - Pembasmi Gulma dari Akar ke Daun,General,1,335526.0,IDR
ORD-426DA00E,2026-07-27,C-4B182DD0,Mitra Tani 2792,P-97F3A1,Herbisida Bom Up 520 SL Kemasan 1 Liter - Pembasmi Gulma dari Akar ke Daun,General,1,71053.0,IDR
ORD-53FEA8F8,2026-07-27,C-B7E006D6,Distributor Bibit 1342,P-BC1FE5,MOP/KCL Canada Cap Mahkota 50kg,Pupuk Grosir,200,433699.0,IDR
ORD-5A924419,2026-07-27,C-68F76947,Usaha Kebun 6807,P-6E74CB,Herbisida Bom Up 520 SL Kemasan 5 Liter - Pembasmi Gulma dari Akar ke Daun,General,1,335526.0,IDR
ORD-655F2D59,2026-07-27,C-DAA54F9A,UD Agro 2906,P-97F3A1,Herbisida Bom Up 520 SL Kemasan 1 Liter - Pembasmi Gulma dari Akar ke Daun,General,1,71053.0,IDR
ORD-7605BB48,2026-07-27,C-D4CC6975,Gapoktan 2133,P-D7E146,NPK Sawit 13-8-27-4 0.5 B Pak Tani 50kg,Pupuk Grosir,400,586922.0,IDR
ORD-817F9142,2026-07-27,C-807D60CA,UD Agro 3426,P-6E74CB,Herbisida Bom Up 520 SL Kemasan 5 Liter - Pembasmi Gulma dari Akar ke Daun,General,1,335526.0,IDR
ORD-8AC5F862,2026-07-27,C-E053D5F5,Gapoktan 7645,P-05FE0B,Herbasida Garlon 670 EC Kemasan 100ml - Pembasmi Gulma Berkayu,Racun,1,58904.0,IDR
ORD-8B373D52,2026-07-27,C-B7E006D6,Distributor Bibit 1342,P-BC1FE5,MOP/KCL Canada Cap Mahkota 50kg,Pupuk Grosir,200,433699.0,IDR
ORD-91E8DCDF,2026-07-27,C-700EA7F3,CV Kebun 8691,P-6E74CB,Herbisida Bom Up 520 SL Kemasan 5 Liter - Pembasmi Gulma dari Akar ke Daun,General,1,335526.0,IDR
ORD-934CD5AB,2026-07-27,C-0A6BEF3A,UD Agro 3754,P-FCD235,Herbasida Garlon 670 EC Kemasan 1 Liter - Pembasmi Gulma Berkayu,General,1,431507.0,IDR
ORD-9D17C442,2026-07-27,C-19EF4BB3,CV Kebun 8883,P-69F8AE,RP Sasco 50kg - Egypt,Pupuk Grosir,200,125955.0,IDR
ORD-9F74B409,2026-07-27,C-705650FC,Toko Pupuk 7020,P-41049F,Herbisida Metsulindo 20 WP Ukuran 250gr - Efektif kendalikan Gulma Muda,General,1,56164.0,IDR
ORD-A0769C1C,2026-07-27,C-9A9AF0EA,UD Agro 1482,P-D7E146,NPK Sawit 13-8-27-4 0.5 B Pak Tani 50kg,Pupuk Grosir,200,586922.0,IDR
ORD-A169FBC2,2026-07-27,C-342F60DB,CV Kebun 1219,P-89A982,MOP/KCL Sasco 50kg,Pupuk Grosir,1320,420714.0,IDR
ORD-A1EC0A34,2026-07-27,C-8A405A9D,Gapoktan 3309,P-41049F,Herbisida Metsulindo 20 WP Ukuran 250gr - Efektif kendalikan Gulma Muda,General,7,56164.0,IDR
ORD-A7B632A2,2026-07-27,C-D0C885FF,Usaha Kebun 3431,P-6E74CB,Herbisida Bom Up 520 SL Kemasan 5 Liter - Pembasmi Gulma dari Akar ke Daun,General,1,335526.0,IDR
ORD-AB8A4E7F,2026-07-27,C-6E51584B,CV Kebun 2779,P-6E74CB,Herbisida Bom Up 520 SL Kemasan 5 Liter - Pembasmi Gulma dari Akar ke Daun,General,1,335526.0,IDR
ORD-AC9814D6,2026-07-27,C-DF1DCF1A,UD Agro 2730,P-101D4A,Triester 670 EC 100 ml - Herbisida Khusus Pembasmi Semak & Gulma Berkayu,Racun,1,42763.0,IDR
ORD-AC9814D6,2026-07-27,C-DF1DCF1A,UD Agro 2730,P-6E74CB,Herbisida Bom Up 520 SL Kemasan 5 Liter - Pembasmi Gulma dari Akar ke Daun,General,1,335526.0,IDR
ORD-AEE140BC,2026-07-27,C-29E14AE8,Mitra Tani 1632,P-41049F,Herbisida Metsulindo 20 WP Ukuran 250gr - Efektif kendalikan Gulma Muda,General,1,53947.0,IDR
ORD-BC15A88D,2026-07-27,C-EB4769DF,Usaha Kebun 7919,P-89A982,MOP/KCL Sasco 50kg,Pupuk Grosir,600,420714.0,IDR
ORD-BF1EB758,2026-07-27,C-06412531,Koperasi Hijau 2657,P-89A982,MOP/KCL Sasco 50kg,Pupuk Grosir,200,420714.0,IDR
ORD-BF88E990,2026-07-27,C-224D38E4,Toko Pupuk 9180,P-6E74CB,Herbisida Bom Up 520 SL Kemasan 5 Liter - Pembasmi Gulma dari Akar ke Daun,General,1,335526.0,IDR
ORD-C080A2DA,2026-07-27,C-FA87AF35,Gapoktan 8213,P-BC1FE5,MOP/KCL Canada Cap Mahkota 50kg,Pupuk Grosir,200,433699.0,IDR
ORD-C689BAE5,2026-07-27,C-5CAFDD9C,Toko Pupuk 1404,P-B11DC4,NPK Phonska Plus 15-15-15 25kg,Toling,5,350595.0,IDR
ORD-D60E730F,2026-07-27,C-701A620C,Toko Pupuk 3228,P-D7E146,NPK Sawit 13-8-27-4 0.5 B Pak Tani 50kg,Pupuk Grosir,200,586922.0,IDR
ORD-D6DD2BAB,2026-07-27,C-4C198595,Gapoktan 2013,P-6E74CB,Herbisida Bom Up 520 SL Kemasan 5 Liter - Pembasmi Gulma dari Akar ke Daun,General,1,335526.0,IDR
ORD-DAC9F1B9,2026-07-27,C-139534FF,Usaha Kebun 1535,P-6E74CB,Herbisida Bom Up 520 SL Kemasan 5 Liter - Pembasmi Gulma dari Akar ke Daun,General,1,335526.0,IDR
ORD-DD5A8FDA,2026-07-27,C-B1AAC9B7,Usaha Kebun 5991,P-2A5326,RP Mahkota 50kg - Egypt,Khusus Petani,20,122112.0,IDR
ORD-E7523B2E,2026-07-27,C-40A05E2E,Distributor Bibit 4694,P-89A982,MOP/KCL Sasco 50kg,Pupuk Grosir,400,420714.0,IDR
ORD-E9E8862C,2026-07-27,C-DAA0E8FC,Toko Pupuk 2492,P-6E74CB,Herbisida Bom Up 520 SL Kemasan 5 Liter - Pembasmi Gulma dari Akar ke Daun,General,2,335526.0,IDR
ORD-EC68B437,2026-07-27,C-7EB26F42,UD Agro 4106,P-2D0BC8,Herbisida Gramoxone 276 SL Kemasan 5 Liter - Parakuat Pembasmi Rumput Liar,General,1,381579.0,IDR
ORD-EF3EE0BD,2026-07-27,C-1CC73CA5,Gapoktan 6237,P-54F5D1,Kieserite Mahkota 50kg,Khusus Petani,200,254400.0,IDR
ORD-F0C0AD53,2026-07-27,C-F4568E1A,UD Agro 3178,P-D7E146,NPK Sawit 13-8-27-4 0.5 B Pak Tani 50kg,Pupuk Grosir,400,586922.0,IDR
ORD-F5E629A5,2026-07-27,C-16C92A9A,UD Agro 8394,P-BC1FE5,MOP/KCL Canada Cap Mahkota 50kg,Pupuk Grosir,200,433699.0,IDR
ORD-F9316482,2026-07-27,C-037D5A4F,Usaha Kebun 2767,P-6E74CB,Herbisida Bom Up 520 SL Kemasan 5 Liter - Pembasmi Gulma dari Akar ke Daun,General,2,335526.0,IDR
ORD-FD3CF788,2026-07-27,C-A0E55C4C,Toko Pupuk 7932,P-0E5ABA,"Pupuk NPK YaraMila UNIK 16-16-16 (50kg) - Pupuk Dasar & Pemeliharaan, Kuatkan Akar dan Hasil",Pupuk,1,1218310.0,IDR
ORD-FE68094B,2026-07-27,C-DC030250,Mitra Tani 6720,P-6E74CB,Herbisida Bom Up 520 SL Kemasan 5 Liter - Pembasmi Gulma dari Akar ke Daun,General,1,335526.0,IDR
ORD-FF33AC3C,2026-07-27,C-4085AE48,Mitra Tani 1728,P-02E428,AC Powder AKP 50kg,Khusus Petani,20,223872.0,IDR
ORD-02FE10A8,2026-07-28,C-4E9BB99E,Distributor Bibit 5446,P-41049F,Herbisida Metsulindo 20 WP Ukuran 250gr - Efektif kendalikan Gulma Muda,General,8,56164.0,IDR
ORD-04BBFDD2,2026-07-28,C-4E9BB99E,Distributor Bibit 5446,P-41049F,Herbisida Metsulindo 20 WP Ukuran 250gr - Efektif kendalikan Gulma Muda,General,7,56164.0,IDR
ORD-080B5BBE,2026-07-28,C-A6393330,Mitra Tani 9512,P-385FCB,Herbisida Gramoxone 276 SL Kemasan 1 Liter - Parakuat Pembasmi Rumput Liar,General,2,85526.0,IDR
ORD-0D49739C,2026-07-28,C-6FF213F3,CV Kebun 7795,P-2A5326,RP Mahkota 50kg - Egypt,Pupuk Grosir,800,124656.0,IDR
ORD-1B55C1BF,2026-07-28,C-8D473CE8,Mitra Tani 8104,P-6E74CB,Herbisida Bom Up 520 SL Kemasan 5 Liter - Pembasmi Gulma dari Akar ke Daun,General,1,335526.0,IDR
ORD-1FE941C7,2026-07-28,C-4AD9FB57,Usaha Kebun 3639,P-41049F,Herbisida Metsulindo 20 WP Ukuran 250gr - Efektif kendalikan Gulma Muda,General,8,56164.0,IDR
ORD-295AC810,2026-07-28,C-7E7D457B,CV Kebun 3003,P-101D4A,Triester 670 EC 100 ml - Herbisida Khusus Pembasmi Semak & Gulma Berkayu,Racun,1,42763.0,IDR
ORD-2E507BC5,2026-07-28,C-8D58CF60,Mitra Tani 7712,P-89A982,MOP/KCL Sasco 50kg,Toling,16,420714.0,IDR
ORD-2E507BC5,2026-07-28,C-8D58CF60,Mitra Tani 7712,P-ADBBD0,RP Cap Daun 50Kg,Toling,55,125955.0,IDR
ORD-302E5BE7,2026-07-28,C-E5ED72BB,CV Kebun 9867,P-41049F,Herbisida Metsulindo 20 WP Ukuran 250gr - Efektif kendalikan Gulma Muda,General,2,53947.0,IDR
ORD-31EDCB0E,2026-07-28,C-F4BB7C36,Distributor Bibit 2734,P-6E74CB,Herbisida Bom Up 520 SL Kemasan 5 Liter - Pembasmi Gulma dari Akar ke Daun,General,1,335526.0,IDR
ORD-3CAD8707,2026-07-28,C-5A30C444,Toko Pupuk 3412,P-6E74CB,Herbisida Bom Up 520 SL Kemasan 5 Liter - Pembasmi Gulma dari Akar ke Daun,General,1,335526.0,IDR
ORD-3E3822F8,2026-07-28,C-F4897F98,Mitra Tani 2800,P-41049F,Herbisida Metsulindo 20 WP Ukuran 250gr - Efektif kendalikan Gulma Muda,General,2,53947.0,IDR
ORD-3E3822F8,2026-07-28,C-F4897F98,Mitra Tani 2800,P-9E50B8,Herbasida Marxone 300 SL Kemasan 5 Liter - Parakuat Pembasmi Rumput Liar,Pupuk,1,340789.0,IDR
ORD-3E3822F8,2026-07-28,C-F4897F98,Mitra Tani 2800,P-BEDEAF,Herbisida Bablass 490 SL Kemasan 5 Liter - Pembasmi Gulma dari Akar ke Daun,General,1,355263.0,IDR
ORD-43083459,2026-07-28,C-46701D2F,Usaha Kebun 8623,P-41049F,Herbisida Metsulindo 20 WP Ukuran 250gr - Efektif kendalikan Gulma Muda,General,5,56164.0,IDR
ORD-43084965,2026-07-28,C-E7495BA8,Mitra Tani 4488,P-9E50B8,Herbasida Marxone 300 SL Kemasan 5 Liter - Parakuat Pembasmi Rumput Liar,Pupuk,1,354795.0,IDR
ORD-445AD427,2026-07-28,C-6FF213F3,CV Kebun 7795,P-BC1FE5,MOP/KCL Canada Cap Mahkota 50kg,Pupuk Grosir,400,433699.0,IDR
ORD-483F7D08,2026-07-28,C-653E397B,CV Kebun 7763,P-101D4A,Triester 670 EC 100 ml - Herbisida Khusus Pembasmi Semak & Gulma Berkayu,Racun,1,42763.0,IDR
ORD-49686509,2026-07-28,C-5CAFDD9C,Toko Pupuk 1404,P-89A982,MOP/KCL Sasco 50kg,Toling,8,420714.0,IDR
ORD-525122DE,2026-07-28,C-434373CA,UD Agro 3026,P-D7E146,NPK Sawit 13-8-27-4 0.5 B Pak Tani 50kg,Khusus Petani,30,574944.0,IDR
ORD-5647DA03,2026-07-28,C-0B2ED050,Mitra Tani 4360,P-BEDEAF,Herbisida Bablass 490 SL Kemasan 5 Liter - Pembasmi Gulma dari Akar ke Daun,General,2,355263.0,IDR
ORD-5A028AE9,2026-07-28,C-9FC65DA1,Koperasi Hijau 9441,P-6E74CB,Herbisida Bom Up 520 SL Kemasan 5 Liter - Pembasmi Gulma dari Akar ke Daun,General,1,335526.0,IDR
ORD-5B431A1D,2026-07-28,C-30338C46,Distributor Bibit 8614,P-69F8AE,RP Sasco 50kg - Egypt,Khusus Petani,50,123384.0,IDR
ORD-5EBB4C85,2026-07-28,C-720813EC,Toko Pupuk 3012,P-97F3A1,Herbisida Bom Up 520 SL Kemasan 1 Liter - Pembasmi Gulma dari Akar ke Daun,General,1,73973.0,IDR
ORD-77E6641C,2026-07-28,C-4BC4EBCA,UD Agro 1618,P-89A982,MOP/KCL Sasco 50kg,Toling,8,420714.0,IDR
ORD-79CC36B7,2026-07-28,C-AD55642F,Usaha Kebun 2575,P-3CD922,Herbisida Sistemik Elang 480 SL Kemasan 20 Liter - Pembasmi Gulma dari Akar ke Daun,General,1,1250007.0,IDR
ORD-7A2A4CC0,2026-07-28,C-2F89AE07,Usaha Kebun 9135,P-41049F,Herbisida Metsulindo 20 WP Ukuran 250gr - Efektif kendalikan Gulma Muda,General,1,56164.0,IDR
ORD-7A75B79F,2026-07-28,C-4B9341A4,Toko Pupuk 4796,P-F9D1EF,Herbisida Bom Up 520 SL Kemasan 20 Liter - Pembasmi Gulma dari Akar ke Daun,General,1,1315789.0,IDR
ORD-7AE1FBD1,2026-07-28,C-7F64783D,Gapoktan 7813,P-F9D1EF,Herbisida Bom Up 520 SL Kemasan 20 Liter - Pembasmi Gulma dari Akar ke Daun,General,1,1315789.0,IDR
ORD-7CC2B9F3,2026-07-28,C-2F8A71F8,Mitra Tani 5296,P-385FCB,Herbisida Gramoxone 276 SL Kemasan 1 Liter - Parakuat Pembasmi Rumput Liar,General,2,85526.0,IDR
ORD-7D6912D8,2026-07-28,C-EEF18FB0,Mitra Tani 2368,P-F9D1EF,Herbisida Bom Up 520 SL Kemasan 20 Liter - Pembasmi Gulma dari Akar ke Daun,General,1,1315789.0,IDR
ORD-817AD783,2026-07-28,C-3BB5541F,Usaha Kebun 4295,P-6E74CB,Herbisida Bom Up 520 SL Kemasan 5 Liter - Pembasmi Gulma dari Akar ke Daun,General,1,335526.0,IDR
ORD-8652212F,2026-07-28,C-5D348016,Distributor Bibit 8750,P-BEDEAF,Herbisida Bablass 490 SL Kemasan 5 Liter - Pembasmi Gulma dari Akar ke Daun,General,2,355263.0,IDR
ORD-8DF0892E,2026-07-28,C-F4568E1A,UD Agro 3178,P-BC1FE5,MOP/KCL Canada Cap Mahkota 50kg,Pupuk Grosir,400,433699.0,IDR
ORD-90CFF98A,2026-07-28,C-1F3BD11B,CV Kebun 7851,P-4FE4FF,Herbisida Metsulindo 20 WP Ukuran 100gr - Efektif kendalikan Gulma Muda,General,1,35526.0,IDR
ORD-92D46019,2026-07-28,C-EB4769DF,Usaha Kebun 7919,P-BC1FE5,MOP/KCL Canada Cap Mahkota 50kg,Pupuk Grosir,200,433699.0,IDR
ORD-98DB7A35,2026-07-28,C-03AC0D70,Mitra Tani 3280,P-89A982,MOP/KCL Sasco 50kg,Toling,3,420714.0,IDR
ORD-A093BD1C,2026-07-28,C-F03D6F39,Koperasi Hijau 8009,P-6E74CB,Herbisida Bom Up 520 SL Kemasan 5 Liter - Pembasmi Gulma dari Akar ke Daun,General,1,335526.0,IDR
ORD-A38BD00B,2026-07-28,C-9D60DD86,Distributor Bibit 6078,P-41049F,Herbisida Metsulindo 20 WP Ukuran 250gr - Efektif kendalikan Gulma Muda,General,2,56164.0,IDR
ORD-A7CD5CCA,2026-07-28,C-D75F8F80,Mitra Tani 9096,P-F9D1EF,Herbisida Bom Up 520 SL Kemasan 20 Liter - Pembasmi Gulma dari Akar ke Daun,General,2,1315789.0,IDR
ORD-ABCFC5FB,2026-07-28,C-CDCD0963,CV Kebun 7563,P-A1BDE2,Herbisida Bablass 490 SL Kemasan 1 Liter - Pembasmi Gulma dari Akar ke Daun,General,1,76316.0,IDR
ORD-AC3EC0C6,2026-07-28,C-CC3FA195,Gapoktan 9197,P-BEDEAF,Herbisida Bablass 490 SL Kemasan 5 Liter - Pembasmi Gulma dari Akar ke Daun,General,2,355263.0,IDR
ORD-AC62DACC,2026-07-28,C-33537912,UD Agro 7498,P-10ABDD,Herbisida Gramoxone 276 SL Kemasan 20 Liter - Parakuat Pembasmi Rumput Liar,General,1,1302632.0,IDR
ORD-AE703EDF,2026-07-28,C-1F3E5059,Koperasi Hijau 9497,P-FCD235,Herbasida Garlon 670 EC Kemasan 1 Liter - Pembasmi Gulma Berkayu,General,1,431507.0,IDR
ORD-AEB1877B,2026-07-28,C-13BA0C4F,Usaha Kebun 3951,P-54AEF5,Urea Nitrea 46% N 50kg,Khusus Petani,40,636000.0,IDR
ORD-AEB1877B,2026-07-28,C-13BA0C4F,Usaha Kebun 3951,P-BC1FE5,MOP/KCL Canada Cap Mahkota 50kg,Khusus Petani,100,424848.0,IDR
ORD-B175E46E,2026-07-28,C-9062754F,Usaha Kebun 4663,P-6E74CB,Herbisida Bom Up 520 SL Kemasan 5 Liter - Pembasmi Gulma dari Akar ke Daun,General,1,335526.0,IDR
ORD-B2FD2857,2026-07-28,C-EB4769DF,Usaha Kebun 7919,P-ADBBD0,RP Cap Daun 50Kg,Pupuk Grosir,200,125955.0,IDR
ORD-B9DAD955,2026-07-28,C-F9AF0EE2,UD Agro 4394,P-6E74CB,Herbisida Bom Up 520 SL Kemasan 5 Liter - Pembasmi Gulma dari Akar ke Daun,General,1,335526.0,IDR
ORD-BA6D61D2,2026-07-28,C-6FF213F3,CV Kebun 7795,P-2A5326,RP Mahkota 50kg - Egypt,Pupuk Grosir,400,124656.0,IDR
ORD-BE433276,2026-07-28,C-FB80E3D0,Mitra Tani 5144,P-6E74CB,Herbisida Bom Up 520 SL Kemasan 5 Liter - Pembasmi Gulma dari Akar ke Daun,General,1,335526.0,IDR
ORD-C19934EE,2026-07-28,C-869B95EA,UD Agro 1402,P-6E74CB,Herbisida Bom Up 520 SL Kemasan 5 Liter - Pembasmi Gulma dari Akar ke Daun,General,1,335526.0,IDR
ORD-CC185284,2026-07-28,C-16118532,UD Agro 5962,P-BC1FE5,MOP/KCL Canada Cap Mahkota 50kg,Pupuk Grosir,200,433699.0,IDR
ORD-CD7722CB,2026-07-28,C-7AB539E1,Koperasi Hijau 2185,P-97F3A1,Herbisida Bom Up 520 SL Kemasan 1 Liter - Pembasmi Gulma dari Akar ke Daun,General,1,71053.0,IDR
ORD-D4221520,2026-07-28,C-6FF213F3,CV Kebun 7795,P-E66700,NPK Mutiara 16-16-16 50kg,Pupuk Grosir,400,862204.0,IDR
ORD-D94616B7,2026-07-28,C-4E6B5899,Koperasi Hijau 2881,P-2A5326,RP Mahkota 50kg - Egypt,Pupuk Grosir,200,124656.0,IDR
ORD-D98E27DF,2026-07-28,C-1501631D,Gapoktan 9445,P-DA0BCA,MOP/KCL Mentari 50kg,Pupuk,1,429300.0,IDR
ORD-DA0E3661,2026-07-28,C-685FBD69,Koperasi Hijau 2873,P-41049F,Herbisida Metsulindo 20 WP Ukuran 250gr - Efektif kendalikan Gulma Muda,General,2,53947.0,IDR
ORD-DA44E159,2026-07-28,C-2E837150,Mitra Tani 4160,P-6E74CB,Herbisida Bom Up 520 SL Kemasan 5 Liter - Pembasmi Gulma dari Akar ke Daun,General,1,335526.0,IDR
ORD-DA4FC44F,2026-07-28,C-EB869097,Usaha Kebun 6599,P-6E74CB,Herbisida Bom Up 520 SL Kemasan 5 Liter - Pembasmi Gulma dari Akar ke Daun,General,1,335526.0,IDR
ORD-DB9721EC,2026-07-28,C-6CADFE3D,Gapoktan 6141,P-BC1FE5,MOP/KCL Canada Cap Mahkota 50kg,Pupuk Grosir,200,433699.0,IDR
ORD-DCD565C8,2026-07-28,C-8FC1858E,Distributor Bibit 5526,P-C21693,ZA Cap Daun 50kg,Toling,10,376565.0,IDR
ORD-E59E838B,2026-07-28,C-2A583E61,Koperasi Hijau 3209,P-41049F,Herbisida Metsulindo 20 WP Ukuran 250gr - Efektif kendalikan Gulma Muda,General,1,53947.0,IDR
ORD-EB6371E8,2026-07-28,C-9CF366D4,Toko Pupuk 5268,P-41049F,Herbisida Metsulindo 20 WP Ukuran 250gr - Efektif kendalikan Gulma Muda,General,1,53947.0,IDR
ORD-EC90277C,2026-07-28,C-5BB98547,Usaha Kebun 2935,P-BEDEAF,Herbisida Bablass 490 SL Kemasan 5 Liter - Pembasmi Gulma dari Akar ke Daun,General,1,355263.0,IDR
ORD-ECA40DBA,2026-07-28,C-32D2F26E,Distributor Bibit 8422,P-2A5326,RP Mahkota 50kg - Egypt,Pupuk Grosir,200,124656.0,IDR
ORD-F4A22629,2026-07-28,C-17A7393B,CV Kebun 8131,P-41049F,Herbisida Metsulindo 20 WP Ukuran 250gr - Efektif kendalikan Gulma Muda,General,3,53947.0,IDR
ORD-007D1C99,2026-07-29,C-8C703B1E,Distributor Bibit 2406,P-BEDEAF,Herbisida Bablass 490 SL Kemasan 5 Liter - Pembasmi Gulma dari Akar ke Daun,General,1,355263.0,IDR
ORD-04DA0907,2026-07-29,C-069F8368,Mitra Tani 4160,P-10ABDD,Herbisida Gramoxone 276 SL Kemasan 20 Liter - Parakuat Pembasmi Rumput Liar,General,1,1302632.0,IDR
ORD-0687C95C,2026-07-29,C-E2243A57,Usaha Kebun 4047,P-6E74CB,Herbisida Bom Up 520 SL Kemasan 5 Liter - Pembasmi Gulma dari Akar ke Daun,General,1,355263.0,IDR
ORD-0A856F8F,2026-07-29,C-2393516C,Toko Pupuk 5196,P-10ABDD,Herbisida Gramoxone 276 SL Kemasan 20 Liter - Parakuat Pembasmi Rumput Liar,General,1,1302632.0,IDR
ORD-13F3752A,2026-07-29,C-E3D734FB,CV Kebun 7835,P-BEDEAF,Herbisida Bablass 490 SL Kemasan 5 Liter - Pembasmi Gulma dari Akar ke Daun,General,1,355263.0,IDR
ORD-160FBA85,2026-07-29,C-8CDAB253,CV Kebun 4739,P-41049F,Herbisida Metsulindo 20 WP Ukuran 250gr - Efektif kendalikan Gulma Muda,General,2,53947.0,IDR
ORD-1DC03664,2026-07-29,C-13FC996D,Gapoktan 9453,P-41049F,Herbisida Metsulindo 20 WP Ukuran 250gr - Efektif kendalikan Gulma Muda,General,1,56164.0,IDR
ORD-2BFB90BA,2026-07-29,C-1E754484,Toko Pupuk 9732,P-BEDEAF,Herbisida Bablass 490 SL Kemasan 5 Liter - Pembasmi Gulma dari Akar ke Daun,General,1,355263.0,IDR
ORD-2C5A1A95,2026-07-29,C-6F63C5F9,Koperasi Hijau 5721,P-02E428,AC Powder AKP 50kg,Toling,3,228536.0,IDR
ORD-2C5A1A95,2026-07-29,C-6F63C5F9,Koperasi Hijau 5721,P-631492,Meroke Korn Kali B (KKB) 50kg,Toling,10,529788.0,IDR
ORD-2C5A1A95,2026-07-29,C-6F63C5F9,Koperasi Hijau 5721,P-F0B741,Pupuk 50kg,Toling,5,298900.0,IDR
ORD-2CD990CE,2026-07-29,C-A5021924,Toko Pupuk 6148,P-BEDEAF,Herbisida Bablass 490 SL Kemasan 5 Liter - Pembasmi Gulma dari Akar ke Daun,General,1,355263.0,IDR
ORD-2DAD2598,2026-07-29,C-1BCF9784,Toko Pupuk 3572,P-41049F,Herbisida Metsulindo 20 WP Ukuran 250gr - Efektif kendalikan Gulma Muda,General,1,53947.0,IDR
ORD-2DADF981,2026-07-29,C-4E952AC7,Usaha Kebun 7663,P-6E74CB,Herbisida Bom Up 520 SL Kemasan 5 Liter - Pembasmi Gulma dari Akar ke Daun,General,1,355263.0,IDR
ORD-339B8A80,2026-07-29,C-9433D69B,CV Kebun 5243,P-F9D1EF,Herbisida Bom Up 520 SL Kemasan 20 Liter - Pembasmi Gulma dari Akar ke Daun,General,1,1368421.0,IDR
ORD-35065B0F,2026-07-29,C-4EAF7045,Gapoktan 1389,P-41049F,Herbisida Metsulindo 20 WP Ukuran 250gr - Efektif kendalikan Gulma Muda,General,1,53947.0,IDR
ORD-3AD37F9B,2026-07-29,C-B1AAC9B7,Usaha Kebun 5991,P-2A5326,RP Mahkota 50kg - Egypt,Khusus Petani,60,122112.0,IDR
ORD-3C3CD6E8,2026-07-29,C-89552EE2,UD Agro 8154,P-45051A,Garlon 670 EC - 1 Liter,Toling,5,327222.0,IDR
ORD-3C3CD6E8,2026-07-29,C-89552EE2,UD Agro 8154,P-F07128,Bablass 490 SL - 5 Liter,Toling,8,280476.0,IDR
ORD-3C3CD6E8,2026-07-29,C-89552EE2,UD Agro 8154,P-FD375A,Metsulindo 20 WP - 250gr,Toling,66,42591.0,IDR
ORD-3DEB036F,2026-07-29,C-86DA85F2,UD Agro 4082,P-BEDEAF,Herbisida Bablass 490 SL Kemasan 5 Liter - Pembasmi Gulma dari Akar ke Daun,General,1,355263.0,IDR
ORD-3E328E28,2026-07-29,C-402047D3,CV Kebun 7363,P-6E74CB,Herbisida Bom Up 520 SL Kemasan 5 Liter - Pembasmi Gulma dari Akar ke Daun,General,1,355263.0,IDR
ORD-48413CC3,2026-07-29,C-7A516E6B,CV Kebun 5035,P-05FE0B,Herbasida Garlon 670 EC Kemasan 100ml - Pembasmi Gulma Berkayu,Racun,2,56579.0,IDR
ORD-49098E68,2026-07-29,C-5F77CAEC,Toko Pupuk 2252,P-41049F,Herbisida Metsulindo 20 WP Ukuran 250gr - Efektif kendalikan Gulma Muda,General,1,53947.0,IDR
ORD-512D6280,2026-07-29,C-4AD9FB57,Usaha Kebun 3639,P-FCD235,Herbasida Garlon 670 EC Kemasan 1 Liter - Pembasmi Gulma Berkayu,General,3,431507.0,IDR
ORD-574707D1,2026-07-29,C-685FBD69,Koperasi Hijau 2873,P-2D0BC8,Herbisida Gramoxone 276 SL Kemasan 5 Liter - Parakuat Pembasmi Rumput Liar,General,1,381579.0,IDR
ORD-582F6D2C,2026-07-29,C-0A05A3D7,Usaha Kebun 4783,P-BC1FE5,MOP/KCL Canada Cap Mahkota 50kg,Pupuk Grosir,200,415520.0,IDR
ORD-656BCB97,2026-07-29,C-DCFBD6F1,Koperasi Hijau 6081,P-D6BB73,Pupuk KCL Canada Cap Mahkota 50kg - Meningkatkan Hasil Panen,Pupuk,1,563380.0,IDR
ORD-6AB0C6C2,2026-07-29,C-643CABA9,Koperasi Hijau 3705,P-41049F,Herbisida Metsulindo 20 WP Ukuran 250gr - Efektif kendalikan Gulma Muda,General,2,53947.0,IDR
ORD-70C3480C,2026-07-29,C-360DA5D0,Mitra Tani 7080,P-385FCB,Herbisida Gramoxone 276 SL Kemasan 1 Liter - Parakuat Pembasmi Rumput Liar,General,1,85526.0,IDR
ORD-70D0EC05,2026-07-29,C-4A898187,Usaha Kebun 3575,P-F9D1EF,Herbisida Bom Up 520 SL Kemasan 20 Liter - Pembasmi Gulma dari Akar ke Daun,General,1,1368421.0,IDR
ORD-79C6EC96,2026-07-29,C-616992B2,UD Agro 8786,P-BC1FE5,MOP/KCL Canada Cap Mahkota 50kg,Khusus Petani,50,407040.0,IDR
ORD-7A243DAA,2026-07-29,C-42170097,Usaha Kebun 4735,P-6E74CB,Herbisida Bom Up 520 SL Kemasan 5 Liter - Pembasmi Gulma dari Akar ke Daun,General,1,355263.0,IDR
ORD-83612030,2026-07-29,C-2C324DE3,CV Kebun 3243,P-6E74CB,Herbisida Bom Up 520 SL Kemasan 5 Liter - Pembasmi Gulma dari Akar ke Daun,General,1,355263.0,IDR
ORD-8392B185,2026-07-29,C-EA1FACE2,UD Agro 3418,P-3FC5B7,Gramoxone 276 SL - 20 Liter,Racun,3,1049400.0,IDR
ORD-8392B185,2026-07-29,C-EA1FACE2,UD Agro 3418,P-AE5582,Bom Up 520 SL - 20 Liter,Racun,7,1102400.0,IDR
ORD-84AB13E4,2026-07-29,C-5B82AF67,Usaha Kebun 9239,P-10ABDD,Herbisida Gramoxone 276 SL Kemasan 20 Liter - Parakuat Pembasmi Rumput Liar,General,1,1302632.0,IDR
ORD-89AC97DE,2026-07-29,C-562D757C,Toko Pupuk 6772,P-BEDEAF,Herbisida Bablass 490 SL Kemasan 5 Liter - Pembasmi Gulma dari Akar ke Daun,General,3,355263.0,IDR
ORD-8A0DACDD,2026-07-29,C-F0B72014,Toko Pupuk 9140,P-BEDEAF,Herbisida Bablass 490 SL Kemasan 5 Liter - Pembasmi Gulma dari Akar ke Daun,General,1,355263.0,IDR
ORD-8F6C8226,2026-07-29,C-C7243D76,Distributor Bibit 8014,P-0E5ABA,"Pupuk NPK YaraMila UNIK 16-16-16 (50kg) - Pupuk Dasar & Pemeliharaan, Kuatkan Akar dan Hasil",Pupuk,1,1218310.0,IDR
ORD-92904936,2026-07-29,C-BC0D61EF,Usaha Kebun 8647,P-41049F,Herbisida Metsulindo 20 WP Ukuran 250gr - Efektif kendalikan Gulma Muda,General,1,53947.0,IDR
ORD-99954361,2026-07-29,C-C76CB3AD,Gapoktan 4869,P-BC1FE5,MOP/KCL Canada Cap Mahkota 50kg,Khusus Petani,20,407040.0,IDR
ORD-9EB50EC8,2026-07-29,C-6701D495,Gapoktan 3205,P-2D0BC8,Herbisida Gramoxone 276 SL Kemasan 5 Liter - Parakuat Pembasmi Rumput Liar,General,1,381579.0,IDR
ORD-9F1C9E86,2026-07-29,C-87848855,Gapoktan 3813,P-3CD922,Herbisida Sistemik Elang 480 SL Kemasan 20 Liter - Pembasmi Gulma dari Akar ke Daun,General,1,1250007.0,IDR
ORD-A694D70D,2026-07-29,C-0F365403,CV Kebun 6691,P-41049F,Herbisida Metsulindo 20 WP Ukuran 250gr - Efektif kendalikan Gulma Muda,General,10,53947.0,IDR
ORD-AB02F337,2026-07-29,C-A5D86FC6,Distributor Bibit 4030,P-41049F,Herbisida Metsulindo 20 WP Ukuran 250gr - Efektif kendalikan Gulma Muda,General,4,53947.0,IDR
ORD-AB84A5A3,2026-07-29,C-4D46C6DE,Distributor Bibit 8062,P-DA0BCA,MOP/KCL Mentari 50kg,Khusus Petani,20,400426.0,IDR
ORD-AD375B42,2026-07-29,C-B8ED5A1B,CV Kebun 2843,P-BC1FE5,MOP/KCL Canada Cap Mahkota 50kg,Pupuk Grosir,200,415520.0,IDR
ORD-B08D5BEE,2026-07-29,C-E2AB7207,Usaha Kebun 9663,P-BC1FE5,MOP/KCL Canada Cap Mahkota 50kg,Pupuk Grosir,400,415520.0,IDR
ORD-BB4B6CFB,2026-07-29,C-D7EAA81B,CV Kebun 7899,P-05FE0B,Herbasida Garlon 670 EC Kemasan 100ml - Pembasmi Gulma Berkayu,Racun,1,58904.0,IDR
ORD-BEC8F871,2026-07-29,C-0C20DF61,Koperasi Hijau 9929,P-41049F,Herbisida Metsulindo 20 WP Ukuran 250gr - Efektif kendalikan Gulma Muda,General,1,53947.0,IDR
ORD-BFA506D0,2026-07-29,C-6D9552BD,Gapoktan 1589,P-2D0BC8,Herbisida Gramoxone 276 SL Kemasan 5 Liter - Parakuat Pembasmi Rumput Liar,General,2,381579.0,IDR
ORD-C640BC04,2026-07-29,C-5325D5B1,Koperasi Hijau 7465,P-DA84BC,Centatop 288 SL - 5 Liter,Khusus Petani,4,263558.0,IDR
ORD-C6E1B5E5,2026-07-29,C-85061985,Gapoktan 4477,P-BC1FE5,MOP/KCL Canada Cap Mahkota 50kg,Pupuk Grosir,200,415520.0,IDR
ORD-D03D3C8E,2026-07-29,C-448DEC99,Koperasi Hijau 6833,P-FCD235,Herbasida Garlon 670 EC Kemasan 1 Liter - Pembasmi Gulma Berkayu,General,1,431507.0,IDR
ORD-D9D97F3F,2026-07-29,C-DBE6B420,Mitra Tani 5696,P-05FE0B,Herbasida Garlon 670 EC Kemasan 100ml - Pembasmi Gulma Berkayu,Racun,5,58904.0,IDR
ORD-E2E5D0B1,2026-07-29,C-27705CE8,Mitra Tani 5240,P-6E74CB,Herbisida Bom Up 520 SL Kemasan 5 Liter - Pembasmi Gulma dari Akar ke Daun,General,1,355263.0,IDR
ORD-E64DF61B,2026-07-29,C-9FB278D2,UD Agro 1682,P-6E74CB,Herbisida Bom Up 520 SL Kemasan 5 Liter - Pembasmi Gulma dari Akar ke Daun,General,1,355263.0,IDR
ORD-EA3FBB17,2026-07-29,C-686B5B67,Usaha Kebun 8215,P-BEDEAF,Herbisida Bablass 490 SL Kemasan 5 Liter - Pembasmi Gulma dari Akar ke Daun,General,1,355263.0,IDR
ORD-EAF606C0,2026-07-29,C-6483D09A,UD Agro 4218,P-4FE4FF,Herbisida Metsulindo 20 WP Ukuran 100gr - Efektif kendalikan Gulma Muda,General,1,35526.0,IDR
ORD-F088BD98,2026-07-29,C-B0E7E188,Mitra Tani 3568,P-89A982,MOP/KCL Sasco 50kg,Toling,50,420714.0,IDR
ORD-F088BD98,2026-07-29,C-B0E7E188,Mitra Tani 3568,P-C21693,ZA Cap Daun 50kg,Toling,40,363580.0,IDR
ORD-FD90172D,2026-07-29,C-194A65D5,Gapoktan 2133,P-05FE0B,Herbasida Garlon 670 EC Kemasan 100ml - Pembasmi Gulma Berkayu,Racun,1,58904.0,IDR
ORD-FDD9AE7E,2026-07-29,C-CC929B97,Usaha Kebun 2151,P-41049F,Herbisida Metsulindo 20 WP Ukuran 250gr - Efektif kendalikan Gulma Muda,General,1,53947.0,IDR
ORD-111AA351,2026-07-30,C-ABEE611C,Toko Pupuk 9364,P-53DE3D,NPK Lentera Sawit 13-8-27-4+0.65 50kg,Pupuk,3,450000.0,IDR
ORD-1D0BFD29,2026-07-30,C-3726D755,Gapoktan 3373,P-97F3A1,Herbisida Bom Up 520 SL Kemasan 1 Liter - Pembasmi Gulma dari Akar ke Daun,General,2,73973.0,IDR
ORD-1DACC59A,2026-07-30,C-A56C3BD8,Mitra Tani 4848,P-E4C339,Herbisida Centatop 288 SL Kemasan 5 Liter - Herbisida Kontak Parakuat Pembasmi Gulma Cepat,General,1,340789.0,IDR
ORD-2B59E9B4,2026-07-30,C-B66E66AC,Toko Pupuk 5556,P-6E74CB,Herbisida Bom Up 520 SL Kemasan 5 Liter - Pembasmi Gulma dari Akar ke Daun,General,1,355263.0,IDR
ORD-356CE98F,2026-07-30,C-70D66CE5,Gapoktan 5773,P-05FE0B,Herbasida Garlon 670 EC Kemasan 100ml - Pembasmi Gulma Berkayu,Racun,1,56579.0,IDR
ORD-356CE98F,2026-07-30,C-70D66CE5,Gapoktan 5773,P-41049F,Herbisida Metsulindo 20 WP Ukuran 250gr - Efektif kendalikan Gulma Muda,General,2,53947.0,IDR
ORD-38A06BCC,2026-07-30,C-89023CF5,Gapoktan 8269,P-05FE0B,Herbasida Garlon 670 EC Kemasan 100ml - Pembasmi Gulma Berkayu,Racun,1,58904.0,IDR
ORD-42EBA34C,2026-07-30,C-057EDE42,UD Agro 5514,P-D6BB73,Pupuk KCL Canada Cap Mahkota 50kg - Meningkatkan Hasil Panen,Pupuk,3,563380.0,IDR
ORD-4AEB5A4D,2026-07-30,C-826C9556,Distributor Bibit 3198,P-41049F,Herbisida Metsulindo 20 WP Ukuran 250gr - Efektif kendalikan Gulma Muda,General,1,53947.0,IDR
ORD-515DBC04,2026-07-30,C-72C4C8DF,Usaha Kebun 4103,P-41049F,Herbisida Metsulindo 20 WP Ukuran 250gr - Efektif kendalikan Gulma Muda,General,1,53947.0,IDR
ORD-51DC24DF,2026-07-30,C-753AF950,Mitra Tani 3184,P-4D9CD6,ROUNDUP 486 SL (20 Liter) - Herbisida Sistemik Glifosat Tuntas,Racun,1,2054795.0,IDR
ORD-58E7E679,2026-07-30,C-59977ED4,Toko Pupuk 2628,P-BEDEAF,Herbisida Bablass 490 SL Kemasan 5 Liter - Pembasmi Gulma dari Akar ke Daun,General,1,355263.0,IDR
ORD-5CC60836,2026-07-30,C-D88DCF76,Distributor Bibit 8342,P-41049F,Herbisida Metsulindo 20 WP Ukuran 250gr - Efektif kendalikan Gulma Muda,General,10,53947.0,IDR
ORD-5E4C2471,2026-07-30,C-3713D712,UD Agro 9122,P-385FCB,Herbisida Gramoxone 276 SL Kemasan 1 Liter - Parakuat Pembasmi Rumput Liar,General,2,85526.0,IDR
ORD-686BC017,2026-07-30,C-A5DC1956,Distributor Bibit 1046,P-41049F,Herbisida Metsulindo 20 WP Ukuran 250gr - Efektif kendalikan Gulma Muda,General,1,53947.0,IDR
ORD-722C981E,2026-07-30,C-963820E3,CV Kebun 9835,P-41049F,Herbisida Metsulindo 20 WP Ukuran 250gr - Efektif kendalikan Gulma Muda,General,1,53947.0,IDR
ORD-7E5B0C84,2026-07-30,C-EFD0BC91,Koperasi Hijau 3385,P-41049F,Herbisida Metsulindo 20 WP Ukuran 250gr - Efektif kendalikan Gulma Muda,General,10,53947.0,IDR
ORD-8721E93F,2026-07-30,C-6EB5C8A1,Koperasi Hijau 6137,P-2D0BC8,Herbisida Gramoxone 276 SL Kemasan 5 Liter - Parakuat Pembasmi Rumput Liar,General,1,381579.0,IDR
ORD-8883C7CA,2026-07-30,C-3C3241AD,Gapoktan 1573,P-BEDEAF,Herbisida Bablass 490 SL Kemasan 5 Liter - Pembasmi Gulma dari Akar ke Daun,General,1,355263.0,IDR
ORD-9CD1EC48,2026-07-30,C-3189F343,CV Kebun 2291,P-10ABDD,Herbisida Gramoxone 276 SL Kemasan 20 Liter - Parakuat Pembasmi Rumput Liar,General,1,1302632.0,IDR
ORD-B037756C,2026-07-30,C-26A5535F,Usaha Kebun 9991,P-DDB457,NPK Mahkota 13-8-27-4 0.5 B 50kg,Pupuk Grosir,200,532385.0,IDR
ORD-B60C4158,2026-07-30,C-7AE8F891,Koperasi Hijau 9337,P-6E74CB,Herbisida Bom Up 520 SL Kemasan 5 Liter - Pembasmi Gulma dari Akar ke Daun,General,1,355263.0,IDR
ORD-B9E8CC0B,2026-07-30,C-26A5535F,Usaha Kebun 9991,P-DDB457,NPK Mahkota 13-8-27-4 0.5 B 50kg,Pupuk Grosir,200,532385.0,IDR
ORD-BE831BDF,2026-07-30,C-0C9F8E0F,Usaha Kebun 5183,P-97F3A1,Herbisida Bom Up 520 SL Kemasan 1 Liter - Pembasmi Gulma dari Akar ke Daun,General,1,71053.0,IDR
ORD-C211A303,2026-07-30,C-E8ECF4D1,Koperasi Hijau 8281,P-6E74CB,Herbisida Bom Up 520 SL Kemasan 5 Liter - Pembasmi Gulma dari Akar ke Daun,General,1,355263.0,IDR
ORD-C55D7AC4,2026-07-30,C-C4F4BEF2,UD Agro 7002,P-6E74CB,Herbisida Bom Up 520 SL Kemasan 5 Liter - Pembasmi Gulma dari Akar ke Daun,General,1,369863.0,IDR
ORD-CA148B74,2026-07-30,C-B1AAC9B7,Usaha Kebun 5991,P-2A5326,RP Mahkota 50kg - Egypt,Khusus Petani,40,122112.0,IDR
ORD-CC6A4DE6,2026-07-30,C-08A9A5CD,Gapoktan 4757,P-2D0BC8,Herbisida Gramoxone 276 SL Kemasan 5 Liter - Parakuat Pembasmi Rumput Liar,General,1,381579.0,IDR
ORD-DA45017C,2026-07-30,C-1CA50243,CV Kebun 4067,P-F3E4E3,Herbisida Supretox 276 SL Kemasan 20 Liter - Herbisida Supretox 276 SL 20 Liter - Racun Rumput Parakuat Pembasmi Gulma Cepat Untuk Sawit,Racun,1,1363014.0,IDR
ORD-E1F137C9,2026-07-30,C-7F3748F7,Usaha Kebun 7591,P-6E74CB,Herbisida Bom Up 520 SL Kemasan 5 Liter - Pembasmi Gulma dari Akar ke Daun,General,1,355263.0,IDR
ORD-E8CEF082,2026-07-30,C-89E0E75C,Toko Pupuk 2884,P-97F3A1,Herbisida Bom Up 520 SL Kemasan 1 Liter - Pembasmi Gulma dari Akar ke Daun,General,2,71053.0,IDR
ORD-F1893538,2026-07-30,C-37EAD985,Gapoktan 5989,P-AE5582,Bom Up 520 SL - 20 Liter,Khusus Petani,1,1058304.0,IDR
ORD-F77ABA1B,2026-07-30,C-937C32A7,Usaha Kebun 3183,P-41049F,Herbisida Metsulindo 20 WP Ukuran 250gr - Efektif kendalikan Gulma Muda,General,10,53947.0,IDR
ORD-012251F3,2026-07-31,C-D8C1B4B1,Koperasi Hijau 7361,P-41049F,Herbisida Metsulindo 20 WP Ukuran 250gr - Efektif kendalikan Gulma Muda,General,3,53947.0,IDR
ORD-032172FD,2026-07-31,C-EB4769DF,Usaha Kebun 7919,P-BC1FE5,MOP/KCL Canada Cap Mahkota 50kg,Pupuk Grosir,200,415520.0,IDR
ORD-04940718,2026-07-31,C-7EDE2434,Toko Pupuk 6476,P-6E74CB,Herbisida Bom Up 520 SL Kemasan 5 Liter - Pembasmi Gulma dari Akar ke Daun,General,1,355263.0,IDR
ORD-1570F7CA,2026-07-31,C-4D46C6DE,Distributor Bibit 8062,P-DA0BCA,MOP/KCL Mentari 50kg,Toling,10,408768.0,IDR
ORD-238860FE,2026-07-31,C-B8FFCC18,Mitra Tani 5672,P-E4C339,Herbisida Centatop 288 SL Kemasan 5 Liter - Herbisida Kontak Parakuat Pembasmi Gulma Cepat,General,1,340789.0,IDR
ORD-2CD7191E,2026-07-31,C-19842C24,Toko Pupuk 8452,P-05FE0B,Herbasida Garlon 670 EC Kemasan 100ml - Pembasmi Gulma Berkayu,Racun,1,56579.0,IDR
ORD-2CD7191E,2026-07-31,C-19842C24,Toko Pupuk 8452,P-2D0BC8,Herbisida Gramoxone 276 SL Kemasan 5 Liter - Parakuat Pembasmi Rumput Liar,General,1,381579.0,IDR
ORD-2FA425CB,2026-07-31,C-3BE86893,CV Kebun 3867,P-41049F,Herbisida Metsulindo 20 WP Ukuran 250gr - Efektif kendalikan Gulma Muda,General,5,53947.0,IDR
ORD-38395158,2026-07-31,C-E791C42E,Distributor Bibit 6838,P-41049F,Herbisida Metsulindo 20 WP Ukuran 250gr - Efektif kendalikan Gulma Muda,General,2,53947.0,IDR
ORD-3C4F09EB,2026-07-31,C-0D70282C,Toko Pupuk 5124,P-6E74CB,Herbisida Bom Up 520 SL Kemasan 5 Liter - Pembasmi Gulma dari Akar ke Daun,General,1,355263.0,IDR
ORD-3C752F47,2026-07-31,C-54E312BF,Usaha Kebun 8615,P-41049F,Herbisida Metsulindo 20 WP Ukuran 250gr - Efektif kendalikan Gulma Muda,General,10,53947.0,IDR
ORD-3D1EE65B,2026-07-31,C-E02DFA4D,Gapoktan 1581,P-97F3A1,Herbisida Bom Up 520 SL Kemasan 1 Liter - Pembasmi Gulma dari Akar ke Daun,General,1,73973.0,IDR
ORD-4400DB08,2026-07-31,C-39A51BDD,Gapoktan 9885,P-4D9CD6,ROUNDUP 486 SL (20 Liter) - Herbisida Sistemik Glifosat Tuntas,Racun,1,2054795.0,IDR
ORD-470593B1,2026-07-31,C-40A05E2E,Distributor Bibit 4694,P-BC1FE5,MOP/KCL Canada Cap Mahkota 50kg,Pupuk Grosir,400,415520.0,IDR
ORD-4C12BBA8,2026-07-31,C-43188CB9,Koperasi Hijau 8361,P-41049F,Herbisida Metsulindo 20 WP Ukuran 250gr - Efektif kendalikan Gulma Muda,General,1,53947.0,IDR
ORD-5039779E,2026-07-31,C-9A9AF0EA,UD Agro 1482,P-BC1FE5,MOP/KCL Canada Cap Mahkota 50kg,Pupuk Grosir,600,415520.0,IDR
ORD-51F08189,2026-07-31,C-89C4E854,Toko Pupuk 4124,P-41049F,Herbisida Metsulindo 20 WP Ukuran 250gr - Efektif kendalikan Gulma Muda,General,1,53947.0,IDR
ORD-55CA85D8,2026-07-31,C-B6709B5B,CV Kebun 6115,P-6E74CB,Herbisida Bom Up 520 SL Kemasan 5 Liter - Pembasmi Gulma dari Akar ke Daun,General,1,355263.0,IDR
ORD-581D33BC,2026-07-31,C-2B0D4393,CV Kebun 4555,P-BC1FE5,MOP/KCL Canada Cap Mahkota 50kg,Pupuk Grosir,200,415520.0,IDR
ORD-5883C1DE,2026-07-31,C-7763A755,Gapoktan 7605,P-05FE0B,Herbasida Garlon 670 EC Kemasan 100ml - Pembasmi Gulma Berkayu,Racun,2,58904.0,IDR
ORD-5F954C55,2026-07-31,C-E6A071AC,Toko Pupuk 4540,P-D7E146,NPK Sawit 13-8-27-4 0.5 B Pak Tani 50kg,Toling,10,586922.0,IDR
ORD-5F954C55,2026-07-31,C-E6A071AC,Toko Pupuk 4540,P-DDB457,NPK Mahkota 13-8-27-4 0.5 B 50kg,Toling,4,600000.0,IDR
ORD-66C0911A,2026-07-31,C-ED1186A5,Gapoktan 6773,P-05FE0B,Herbasida Garlon 670 EC Kemasan 100ml - Pembasmi Gulma Berkayu,Racun,2,58904.0,IDR
ORD-66C1CFD4,2026-07-31,C-E4096F62,UD Agro 5586,P-41049F,Herbisida Metsulindo 20 WP Ukuran 250gr - Efektif kendalikan Gulma Muda,General,5,53947.0,IDR
ORD-67EE491F,2026-07-31,C-0494B16D,Gapoktan 3613,P-05FE0B,Herbasida Garlon 670 EC Kemasan 100ml - Pembasmi Gulma Berkayu,Racun,1,56579.0,IDR
ORD-6E6D3AA3,2026-07-31,C-3BD89AC3,CV Kebun 3139,P-6E74CB,Herbisida Bom Up 520 SL Kemasan 5 Liter - Pembasmi Gulma dari Akar ke Daun,General,1,355263.0,IDR
ORD-7088D669,2026-07-31,C-33DEEF27,Usaha Kebun 3231,P-41049F,Herbisida Metsulindo 20 WP Ukuran 250gr - Efektif kendalikan Gulma Muda,General,2,53947.0,IDR
ORD-751733C4,2026-07-31,C-81C0F681,Koperasi Hijau 5881,P-2D0BC8,Herbisida Gramoxone 276 SL Kemasan 5 Liter - Parakuat Pembasmi Rumput Liar,General,1,381579.0,IDR
ORD-7F4D9568,2026-07-31,C-36494077,Usaha Kebun 7295,P-3FC5B7,Gramoxone 276 SL - 20 Liter,Khusus Petani,1,1007424.0,IDR
ORD-7F4D9568,2026-07-31,C-36494077,Usaha Kebun 7295,P-DA0BCA,MOP/KCL Mentari 50kg,Khusus Petani,20,400426.0,IDR
ORD-7F4D9568,2026-07-31,C-36494077,Usaha Kebun 7295,P-DDE588,RP Mahkota 50kg - Peru,Khusus Petani,20,203520.0,IDR
ORD-80A38B65,2026-07-31,C-C3AF327E,Distributor Bibit 1846,P-2D0BC8,Herbisida Gramoxone 276 SL Kemasan 5 Liter - Parakuat Pembasmi Rumput Liar,General,2,381579.0,IDR
ORD-891282EE,2026-07-31,C-AC61EEBB,CV Kebun 4259,P-3CD922,Herbisida Sistemik Elang 480 SL Kemasan 20 Liter - Pembasmi Gulma dari Akar ke Daun,General,1,1250007.0,IDR
ORD-8EF55B3E,2026-07-31,C-51EBB3E1,Koperasi Hijau 3505,P-6E74CB,Herbisida Bom Up 520 SL Kemasan 5 Liter - Pembasmi Gulma dari Akar ke Daun,General,1,355263.0,IDR
ORD-9718A597,2026-07-31,C-981E0483,CV Kebun 2067,P-4FE4FF,Herbisida Metsulindo 20 WP Ukuran 100gr - Efektif kendalikan Gulma Muda,General,4,35526.0,IDR
ORD-9DF3BE17,2026-07-31,C-F4EBC030,Mitra Tani 6864,P-41049F,Herbisida Metsulindo 20 WP Ukuran 250gr - Efektif kendalikan Gulma Muda,General,1,53947.0,IDR
ORD-A3ACD365,2026-07-31,C-3AA60914,Toko Pupuk 8828,P-6E74CB,Herbisida Bom Up 520 SL Kemasan 5 Liter - Pembasmi Gulma dari Akar ke Daun,General,1,355263.0,IDR
ORD-A3BC574F,2026-07-31,C-E4721622,UD Agro 6018,P-BEDEAF,Herbisida Bablass 490 SL Kemasan 5 Liter - Pembasmi Gulma dari Akar ke Daun,General,2,355263.0,IDR
ORD-A91E4361,2026-07-31,C-02344D77,Usaha Kebun 2135,P-05FE0B,Herbasida Garlon 670 EC Kemasan 100ml - Pembasmi Gulma Berkayu,Racun,3,56579.0,IDR
ORD-AEFFB50F,2026-07-31,C-129C1F11,Koperasi Hijau 3457,P-41049F,Herbisida Metsulindo 20 WP Ukuran 250gr - Efektif kendalikan Gulma Muda,General,3,53947.0,IDR
ORD-B0071BFE,2026-07-31,C-AE28DF5B,CV Kebun 2203,P-BC1FE5,MOP/KCL Canada Cap Mahkota 50kg,Khusus Petani,200,407040.0,IDR
ORD-B2EF6635,2026-07-31,C-EB4769DF,Usaha Kebun 7919,P-ADBBD0,RP Cap Daun 50Kg,Pupuk Grosir,200,127253.0,IDR
ORD-B4735A90,2026-07-31,C-995D2716,Distributor Bibit 9902,P-4FE4FF,Herbisida Metsulindo 20 WP Ukuran 100gr - Efektif kendalikan Gulma Muda,General,1,35526.0,IDR
ORD-B5CB6935,2026-07-31,C-33E09466,Distributor Bibit 3070,P-41049F,Herbisida Metsulindo 20 WP Ukuran 250gr - Efektif kendalikan Gulma Muda,General,4,53947.0,IDR
ORD-B7A7BA23,2026-07-31,C-173A50EE,Distributor Bibit 7774,P-97F3A1,Herbisida Bom Up 520 SL Kemasan 1 Liter - Pembasmi Gulma dari Akar ke Daun,General,2,71053.0,IDR
ORD-BD8FCAE4,2026-07-31,C-E7B72A9A,UD Agro 9890,P-2D0BC8,Herbisida Gramoxone 276 SL Kemasan 5 Liter - Parakuat Pembasmi Rumput Liar,General,1,381579.0,IDR
ORD-BE160C98,2026-07-31,C-B442D642,UD Agro 1106,P-2D0BC8,Herbisida Gramoxone 276 SL Kemasan 5 Liter - Parakuat Pembasmi Rumput Liar,General,1,381579.0,IDR
ORD-C32814BD,2026-07-31,C-E429F70F,Usaha Kebun 4471,P-DDA2C3,"Pupuk Meroke Korn-Kali B (KKB) 50kg - Kalium, Magnesium & Sulfur Terbaik",Pupuk,1,718310.0,IDR
ORD-C7DF7008,2026-07-31,C-3BD89AC3,CV Kebun 3139,P-41049F,Herbisida Metsulindo 20 WP Ukuran 250gr - Efektif kendalikan Gulma Muda,General,2,53947.0,IDR
ORD-CC0AEF2C,2026-07-31,C-5F7C08E0,Mitra Tani 1256,P-385FCB,Herbisida Gramoxone 276 SL Kemasan 1 Liter - Parakuat Pembasmi Rumput Liar,General,1,85526.0,IDR
ORD-CC0AEF2C,2026-07-31,C-5F7C08E0,Mitra Tani 1256,P-41049F,Herbisida Metsulindo 20 WP Ukuran 250gr - Efektif kendalikan Gulma Muda,General,1,53947.0,IDR
ORD-CC0AEF2C,2026-07-31,C-5F7C08E0,Mitra Tani 1256,P-516722,ROUNDUP 486 SL (1 Liter) - Herbisida Sistemik Glifosat Tuntas,General,1,116184.0,IDR
ORD-CC0AEF2C,2026-07-31,C-5F7C08E0,Mitra Tani 1256,P-FCD235,Herbasida Garlon 670 EC Kemasan 1 Liter - Pembasmi Gulma Berkayu,General,1,414474.0,IDR
ORD-CCF6F35C,2026-07-31,C-63EAA3D0,Mitra Tani 9744,P-6E74CB,Herbisida Bom Up 520 SL Kemasan 5 Liter - Pembasmi Gulma dari Akar ke Daun,General,1,369863.0,IDR
ORD-D4E67814,2026-07-31,C-96702C08,Mitra Tani 1704,P-BEDEAF,Herbisida Bablass 490 SL Kemasan 5 Liter - Pembasmi Gulma dari Akar ke Daun,General,1,355263.0,IDR
ORD-D6B7EE0A,2026-07-31,C-B4E1108C,Toko Pupuk 2716,P-89A982,MOP/KCL Sasco 50kg,Toling,3,425908.0,IDR
ORD-D6B7EE0A,2026-07-31,C-B4E1108C,Toko Pupuk 2716,P-BC1FE5,MOP/KCL Canada Cap Mahkota 50kg,Toling,10,415520.0,IDR
ORD-D6B7EE0A,2026-07-31,C-B4E1108C,Toko Pupuk 2716,P-D7E146,NPK Sawit 13-8-27-4 0.5 B Pak Tani 50kg,Toling,10,586922.0,IDR
ORD-D6B7EE0A,2026-07-31,C-B4E1108C,Toko Pupuk 2716,P-DDB457,NPK Mahkota 13-8-27-4 0.5 B 50kg,Toling,15,600000.0,IDR
ORD-DBFFB090,2026-07-31,C-DD64163A,UD Agro 7026,P-41049F,Herbisida Metsulindo 20 WP Ukuran 250gr - Efektif kendalikan Gulma Muda,General,2,53947.0,IDR
ORD-E2384EE4,2026-07-31,C-17D9CEAB,CV Kebun 2187,P-05FE0B,Herbasida Garlon 670 EC Kemasan 100ml - Pembasmi Gulma Berkayu,Racun,2,56579.0,IDR
ORD-E94B077F,2026-07-31,C-4D46C6DE,Distributor Bibit 8062,P-ADBBD0,RP Cap Daun 50Kg,Toling,30,127253.0,IDR
ORD-EF1B22A0,2026-07-31,C-9392DDC7,Usaha Kebun 3783,P-41049F,Herbisida Metsulindo 20 WP Ukuran 250gr - Efektif kendalikan Gulma Muda,General,1,53947.0,IDR
ORD-F06D2274,2026-07-31,C-AB992D32,UD Agro 5514,P-6E74CB,Herbisida Bom Up 520 SL Kemasan 5 Liter - Pembasmi Gulma dari Akar ke Daun,General,2,355263.0,IDR
ORD-F7E32451,2026-07-31,C-A2FCE854,Toko Pupuk 5540,P-41049F,Herbisida Metsulindo 20 WP Ukuran 250gr - Efektif kendalikan Gulma Muda,General,1,53947.0,IDR
ORD-F7E32451,2026-07-31,C-A2FCE854,Toko Pupuk 5540,P-6E74CB,Herbisida Bom Up 520 SL Kemasan 5 Liter - Pembasmi Gulma dari Akar ke Daun,General,1,355263.0,IDR
ORD-F8660AD9,2026-07-31,C-B4C079AE,Distributor Bibit 8942,P-C21693,ZA Cap Daun 50kg,Toling,6,363580.0,IDR
ORD-FC16501C,2026-07-31,C-94715A3D,Gapoktan 4637,P-A1BDE2,Herbisida Bablass 490 SL Kemasan 1 Liter - Pembasmi Gulma dari Akar ke Daun,General,1,76316.0,IDR
ORD-FCE4164A,2026-07-31,C-68D0368E,Distributor Bibit 2918,P-41049F,Herbisida Metsulindo 20 WP Ukuran 250gr - Efektif kendalikan Gulma Muda,General,3,53947.0,IDR
ORD-0A9FEB52,2026-08-01,C-7A74F9E3,CV Kebun 3499,P-41049F,Herbisida Metsulindo 20 WP Ukuran 250gr - Efektif kendalikan Gulma Muda,General,1,53947.0,IDR
ORD-171293C5,2026-08-01,C-F77C227D,Gapoktan 3645,P-97F3A1,Herbisida Bom Up 520 SL Kemasan 1 Liter - Pembasmi Gulma dari Akar ke Daun,General,2,73973.0,IDR
ORD-1E914983,2026-08-01,C-7657A4C6,Distributor Bibit 2302,P-ADBBD0,RP Cap Daun 50Kg,Toling,10,127253.0,IDR
ORD-262213EC,2026-08-01,C-D4E5F5D7,Usaha Kebun 2471,P-2D0BC8,Herbisida Gramoxone 276 SL Kemasan 5 Liter - Parakuat Pembasmi Rumput Liar,General,1,381579.0,IDR
ORD-2CBF8BB8,2026-08-01,C-9F036CD9,Koperasi Hijau 4817,P-F9D1EF,Herbisida Bom Up 520 SL Kemasan 20 Liter - Pembasmi Gulma dari Akar ke Daun,General,1,1368421.0,IDR
ORD-2EE3C754,2026-08-01,C-E4DFAE0E,Distributor Bibit 6334,P-4D9CD6,ROUNDUP 486 SL (20 Liter) - Herbisida Sistemik Glifosat Tuntas,Racun,1,2054795.0,IDR
ORD-330682D4,2026-08-01,C-F5A6549F,Usaha Kebun 3559,P-F9D1EF,Herbisida Bom Up 520 SL Kemasan 20 Liter - Pembasmi Gulma dari Akar ke Daun,General,1,1368421.0,IDR
ORD-33EF5A5A,2026-08-01,C-FA6FE923,CV Kebun 7179,P-41049F,Herbisida Metsulindo 20 WP Ukuran 250gr - Efektif kendalikan Gulma Muda,General,20,53947.0,IDR
ORD-34A54296,2026-08-01,C-4ABE960B,CV Kebun 8235,P-41049F,Herbisida Metsulindo 20 WP Ukuran 250gr - Efektif kendalikan Gulma Muda,General,1,56164.0,IDR
ORD-4640DC14,2026-08-01,C-EABA8102,UD Agro 7266,P-97F3A1,Herbisida Bom Up 520 SL Kemasan 1 Liter - Pembasmi Gulma dari Akar ke Daun,General,15,71053.0,IDR
ORD-4B0F9492,2026-08-01,C-EABA8102,UD Agro 7266,P-97F3A1,Herbisida Bom Up 520 SL Kemasan 1 Liter - Pembasmi Gulma dari Akar ke Daun,General,15,71053.0,IDR
ORD-4C8F1B80,2026-08-01,C-CEE0964E,Distributor Bibit 3038,P-05FE0B,Herbasida Garlon 670 EC Kemasan 100ml - Pembasmi Gulma Berkayu,Racun,1,56579.0,IDR
ORD-4C8F1B80,2026-08-01,C-CEE0964E,Distributor Bibit 3038,P-41049F,Herbisida Metsulindo 20 WP Ukuran 250gr - Efektif kendalikan Gulma Muda,General,1,53947.0,IDR
ORD-50B58653,2026-08-01,C-F918618C,Toko Pupuk 2620,P-BC1FE5,MOP/KCL Canada Cap Mahkota 50kg,Toling,5,415520.0,IDR
ORD-574F786A,2026-08-01,C-EB065DF5,Gapoktan 2029,P-2D0BC8,Herbisida Gramoxone 276 SL Kemasan 5 Liter - Parakuat Pembasmi Rumput Liar,General,1,381579.0,IDR
ORD-574F786A,2026-08-01,C-EB065DF5,Gapoktan 2029,P-41049F,Herbisida Metsulindo 20 WP Ukuran 250gr - Efektif kendalikan Gulma Muda,General,1,53947.0,IDR
ORD-581E3057,2026-08-01,C-640FD266,Distributor Bibit 7502,P-97F3A1,Herbisida Bom Up 520 SL Kemasan 1 Liter - Pembasmi Gulma dari Akar ke Daun,General,1,73973.0,IDR
ORD-5B467E2E,2026-08-01,C-0FC07754,Toko Pupuk 5700,P-631492,Meroke Korn Kali B (KKB) 50kg,Toling,5,529788.0,IDR
ORD-5B467E2E,2026-08-01,C-0FC07754,Toko Pupuk 5700,P-DDE588,RP Mahkota 50kg - Peru,Toling,10,207760.0,IDR
ORD-5BFAD32D,2026-08-01,C-862601E7,Usaha Kebun 8799,P-41049F,Herbisida Metsulindo 20 WP Ukuran 250gr - Efektif kendalikan Gulma Muda,General,2,53947.0,IDR
ORD-5FED831D,2026-08-01,C-D4E5F5D7,Usaha Kebun 2471,P-2D0BC8,Herbisida Gramoxone 276 SL Kemasan 5 Liter - Parakuat Pembasmi Rumput Liar,General,1,381579.0,IDR
ORD-6AA0D2F0,2026-08-01,C-891A4073,CV Kebun 7027,P-41049F,Herbisida Metsulindo 20 WP Ukuran 250gr - Efektif kendalikan Gulma Muda,General,1,53947.0,IDR
ORD-6AA0D2F0,2026-08-01,C-891A4073,CV Kebun 7027,P-E4C339,Herbisida Centatop 288 SL Kemasan 5 Liter - Herbisida Kontak Parakuat Pembasmi Gulma Cepat,General,1,340789.0,IDR
ORD-71590185,2026-08-01,C-6641A48D,Gapoktan 7997,P-4D9CD6,ROUNDUP 486 SL (20 Liter) - Herbisida Sistemik Glifosat Tuntas,Racun,1,2054795.0,IDR
ORD-86367FC2,2026-08-01,C-125C79B8,Mitra Tani 8360,P-6E74CB,Herbisida Bom Up 520 SL Kemasan 5 Liter - Pembasmi Gulma dari Akar ke Daun,General,1,355263.0,IDR
ORD-8A7C0F55,2026-08-01,C-4F872D68,Mitra Tani 1048,P-05FE0B,Herbasida Garlon 670 EC Kemasan 100ml - Pembasmi Gulma Berkayu,Racun,1,56579.0,IDR
ORD-8BEF4EDD,2026-08-01,C-2263B796,Distributor Bibit 7406,P-10ABDD,Herbisida Gramoxone 276 SL Kemasan 20 Liter - Parakuat Pembasmi Rumput Liar,General,1,1302632.0,IDR
ORD-90D05824,2026-08-01,C-043121F2,UD Agro 3818,P-F9D1EF,Herbisida Bom Up 520 SL Kemasan 20 Liter - Pembasmi Gulma dari Akar ke Daun,General,1,1368421.0,IDR
ORD-9F5D163F,2026-08-01,C-96AC8F0A,UD Agro 8210,P-41049F,Herbisida Metsulindo 20 WP Ukuran 250gr - Efektif kendalikan Gulma Muda,General,5,53947.0,IDR
ORD-AF58E290,2026-08-01,C-90C8901D,Gapoktan 9197,P-05FE0B,Herbasida Garlon 670 EC Kemasan 100ml - Pembasmi Gulma Berkayu,Racun,1,56579.0,IDR
ORD-B0723EC9,2026-08-01,C-0738D82C,Toko Pupuk 8868,P-05FE0B,Herbasida Garlon 670 EC Kemasan 100ml - Pembasmi Gulma Berkayu,Racun,2,58904.0,IDR
ORD-B077B614,2026-08-01,C-69D59696,Distributor Bibit 5398,P-41049F,Herbisida Metsulindo 20 WP Ukuran 250gr - Efektif kendalikan Gulma Muda,General,20,56164.0,IDR
ORD-BCA0A398,2026-08-01,C-9368849B,CV Kebun 9443,P-97F3A1,Herbisida Bom Up 520 SL Kemasan 1 Liter - Pembasmi Gulma dari Akar ke Daun,General,1,71053.0,IDR
ORD-C2D3E6D6,2026-08-01,C-8051B982,UD Agro 4554,P-41049F,Herbisida Metsulindo 20 WP Ukuran 250gr - Efektif kendalikan Gulma Muda,General,1,56164.0,IDR
ORD-C344CCE2,2026-08-01,C-421EB350,Mitra Tani 5240,P-05FE0B,Herbasida Garlon 670 EC Kemasan 100ml - Pembasmi Gulma Berkayu,Racun,1,56579.0,IDR
ORD-C5FA4949,2026-08-01,C-CC4C710A,UD Agro 2738,P-4D9CD6,ROUNDUP 486 SL (20 Liter) - Herbisida Sistemik Glifosat Tuntas,Racun,1,2054795.0,IDR
ORD-D7DFEA59,2026-08-01,C-42EE6071,Koperasi Hijau 7513,P-BEDEAF,Herbisida Bablass 490 SL Kemasan 5 Liter - Pembasmi Gulma dari Akar ke Daun,General,1,355263.0,IDR
ORD-D82B5435,2026-08-01,C-54A712B7,Usaha Kebun 9447,P-41049F,Herbisida Metsulindo 20 WP Ukuran 250gr - Efektif kendalikan Gulma Muda,General,1,53947.0,IDR
ORD-DEE38C1E,2026-08-01,C-4C2C9DD6,Distributor Bibit 2406,P-41049F,Herbisida Metsulindo 20 WP Ukuran 250gr - Efektif kendalikan Gulma Muda,General,1,53947.0,IDR
ORD-DF29DAB1,2026-08-01,C-091CDC15,Gapoktan 4293,P-4D9CD6,ROUNDUP 486 SL (20 Liter) - Herbisida Sistemik Glifosat Tuntas,Racun,1,2054795.0,IDR
ORD-E8A31616,2026-08-01,C-E5A0F720,Mitra Tani 1488,P-6E74CB,Herbisida Bom Up 520 SL Kemasan 5 Liter - Pembasmi Gulma dari Akar ke Daun,General,1,369863.0,IDR
ORD-EF28AE14,2026-08-01,C-5A84E860,Mitra Tani 9680,P-8DAF50,NPK DGW 13-8-27-4 TE 50kg,Toling,3,583286.0,IDR
ORD-F4DF671C,2026-08-01,C-69D59696,Distributor Bibit 5398,P-05FE0B,Herbasida Garlon 670 EC Kemasan 100ml - Pembasmi Gulma Berkayu,Racun,5,58904.0,IDR
ORD-F8B1086F,2026-08-01,C-A2D7EEFA,UD Agro 3410,P-6E74CB,Herbisida Bom Up 520 SL Kemasan 5 Liter - Pembasmi Gulma dari Akar ke Daun,General,1,355263.0,IDR
ORD-0397FA59,2026-08-02,C-F5F14954,Toko Pupuk 1868,P-2D0BC8,Herbisida Gramoxone 276 SL Kemasan 5 Liter - Parakuat Pembasmi Rumput Liar,General,1,381579.0,IDR
ORD-12D488B1,2026-08-02,C-74609F7A,UD Agro 3338,P-2D0BC8,Herbisida Gramoxone 276 SL Kemasan 5 Liter - Parakuat Pembasmi Rumput Liar,General,1,381579.0,IDR
ORD-17A22B45,2026-08-02,C-0AD8C70C,Toko Pupuk 8892,P-41049F,Herbisida Metsulindo 20 WP Ukuran 250gr - Efektif kendalikan Gulma Muda,General,6,53947.0,IDR
ORD-18617FA8,2026-08-02,C-CABC9A32,UD Agro 6874,P-6E74CB,Herbisida Bom Up 520 SL Kemasan 5 Liter - Pembasmi Gulma dari Akar ke Daun,General,1,355263.0,IDR
ORD-1AAD4FB2,2026-08-02,C-485A8AC4,Toko Pupuk 1316,P-6E74CB,Herbisida Bom Up 520 SL Kemasan 5 Liter - Pembasmi Gulma dari Akar ke Daun,General,1,355263.0,IDR
ORD-1D20361E,2026-08-02,C-C1059958,Mitra Tani 8624,P-FCD235,Herbasida Garlon 670 EC Kemasan 1 Liter - Pembasmi Gulma Berkayu,General,2,431507.0,IDR
ORD-1EA36FFB,2026-08-02,C-D62C143B,CV Kebun 8987,P-E4C339,Herbisida Centatop 288 SL Kemasan 5 Liter - Herbisida Kontak Parakuat Pembasmi Gulma Cepat,General,1,340789.0,IDR
ORD-21C6A764,2026-08-02,C-8AC7392C,Toko Pupuk 4108,P-41049F,Herbisida Metsulindo 20 WP Ukuran 250gr - Efektif kendalikan Gulma Muda,General,20,56164.0,IDR
ORD-24A9863F,2026-08-02,C-8AC7392C,Toko Pupuk 4108,P-41049F,Herbisida Metsulindo 20 WP Ukuran 250gr - Efektif kendalikan Gulma Muda,General,20,56164.0,IDR
ORD-24CBE27D,2026-08-02,C-67E9D3A5,Gapoktan 6317,P-6E74CB,Herbisida Bom Up 520 SL Kemasan 5 Liter - Pembasmi Gulma dari Akar ke Daun,General,1,355263.0,IDR
ORD-2E724E8B,2026-08-02,C-BFD8D357,Usaha Kebun 7135,P-C9A1E1,Dokter Sawit Uji Tanah (Fisik dan Kimia Lengkap),Layanan Agronomi,1,800000.0,IDR
ORD-2E724E8B,2026-08-02,C-BFD8D357,Usaha Kebun 7135,P-FEF9E9,"Dokter Sawit Ujidaun (NPK, Mg, Ca, B, Cu, Zn) + Rekomendasi",Layanan Agronomi,5,799000.0,IDR
ORD-3CDDF198,2026-08-02,C-40B9E95A,UD Agro 4722,P-D6BB73,Pupuk KCL Canada Cap Mahkota 50kg - Meningkatkan Hasil Panen,Pupuk,6,563380.0,IDR
ORD-3D4EB9EE,2026-08-02,C-43DE6721,Koperasi Hijau 5865,P-6E74CB,Herbisida Bom Up 520 SL Kemasan 5 Liter - Pembasmi Gulma dari Akar ke Daun,General,1,355263.0,IDR
ORD-43C3AF52,2026-08-02,C-97292D89,Koperasi Hijau 3249,P-E4C339,Herbisida Centatop 288 SL Kemasan 5 Liter - Herbisida Kontak Parakuat Pembasmi Gulma Cepat,General,1,340789.0,IDR
ORD-4F07BB69,2026-08-02,C-19F456D3,CV Kebun 6411,P-97F3A1,Herbisida Bom Up 520 SL Kemasan 1 Liter - Pembasmi Gulma dari Akar ke Daun,General,1,73973.0,IDR
ORD-4F60AC93,2026-08-02,C-AFE6C0A2,UD Agro 9394,P-6E74CB,Herbisida Bom Up 520 SL Kemasan 5 Liter - Pembasmi Gulma dari Akar ke Daun,General,1,355263.0,IDR
ORD-5721C592,2026-08-02,C-0DFD4836,Distributor Bibit 1902,P-6E74CB,Herbisida Bom Up 520 SL Kemasan 5 Liter - Pembasmi Gulma dari Akar ke Daun,General,1,355263.0,IDR
ORD-57421091,2026-08-02,C-968482C2,UD Agro 2626,P-41049F,Herbisida Metsulindo 20 WP Ukuran 250gr - Efektif kendalikan Gulma Muda,General,1,53947.0,IDR
ORD-57421091,2026-08-02,C-968482C2,UD Agro 2626,P-97F3A1,Herbisida Bom Up 520 SL Kemasan 1 Liter - Pembasmi Gulma dari Akar ke Daun,General,1,71053.0,IDR
ORD-5C9372D6,2026-08-02,C-51AD7360,Mitra Tani 9760,P-05FE0B,Herbasida Garlon 670 EC Kemasan 100ml - Pembasmi Gulma Berkayu,Racun,1,58904.0,IDR
ORD-602E1F49,2026-08-02,C-FD536EEB,CV Kebun 7531,P-41049F,Herbisida Metsulindo 20 WP Ukuran 250gr - Efektif kendalikan Gulma Muda,General,2,53947.0,IDR
ORD-6529FDB5,2026-08-02,C-FA386838,Mitra Tani 5696,P-4D9CD6,ROUNDUP 486 SL (20 Liter) - Herbisida Sistemik Glifosat Tuntas,Racun,1,2054795.0,IDR
ORD-65989D9B,2026-08-02,C-3EBD4F98,Mitra Tani 9072,P-385FCB,Herbisida Gramoxone 276 SL Kemasan 1 Liter - Parakuat Pembasmi Rumput Liar,General,1,85526.0,IDR
ORD-67A2C18C,2026-08-02,C-857FBCBD,Gapoktan 2117,P-4FE4FF,Herbisida Metsulindo 20 WP Ukuran 100gr - Efektif kendalikan Gulma Muda,General,1,35526.0,IDR
ORD-6B586BC8,2026-08-02,C-8AC7392C,Toko Pupuk 4108,P-41049F,Herbisida Metsulindo 20 WP Ukuran 250gr - Efektif kendalikan Gulma Muda,General,20,56164.0,IDR
ORD-78E3A61F,2026-08-02,C-A546C9BB,CV Kebun 7803,P-BEDEAF,Herbisida Bablass 490 SL Kemasan 5 Liter - Pembasmi Gulma dari Akar ke Daun,General,1,355263.0,IDR
ORD-798BDA6B,2026-08-02,C-8AC7392C,Toko Pupuk 4108,P-41049F,Herbisida Metsulindo 20 WP Ukuran 250gr - Efektif kendalikan Gulma Muda,General,20,56164.0,IDR
ORD-80A1ACAE,2026-08-02,C-1EEDEE6D,Gapoktan 6549,P-41049F,Herbisida Metsulindo 20 WP Ukuran 250gr - Efektif kendalikan Gulma Muda,General,1,56164.0,IDR
ORD-80DB251A,2026-08-02,C-FE51F920,Mitra Tani 3056,P-41049F,Herbisida Metsulindo 20 WP Ukuran 250gr - Efektif kendalikan Gulma Muda,General,4,56164.0,IDR
ORD-859D7249,2026-08-02,C-F2768846,Distributor Bibit 8406,P-2A5326,RP Mahkota 50kg - Egypt,Pupuk,1,127200.0,IDR
ORD-88F70535,2026-08-02,C-F5018A71,Koperasi Hijau 3897,P-41049F,Herbisida Metsulindo 20 WP Ukuran 250gr - Efektif kendalikan Gulma Muda,General,2,53947.0,IDR
ORD-8AB317F9,2026-08-02,C-560DDA0D,Gapoktan 5365,P-ADBBD0,RP Cap Daun 50Kg,Pupuk,1,129850.0,IDR
ORD-8BA02F84,2026-08-02,C-9478290C,Toko Pupuk 9796,P-0E5ABA,"Pupuk NPK YaraMila UNIK 16-16-16 (50kg) - Pupuk Dasar & Pemeliharaan, Kuatkan Akar dan Hasil",Pupuk,1,1218310.0,IDR
ORD-9F006A1A,2026-08-02,C-AA693F5E,Distributor Bibit 4222,P-41049F,Herbisida Metsulindo 20 WP Ukuran 250gr - Efektif kendalikan Gulma Muda,General,1,53947.0,IDR
ORD-9F006A1A,2026-08-02,C-AA693F5E,Distributor Bibit 4222,P-6E74CB,Herbisida Bom Up 520 SL Kemasan 5 Liter - Pembasmi Gulma dari Akar ke Daun,General,1,355263.0,IDR
ORD-A343B533,2026-08-02,C-9009581E,Distributor Bibit 5486,P-05FE0B,Herbasida Garlon 670 EC Kemasan 100ml - Pembasmi Gulma Berkayu,Racun,1,56579.0,IDR
ORD-AA9C5A86,2026-08-02,C-224A7D75,Gapoktan 1125,P-41049F,Herbisida Metsulindo 20 WP Ukuran 250gr - Efektif kendalikan Gulma Muda,General,1,53947.0,IDR
ORD-AD6837DF,2026-08-02,C-BFD8D357,Usaha Kebun 7135,P-C9A1E1,Dokter Sawit Uji Tanah (Fisik dan Kimia Lengkap),Layanan Agronomi,1,800000.0,IDR
ORD-AD6837DF,2026-08-02,C-BFD8D357,Usaha Kebun 7135,P-FEF9E9,"Dokter Sawit Ujidaun (NPK, Mg, Ca, B, Cu, Zn) + Rekomendasi",Layanan Agronomi,5,799000.0,IDR
ORD-B3FCA496,2026-08-02,C-6C38EDC6,Distributor Bibit 2214,P-BEDEAF,Herbisida Bablass 490 SL Kemasan 5 Liter - Pembasmi Gulma dari Akar ke Daun,General,1,355263.0,IDR
ORD-BD7A69C2,2026-08-02,C-8191FC68,Mitra Tani 5200,P-41049F,Herbisida Metsulindo 20 WP Ukuran 250gr - Efektif kendalikan Gulma Muda,General,4,53947.0,IDR
ORD-C868290A,2026-08-02,C-C43E429A,UD Agro 8618,P-4D9CD6,ROUNDUP 486 SL (20 Liter) - Herbisida Sistemik Glifosat Tuntas,Racun,1,2054795.0,IDR
ORD-C91BCF7E,2026-08-02,C-D7585153,CV Kebun 2427,P-E4C339,Herbisida Centatop 288 SL Kemasan 5 Liter - Herbisida Kontak Parakuat Pembasmi Gulma Cepat,General,1,340789.0,IDR
ORD-D4B1F43A,2026-08-02,C-ED5A9F39,Koperasi Hijau 9193,P-6E74CB,Herbisida Bom Up 520 SL Kemasan 5 Liter - Pembasmi Gulma dari Akar ke Daun,General,1,355263.0,IDR
ORD-DB1C2D47,2026-08-02,C-17DEC8F8,Mitra Tani 4408,P-41049F,Herbisida Metsulindo 20 WP Ukuran 250gr - Efektif kendalikan Gulma Muda,General,2,56164.0,IDR
ORD-E768619F,2026-08-02,C-EABA8102,UD Agro 7266,P-97F3A1,Herbisida Bom Up 520 SL Kemasan 1 Liter - Pembasmi Gulma dari Akar ke Daun,General,15,71053.0,IDR
ORD-EB91EDB8,2026-08-02,C-984D53C9,Koperasi Hijau 6553,P-BEDEAF,Herbisida Bablass 490 SL Kemasan 5 Liter - Pembasmi Gulma dari Akar ke Daun,General,1,355263.0,IDR
ORD-F64BF5C4,2026-08-02,C-8167B4CC,Toko Pupuk 6356,P-6E74CB,Herbisida Bom Up 520 SL Kemasan 5 Liter - Pembasmi Gulma dari Akar ke Daun,General,1,355263.0,IDR
ORD-F8116F12,2026-08-02,C-36A774F7,Usaha Kebun 7119,P-41049F,Herbisida Metsulindo 20 WP Ukuran 250gr - Efektif kendalikan Gulma Muda,General,2,53947.0,IDR
ORD-F9389015,2026-08-02,C-8AC7392C,Toko Pupuk 4108,P-41049F,Herbisida Metsulindo 20 WP Ukuran 250gr - Efektif kendalikan Gulma Muda,General,20,56164.0,IDR
ORD-06069179,2026-08-03,C-2B129FB0,Mitra Tani 4816,P-6E74CB,Herbisida Bom Up 520 SL Kemasan 5 Liter - Pembasmi Gulma dari Akar ke Daun,General,1,355263.0,IDR
ORD-06136422,2026-08-03,C-96898D8F,Usaha Kebun 9071,P-4D9CD6,ROUNDUP 486 SL (20 Liter) - Herbisida Sistemik Glifosat Tuntas,Racun,1,2054795.0,IDR
ORD-07C94A1B,2026-08-03,C-E2AB7207,Usaha Kebun 9663,P-DDE588,RP Mahkota 50kg - Peru,Pupuk Grosir,200,207760.0,IDR
ORD-08AE9322,2026-08-03,C-9032DFED,Gapoktan 9229,P-BC1FE5,MOP/KCL Canada Cap Mahkota 50kg,Pupuk Grosir,200,415520.0,IDR
ORD-13810976,2026-08-03,C-5E180917,Usaha Kebun 7495,P-4FE4FF,Herbisida Metsulindo 20 WP Ukuran 100gr - Efektif kendalikan Gulma Muda,General,4,35526.0,IDR
ORD-15B3CA0F,2026-08-03,C-93D0B7C8,Mitra Tani 7288,P-41049F,Herbisida Metsulindo 20 WP Ukuran 250gr - Efektif kendalikan Gulma Muda,General,1,53947.0,IDR
ORD-15B3CA0F,2026-08-03,C-93D0B7C8,Mitra Tani 7288,P-BEDEAF,Herbisida Bablass 490 SL Kemasan 5 Liter - Pembasmi Gulma dari Akar ke Daun,General,1,355263.0,IDR
ORD-1D0D6F1D,2026-08-03,C-F49318E7,Usaha Kebun 1871,P-6E74CB,Herbisida Bom Up 520 SL Kemasan 5 Liter - Pembasmi Gulma dari Akar ke Daun,General,1,355263.0,IDR
ORD-2298F745,2026-08-03,C-08CFD8B1,Koperasi Hijau 6153,P-05FE0B,Herbasida Garlon 670 EC Kemasan 100ml - Pembasmi Gulma Berkayu,Racun,1,58904.0,IDR
ORD-2B80EE30,2026-08-03,C-BF25A21D,Gapoktan 8589,P-05FE0B,Herbasida Garlon 670 EC Kemasan 100ml - Pembasmi Gulma Berkayu,Racun,2,56579.0,IDR
ORD-2CA1BB5F,2026-08-03,C-EA5A82C1,Koperasi Hijau 7257,P-BC1FE5,MOP/KCL Canada Cap Mahkota 50kg,Pupuk Grosir,400,415520.0,IDR
ORD-3091597D,2026-08-03,C-BD0904C3,CV Kebun 2867,P-2D0BC8,Herbisida Gramoxone 276 SL Kemasan 5 Liter - Parakuat Pembasmi Rumput Liar,General,1,381579.0,IDR
ORD-370C20D3,2026-08-03,C-9A9AF0EA,UD Agro 1482,P-BC1FE5,MOP/KCL Canada Cap Mahkota 50kg,Pupuk Grosir,200,415520.0,IDR
ORD-3C106671,2026-08-03,C-4975EADE,Distributor Bibit 5606,P-41049F,Herbisida Metsulindo 20 WP Ukuran 250gr - Efektif kendalikan Gulma Muda,General,1,56164.0,IDR
ORD-3C106671,2026-08-03,C-4975EADE,Distributor Bibit 5606,P-FCD235,Herbasida Garlon 670 EC Kemasan 1 Liter - Pembasmi Gulma Berkayu,General,1,431507.0,IDR
ORD-3E1FBD25,2026-08-03,C-66614596,Distributor Bibit 1838,P-28A54F,Turmadan 328 SL 1 Liter - Herbisida Parakuat Pembasmi Gulma Super Cepat,Racun,1,85526.0,IDR
ORD-44D3CB37,2026-08-03,C-9A77F43D,Gapoktan 3573,P-6E74CB,Herbisida Bom Up 520 SL Kemasan 5 Liter - Pembasmi Gulma dari Akar ke Daun,General,2,355263.0,IDR
ORD-4B27A32F,2026-08-03,C-2C76449D,Gapoktan 2317,P-6E74CB,Herbisida Bom Up 520 SL Kemasan 5 Liter - Pembasmi Gulma dari Akar ke Daun,General,1,355263.0,IDR
ORD-50D8ECE9,2026-08-03,C-FEB0FBA9,Koperasi Hijau 1625,P-41049F,Herbisida Metsulindo 20 WP Ukuran 250gr - Efektif kendalikan Gulma Muda,General,5,53947.0,IDR
ORD-50D8ECE9,2026-08-03,C-FEB0FBA9,Koperasi Hijau 1625,P-BEDEAF,Herbisida Bablass 490 SL Kemasan 5 Liter - Pembasmi Gulma dari Akar ke Daun,General,1,355263.0,IDR
ORD-50D8ECE9,2026-08-03,C-FEB0FBA9,Koperasi Hijau 1625,P-E4C339,Herbisida Centatop 288 SL Kemasan 5 Liter - Herbisida Kontak Parakuat Pembasmi Gulma Cepat,General,1,340789.0,IDR
ORD-50D8ECE9,2026-08-03,C-FEB0FBA9,Koperasi Hijau 1625,P-FCD235,Herbasida Garlon 670 EC Kemasan 1 Liter - Pembasmi Gulma Berkayu,General,1,414474.0,IDR
ORD-57378534,2026-08-03,C-944065D8,Mitra Tani 9344,P-2D0BC8,Herbisida Gramoxone 276 SL Kemasan 5 Liter - Parakuat Pembasmi Rumput Liar,General,1,381579.0,IDR
ORD-5F045401,2026-08-03,C-0D3599C3,CV Kebun 1579,P-41049F,Herbisida Metsulindo 20 WP Ukuran 250gr - Efektif kendalikan Gulma Muda,General,1,53947.0,IDR
ORD-65AE1911,2026-08-03,C-F34A936D,Gapoktan 8893,P-6E74CB,Herbisida Bom Up 520 SL Kemasan 5 Liter - Pembasmi Gulma dari Akar ke Daun,General,1,355263.0,IDR
ORD-65EC1E08,2026-08-03,C-C71F4FEF,Usaha Kebun 9063,P-41049F,Herbisida Metsulindo 20 WP Ukuran 250gr - Efektif kendalikan Gulma Muda,General,1,53947.0,IDR
ORD-686F4C3B,2026-08-03,C-B0A644B7,Usaha Kebun 5583,P-2A5326,RP Mahkota 50kg - Egypt,Pupuk Grosir,200,124656.0,IDR
ORD-6C46AB37,2026-08-03,C-41ADB1DA,UD Agro 6298,P-BC1FE5,MOP/KCL Canada Cap Mahkota 50kg,Pupuk Grosir,200,415520.0,IDR
ORD-6D75BD19,2026-08-03,C-F4F37558,Mitra Tani 7992,P-BC1FE5,MOP/KCL Canada Cap Mahkota 50kg,Pupuk Grosir,200,415520.0,IDR
ORD-73C6EBAD,2026-08-03,C-5646991D,Gapoktan 7293,P-E4C339,Herbisida Centatop 288 SL Kemasan 5 Liter - Herbisida Kontak Parakuat Pembasmi Gulma Cepat,General,1,340789.0,IDR
ORD-74C8BD91,2026-08-03,C-2427D40C,Toko Pupuk 8964,P-F9D1EF,Herbisida Bom Up 520 SL Kemasan 20 Liter - Pembasmi Gulma dari Akar ke Daun,General,1,1368421.0,IDR
ORD-77036BAD,2026-08-03,C-07DDED0F,Usaha Kebun 9655,P-54AEF5,Urea Nitrea 46% N 50kg,Pupuk Grosir,970,618605.0,IDR
ORD-7BB5DDAA,2026-08-03,C-95C9799D,Gapoktan 3053,P-B1C447,Dokter Sawit Uji Hara Lengkap (Daun dan Tanah) + Rekomendasi,Layanan Agronomi,1,1599000.0,IDR
ORD-7EC54148,2026-08-03,C-16118532,UD Agro 5962,P-2A5326,RP Mahkota 50kg - Egypt,Pupuk Grosir,200,124656.0,IDR
ORD-8184BBDF,2026-08-03,C-F25116AE,Distributor Bibit 2494,P-6E74CB,Herbisida Bom Up 520 SL Kemasan 5 Liter - Pembasmi Gulma dari Akar ke Daun,General,1,355263.0,IDR
ORD-84CD9969,2026-08-03,C-2F93D181,Koperasi Hijau 7577,P-4FE4FF,Herbisida Metsulindo 20 WP Ukuran 100gr - Efektif kendalikan Gulma Muda,General,2,35526.0,IDR
ORD-86E14D76,2026-08-03,C-52664BC1,Koperasi Hijau 9777,P-41049F,Herbisida Metsulindo 20 WP Ukuran 250gr - Efektif kendalikan Gulma Muda,General,4,53947.0,IDR
ORD-8999EB0B,2026-08-03,C-57949488,Mitra Tani 7144,P-41049F,Herbisida Metsulindo 20 WP Ukuran 250gr - Efektif kendalikan Gulma Muda,General,1,53947.0,IDR
ORD-8A4AB9F9,2026-08-03,C-07A4DCF2,UD Agro 4978,P-2D0BC8,Herbisida Gramoxone 276 SL Kemasan 5 Liter - Parakuat Pembasmi Rumput Liar,General,1,381579.0,IDR
ORD-930BF5B4,2026-08-03,C-4CB0827E,Distributor Bibit 6158,P-41049F,Herbisida Metsulindo 20 WP Ukuran 250gr - Efektif kendalikan Gulma Muda,General,1,56164.0,IDR
ORD-94E3749A,2026-08-03,C-BCC98041,Koperasi Hijau 7177,P-F3E4E3,Herbisida Supretox 276 SL Kemasan 20 Liter - Herbisida Supretox 276 SL 20 Liter - Racun Rumput Parakuat Pembasmi Gulma Cepat Untuk Sawit,Racun,1,1363014.0,IDR
ORD-992C2617,2026-08-03,C-A2FAA74B,CV Kebun 1819,P-BC1FE5,MOP/KCL Canada Cap Mahkota 50kg,Pupuk,20,424000.0,IDR
ORD-9B5FD20B,2026-08-03,C-1686A7BB,CV Kebun 5515,P-05FE0B,Herbasida Garlon 670 EC Kemasan 100ml - Pembasmi Gulma Berkayu,Racun,5,58904.0,IDR
ORD-9F72BF4F,2026-08-03,C-0745C4FC,Toko Pupuk 9924,P-2A5326,RP Mahkota 50kg - Egypt,Pupuk Grosir,200,124656.0,IDR
ORD-A63233D2,2026-08-03,C-22136316,Distributor Bibit 7894,P-41049F,Herbisida Metsulindo 20 WP Ukuran 250gr - Efektif kendalikan Gulma Muda,General,1,53947.0,IDR
ORD-AD2439C4,2026-08-03,C-C185CA8F,Usaha Kebun 3831,P-41049F,Herbisida Metsulindo 20 WP Ukuran 250gr - Efektif kendalikan Gulma Muda,General,10,53947.0,IDR
ORD-B15502AF,2026-08-03,C-A6830007,Usaha Kebun 4079,P-BC1FE5,MOP/KCL Canada Cap Mahkota 50kg,Pupuk Grosir,200,415520.0,IDR
ORD-B7398963,2026-08-03,C-95D51ED6,Distributor Bibit 1246,P-BC1FE5,MOP/KCL Canada Cap Mahkota 50kg,Pupuk Grosir,400,415520.0,IDR
ORD-BA2F288A,2026-08-03,C-A2FAA74B,CV Kebun 1819,P-BC1FE5,MOP/KCL Canada Cap Mahkota 50kg,Pupuk Grosir,200,415520.0,IDR
ORD-BB49729B,2026-08-03,C-7061D29C,Toko Pupuk 5100,P-97F3A1,Herbisida Bom Up 520 SL Kemasan 1 Liter - Pembasmi Gulma dari Akar ke Daun,General,1,71053.0,IDR
ORD-BCC0FFF3,2026-08-03,C-DCAF7582,UD Agro 4402,P-41049F,Herbisida Metsulindo 20 WP Ukuran 250gr - Efektif kendalikan Gulma Muda,General,10,53947.0,IDR
ORD-C0A29758,2026-08-03,C-98D56A10,Mitra Tani 6152,P-E4C339,Herbisida Centatop 288 SL Kemasan 5 Liter - Herbisida Kontak Parakuat Pembasmi Gulma Cepat,General,1,340789.0,IDR
ORD-C21C2F7A,2026-08-03,C-0FBAED4C,Toko Pupuk 2684,P-BC1FE5,MOP/KCL Canada Cap Mahkota 50kg,Pupuk Grosir,200,415520.0,IDR
ORD-C7DB1965,2026-08-03,C-1509EF6C,Toko Pupuk 2652,P-DDE588,RP Mahkota 50kg - Peru,Pupuk Grosir,196,207760.0,IDR
ORD-C996AEB8,2026-08-03,C-0679B739,Koperasi Hijau 2057,P-6E74CB,Herbisida Bom Up 520 SL Kemasan 5 Liter - Pembasmi Gulma dari Akar ke Daun,General,1,355263.0,IDR
ORD-D3BF02F0,2026-08-03,C-A7B8A5B3,CV Kebun 2115,P-4D9CD6,ROUNDUP 486 SL (20 Liter) - Herbisida Sistemik Glifosat Tuntas,Racun,1,2054795.0,IDR
ORD-DAC77C98,2026-08-03,C-3138B115,Gapoktan 4933,P-05FE0B,Herbasida Garlon 670 EC Kemasan 100ml - Pembasmi Gulma Berkayu,Racun,1,56579.0,IDR
ORD-DF0CF7C6,2026-08-03,C-D3813D78,Mitra Tani 6456,P-6E74CB,Herbisida Bom Up 520 SL Kemasan 5 Liter - Pembasmi Gulma dari Akar ke Daun,General,2,355263.0,IDR
ORD-DF0CF7C6,2026-08-03,C-D3813D78,Mitra Tani 6456,P-E4C339,Herbisida Centatop 288 SL Kemasan 5 Liter - Herbisida Kontak Parakuat Pembasmi Gulma Cepat,General,1,340789.0,IDR
ORD-E191CFE0,2026-08-03,C-22136316,Distributor Bibit 7894,P-6E74CB,Herbisida Bom Up 520 SL Kemasan 5 Liter - Pembasmi Gulma dari Akar ke Daun,General,1,355263.0,IDR
ORD-E4B837E3,2026-08-03,C-CE703AE4,Toko Pupuk 1604,P-2A5326,RP Mahkota 50kg - Egypt,Pupuk,6,127200.0,IDR
ORD-E4B837E3,2026-08-03,C-CE703AE4,Toko Pupuk 1604,P-64CA8D,Dolomite M-100 50kg,Pupuk,8,53000.0,IDR
ORD-E4B837E3,2026-08-03,C-CE703AE4,Toko Pupuk 1604,P-BC1FE5,MOP/KCL Canada Cap Mahkota 50kg,Pupuk,2,424000.0,IDR
ORD-E4B837E3,2026-08-03,C-CE703AE4,Toko Pupuk 1604,P-C21693,ZA Cap Daun 50Kg,Pupuk,2,371000.0,IDR
ORD-E4B837E3,2026-08-03,C-CE703AE4,Toko Pupuk 1604,P-DDB457,NPK Mahkota 13-8-27-4 0.5 B 50kg,Pupuk,2,659850.0,IDR
ORD-EEF0A111,2026-08-03,C-CF4734B8,Mitra Tani 5264,P-97F3A1,Herbisida Bom Up 520 SL Kemasan 1 Liter - Pembasmi Gulma dari Akar ke Daun,General,2,73973.0,IDR
ORD-F000DEE9,2026-08-03,C-77269E2D,Gapoktan 3565,P-6E74CB,Herbisida Bom Up 520 SL Kemasan 5 Liter - Pembasmi Gulma dari Akar ke Daun,General,1,355263.0,IDR
ORD-06B64F47,2026-08-04,C-889C46D6,Distributor Bibit 4126,P-DDA2C3,"Pupuk Meroke Korn-Kali B (KKB) 50kg - Kalium, Magnesium & Sulfur Terbaik",Pupuk,1,718310.0,IDR
ORD-083C2E29,2026-08-04,C-C507E4DA,UD Agro 1890,P-F9D1EF,Herbisida Bom Up 520 SL Kemasan 20 Liter - Pembasmi Gulma dari Akar ke Daun,General,1,1368421.0,IDR
ORD-0D263940,2026-08-04,C-E21A11B4,Toko Pupuk 4284,P-41049F,Herbisida Metsulindo 20 WP Ukuran 250gr - Efektif kendalikan Gulma Muda,General,12,53947.0,IDR
ORD-0D7CFBB4,2026-08-04,C-EB4769DF,Usaha Kebun 7919,P-BC1FE5,MOP/KCL Canada Cap Mahkota 50kg,Pupuk Grosir,200,415520.0,IDR
ORD-0EFFEE5A,2026-08-04,C-12708538,Mitra Tani 8024,P-02E428,AC Powder AKP 50kg,Pupuk,100,233200.0,IDR
ORD-0EFFEE5A,2026-08-04,C-12708538,Mitra Tani 8024,P-BC1FE5,MOP/KCL Canada Cap Mahkota 50kg,Pupuk,100,424000.0,IDR
ORD-0FB8292B,2026-08-04,C-EB4769DF,Usaha Kebun 7919,P-BC1FE5,MOP/KCL Canada Cap Mahkota 50kg,Pupuk Grosir,400,415520.0,IDR
ORD-121A85F3,2026-08-04,C-BBBECB59,Koperasi Hijau 6289,P-97F3A1,Herbisida Bom Up 520 SL Kemasan 1 Liter - Pembasmi Gulma dari Akar ke Daun,General,2,71053.0,IDR
ORD-126CEA52,2026-08-04,C-4AD9FB57,Usaha Kebun 3639,P-05FE0B,Herbasida Garlon 670 EC Kemasan 100ml - Pembasmi Gulma Berkayu,Racun,10,58904.0,IDR
ORD-2354AAD8,2026-08-04,C-49AF2194,Toko Pupuk 2164,P-41049F,Herbisida Metsulindo 20 WP Ukuran 250gr - Efektif kendalikan Gulma Muda,General,1,53947.0,IDR
ORD-2354AAD8,2026-08-04,C-49AF2194,Toko Pupuk 2164,P-97F3A1,Herbisida Bom Up 520 SL Kemasan 1 Liter - Pembasmi Gulma dari Akar ke Daun,General,1,71053.0,IDR
ORD-2585F478,2026-08-04,C-A0D8B63F,Usaha Kebun 6991,P-4D9CD6,ROUNDUP 486 SL (20 Liter) - Herbisida Sistemik Glifosat Tuntas,Racun,1,2054795.0,IDR
ORD-275E244F,2026-08-04,C-C8382EF2,UD Agro 2234,P-F9D1EF,Herbisida Bom Up 520 SL Kemasan 20 Liter - Pembasmi Gulma dari Akar ke Daun,General,1,1368421.0,IDR
ORD-278F6419,2026-08-04,C-43B10056,Distributor Bibit 9430,P-6E74CB,Herbisida Bom Up 520 SL Kemasan 5 Liter - Pembasmi Gulma dari Akar ke Daun,General,3,355263.0,IDR
ORD-2A5AD31D,2026-08-04,C-3F095953,CV Kebun 6299,P-2D0BC8,Herbisida Gramoxone 276 SL Kemasan 5 Liter - Parakuat Pembasmi Rumput Liar,General,1,381579.0,IDR
ORD-2A5AD31D,2026-08-04,C-3F095953,CV Kebun 6299,P-97F3A1,Herbisida Bom Up 520 SL Kemasan 1 Liter - Pembasmi Gulma dari Akar ke Daun,General,1,71053.0,IDR
ORD-342AF96A,2026-08-04,C-FE4CE038,Mitra Tani 2000,P-4FE4FF,Herbisida Metsulindo 20 WP Ukuran 100gr - Efektif kendalikan Gulma Muda,General,2,35526.0,IDR
ORD-343C65D0,2026-08-04,C-FF026D87,Usaha Kebun 2191,P-4FE4FF,Herbisida Metsulindo 20 WP Ukuran 100gr - Efektif kendalikan Gulma Muda,General,1,35526.0,IDR
ORD-3A10AFBF,2026-08-04,C-461764AB,CV Kebun 8219,P-41049F,Herbisida Metsulindo 20 WP Ukuran 250gr - Efektif kendalikan Gulma Muda,General,10,53947.0,IDR
ORD-3EB302E4,2026-08-04,C-17D9CEAB,CV Kebun 2187,P-41049F,Herbisida Metsulindo 20 WP Ukuran 250gr - Efektif kendalikan Gulma Muda,General,4,53947.0,IDR
ORD-4028D406,2026-08-04,C-40A05E2E,Distributor Bibit 4694,P-BC1FE5,MOP/KCL Canada Cap Mahkota 50kg,Pupuk Grosir,400,415520.0,IDR
ORD-41C25437,2026-08-04,C-B74493CB,CV Kebun 1811,P-101D4A,Triester 670 EC 100 ml - Herbisida Khusus Pembasmi Semak & Gulma Berkayu,Racun,1,42763.0,IDR
ORD-41C25437,2026-08-04,C-B74493CB,CV Kebun 1811,P-6E74CB,Herbisida Bom Up 520 SL Kemasan 5 Liter - Pembasmi Gulma dari Akar ke Daun,General,1,355263.0,IDR
ORD-422D2399,2026-08-04,C-603A9518,Mitra Tani 5992,P-41049F,Herbisida Metsulindo 20 WP Ukuran 250gr - Efektif kendalikan Gulma Muda,General,8,56164.0,IDR
ORD-436CED1C,2026-08-04,C-16E856C0,Mitra Tani 8312,P-41049F,Herbisida Metsulindo 20 WP Ukuran 250gr - Efektif kendalikan Gulma Muda,General,3,53947.0,IDR
ORD-445E72E7,2026-08-04,C-97D6AD09,Koperasi Hijau 6617,P-BC1FE5,MOP/KCL Canada Cap Mahkota 50kg,Pupuk Grosir,700,415520.0,IDR
ORD-49B7FC82,2026-08-04,C-22D47DCE,Distributor Bibit 9182,P-6E74CB,Herbisida Bom Up 520 SL Kemasan 5 Liter - Pembasmi Gulma dari Akar ke Daun,General,1,355263.0,IDR
ORD-4A26BFF2,2026-08-04,C-40A05E2E,Distributor Bibit 4694,P-DDE588,RP Mahkota 50kg - Peru,Pupuk Grosir,200,207760.0,IDR
ORD-4AA21847,2026-08-04,C-0544CC4C,Toko Pupuk 6828,P-385FCB,Herbisida Gramoxone 276 SL Kemasan 1 Liter - Parakuat Pembasmi Rumput Liar,General,1,89041.0,IDR
ORD-4ADFA648,2026-08-04,C-8D38BE41,Koperasi Hijau 3177,P-C21693,ZA Cap Daun 50Kg,Pupuk Grosir,200,363580.0,IDR
ORD-4E69296B,2026-08-04,C-8E1AD0C1,Koperasi Hijau 5049,P-41049F,Herbisida Metsulindo 20 WP Ukuran 250gr - Efektif kendalikan Gulma Muda,General,3,53947.0,IDR
ORD-5172F36E,2026-08-04,C-EB4769DF,Usaha Kebun 7919,P-2A5326,RP Mahkota 50kg - Egypt,Pupuk Grosir,200,124656.0,IDR
ORD-52ABE2CF,2026-08-04,C-978C2A0F,Usaha Kebun 1423,P-8F2624,Langganan Laporan FFB - 4 Mills Yearly,General,1,2400000.0,IDR
ORD-54119C1F,2026-08-04,C-88E6EE36,Distributor Bibit 9638,P-B1C447,Dokter Sawit Uji Hara Lengkap (Daun dan Tanah) + Rekomendasi,Layanan Agronomi,1,1599000.0,IDR
ORD-57649CEE,2026-08-04,C-14CCC23D,Gapoktan 7389,P-2D0BC8,Herbisida Gramoxone 276 SL Kemasan 5 Liter - Parakuat Pembasmi Rumput Liar,General,1,381579.0,IDR
ORD-5E9CAA64,2026-08-04,C-342F60DB,CV Kebun 1219,P-BC1FE5,MOP/KCL Canada Cap Mahkota 50kg,Pupuk Grosir,1320,415520.0,IDR
ORD-60FA95C0,2026-08-04,C-1C8D6E34,Toko Pupuk 6836,P-5A9662,ROUNDUP 486 SL (4 Liter) - Herbisida Sistemik Glifosat Tuntas,Racun,1,447368.0,IDR
ORD-6D5B2B4C,2026-08-04,C-FC837952,UD Agro 4706,P-97F3A1,Herbisida Bom Up 520 SL Kemasan 1 Liter - Pembasmi Gulma dari Akar ke Daun,General,1,73973.0,IDR
ORD-6EC914AE,2026-08-04,C-BFAA7846,Distributor Bibit 2166,P-10ABDD,Herbisida Gramoxone 276 SL Kemasan 20 Liter - Parakuat Pembasmi Rumput Liar,General,1,1302632.0,IDR
ORD-72B45E8E,2026-08-04,C-FC0F1D4C,Toko Pupuk 1972,P-BC1FE5,MOP/KCL Canada Cap Mahkota 50kg,Pupuk Grosir,200,415520.0,IDR
ORD-780BA5DD,2026-08-04,C-688B650E,Distributor Bibit 1838,P-2D0BC8,Herbisida Gramoxone 276 SL Kemasan 5 Liter - Parakuat Pembasmi Rumput Liar,General,1,381579.0,IDR
ORD-78668D14,2026-08-04,C-5A84E860,Mitra Tani 9680,P-DA0BCA,MOP/KCL Mentari 50kg,Toling,56,408768.0,IDR
ORD-8E10F9C2,2026-08-04,C-DEA84ACE,Distributor Bibit 5150,P-41049F,Herbisida Metsulindo 20 WP Ukuran 250gr - Efektif kendalikan Gulma Muda,General,3,53947.0,IDR
ORD-955E4EC5,2026-08-04,C-C81AE07C,Toko Pupuk 7604,P-BEDEAF,Herbisida Bablass 490 SL Kemasan 5 Liter - Pembasmi Gulma dari Akar ke Daun,General,1,355263.0,IDR
ORD-99219289,2026-08-04,C-8C2716F0,Mitra Tani 6016,P-05FE0B,Herbasida Garlon 670 EC Kemasan 100ml - Pembasmi Gulma Berkayu,Racun,1,58904.0,IDR
ORD-A00C5278,2026-08-04,C-724BE99B,CV Kebun 2627,P-4D9CD6,ROUNDUP 486 SL (20 Liter) - Herbisida Sistemik Glifosat Tuntas,Racun,1,2054795.0,IDR
ORD-B2EFA31E,2026-08-04,C-EB4769DF,Usaha Kebun 7919,P-2A5326,RP Mahkota 50kg - Egypt,Pupuk Grosir,200,124656.0,IDR
ORD-B9E722CA,2026-08-04,C-6AAFD3EA,UD Agro 6946,P-BEDEAF,Herbisida Bablass 490 SL Kemasan 5 Liter - Pembasmi Gulma dari Akar ke Daun,General,1,355263.0,IDR
ORD-BD8714A9,2026-08-04,C-C5E07265,Gapoktan 9901,P-28A54F,Turmadan 328 SL 1 Liter - Herbisida Parakuat Pembasmi Gulma Super Cepat,Racun,1,85526.0,IDR
ORD-BD8714A9,2026-08-04,C-C5E07265,Gapoktan 9901,P-97F3A1,Herbisida Bom Up 520 SL Kemasan 1 Liter - Pembasmi Gulma dari Akar ke Daun,General,1,71053.0,IDR
ORD-BE23AD10,2026-08-04,C-6CCED1AF,Usaha Kebun 6423,P-41049F,Herbisida Metsulindo 20 WP Ukuran 250gr - Efektif kendalikan Gulma Muda,General,1,53947.0,IDR
ORD-BE23AD10,2026-08-04,C-6CCED1AF,Usaha Kebun 6423,P-97F3A1,Herbisida Bom Up 520 SL Kemasan 1 Liter - Pembasmi Gulma dari Akar ke Daun,General,3,71053.0,IDR
ORD-C0F6266E,2026-08-04,C-2BA382E3,CV Kebun 5163,P-41049F,Herbisida Metsulindo 20 WP Ukuran 250gr - Efektif kendalikan Gulma Muda,General,1,56164.0,IDR
ORD-C7B51384,2026-08-04,C-FF026D87,Usaha Kebun 2191,P-05FE0B,Herbasida Garlon 670 EC Kemasan 100ml - Pembasmi Gulma Berkayu,Racun,1,56579.0,IDR
ORD-CA09E4D1,2026-08-04,C-6BA9F540,Mitra Tani 1480,P-BC1FE5,MOP/KCL Canada Cap Mahkota 50kg,Pupuk Grosir,200,415520.0,IDR
ORD-CA9D29E1,2026-08-04,C-A1DABB5F,Usaha Kebun 5591,P-6E74CB,Herbisida Bom Up 520 SL Kemasan 5 Liter - Pembasmi Gulma dari Akar ke Daun,General,1,355263.0,IDR
ORD-CD491062,2026-08-04,C-EEA353BE,Distributor Bibit 5214,P-5A9662,ROUNDUP 486 SL (4 Liter) - Herbisida Sistemik Glifosat Tuntas,Racun,1,447368.0,IDR
ORD-D07E4653,2026-08-04,C-425D1985,Gapoktan 8637,P-F9D1EF,Herbisida Bom Up 520 SL Kemasan 20 Liter - Pembasmi Gulma dari Akar ke Daun,General,1,1368421.0,IDR
ORD-DEB7DD1A,2026-08-04,C-1F3E5059,Koperasi Hijau 9497,P-FCD235,Herbasida Garlon 670 EC Kemasan 1 Liter - Pembasmi Gulma Berkayu,General,1,431507.0,IDR
ORD-E9354389,2026-08-04,C-AAC3B36D,Gapoktan 1173,P-E4C339,Herbisida Centatop 288 SL Kemasan 5 Liter - Herbisida Kontak Parakuat Pembasmi Gulma Cepat,General,1,340789.0,IDR
ORD-E94760CA,2026-08-04,C-F1781E71,Koperasi Hijau 3169,P-41049F,Herbisida Metsulindo 20 WP Ukuran 250gr - Efektif kendalikan Gulma Muda,General,1,53947.0,IDR
ORD-00DD8E9E,2026-08-05,C-C6E1FB69,Koperasi Hijau 3729,P-41049F,Herbisida Metsulindo 20 WP Ukuran 250gr - Efektif kendalikan Gulma Muda,General,6,53947.0,IDR
ORD-05F1ECDE,2026-08-05,C-17FA8E19,Koperasi Hijau 6345,P-05FE0B,Herbasida Garlon 670 EC Kemasan 100ml - Pembasmi Gulma Berkayu,Racun,1,58904.0,IDR
ORD-09F1A51D,2026-08-05,C-91DB7EB9,Koperasi Hijau 9145,P-6E74CB,Herbisida Bom Up 520 SL Kemasan 5 Liter - Pembasmi Gulma dari Akar ke Daun,General,1,355263.0,IDR
ORD-0A2E7C95,2026-08-05,C-93A782AD,Gapoktan 6717,P-385FCB,Herbisida Gramoxone 276 SL Kemasan 1 Liter - Parakuat Pembasmi Rumput Liar,General,1,89041.0,IDR
ORD-0CB36678,2026-08-05,C-552CF6E2,UD Agro 9146,P-AE5582,Bom Up 520 SL - 20 Liter,Khusus Petani,2,1058304.0,IDR
ORD-12B7C227,2026-08-05,C-9EBF409C,Toko Pupuk 1044,P-41049F,Herbisida Metsulindo 20 WP Ukuran 250gr - Efektif kendalikan Gulma Muda,General,1,53947.0,IDR
ORD-148E8346,2026-08-05,C-6AB778B5,Gapoktan 3885,P-2D0BC8,Herbisida Gramoxone 276 SL Kemasan 5 Liter - Parakuat Pembasmi Rumput Liar,General,1,381579.0,IDR
ORD-178E4DAF,2026-08-05,C-BF162E6A,UD Agro 3930,P-2D0BC8,Herbisida Gramoxone 276 SL Kemasan 5 Liter - Parakuat Pembasmi Rumput Liar,General,1,381579.0,IDR
ORD-1A3D2F90,2026-08-05,C-ACB07BCE,Distributor Bibit 4182,P-F9D1EF,Herbisida Bom Up 520 SL Kemasan 20 Liter - Pembasmi Gulma dari Akar ke Daun,General,1,1368421.0,IDR
ORD-20867DF7,2026-08-05,C-F4975FF4,Toko Pupuk 3204,P-41049F,Herbisida Metsulindo 20 WP Ukuran 250gr - Efektif kendalikan Gulma Muda,General,1,53947.0,IDR
ORD-27A1AA05,2026-08-05,C-35BF7B8D,Gapoktan 5453,P-BEDEAF,Herbisida Bablass 490 SL Kemasan 5 Liter - Pembasmi Gulma dari Akar ke Daun,General,1,355263.0,IDR
ORD-2D979E7E,2026-08-05,C-26D54A9A,UD Agro 3474,P-F9D1EF,Herbisida Bom Up 520 SL Kemasan 20 Liter - Pembasmi Gulma dari Akar ke Daun,General,1,1368421.0,IDR
ORD-2E1ACE7F,2026-08-05,C-8010030B,CV Kebun 9003,P-3630B1,Minyak Goreng 1 Liter - Minyak Hemat Petani Hebat,Minyak Hemat,2,21000.0,IDR
ORD-39DA15BF,2026-08-05,C-A2073337,Usaha Kebun 3855,P-28A54F,Turmadan 328 SL 1 Liter - Herbisida Parakuat Pembasmi Gulma Super Cepat,Racun,1,85526.0,IDR
ORD-3AA0F477,2026-08-05,C-D38CF466,Distributor Bibit 9182,P-97F3A1,Herbisida Bom Up 520 SL Kemasan 1 Liter - Pembasmi Gulma dari Akar ke Daun,General,2,71053.0,IDR
ORD-4014F262,2026-08-05,C-282DCC84,Toko Pupuk 9116,P-BEDEAF,Herbisida Bablass 490 SL Kemasan 5 Liter - Pembasmi Gulma dari Akar ke Daun,General,1,355263.0,IDR
ORD-47B17B54,2026-08-05,C-E13C2DFB,CV Kebun 6531,P-6E74CB,Herbisida Bom Up 520 SL Kemasan 5 Liter - Pembasmi Gulma dari Akar ke Daun,General,1,355263.0,IDR
ORD-4E260E1E,2026-08-05,C-708D42A5,Gapoktan 7829,P-6E74CB,Herbisida Bom Up 520 SL Kemasan 5 Liter - Pembasmi Gulma dari Akar ke Daun,General,1,355263.0,IDR
ORD-4FF777A0,2026-08-05,C-C2E42D33,CV Kebun 7683,P-2D0BC8,Herbisida Gramoxone 276 SL Kemasan 5 Liter - Parakuat Pembasmi Rumput Liar,General,1,381579.0,IDR
ORD-52CDEDD9,2026-08-05,C-9D8DC755,Gapoktan 6517,P-05FE0B,Herbasida Garlon 670 EC Kemasan 100ml - Pembasmi Gulma Berkayu,Racun,1,58904.0,IDR
ORD-56239FA1,2026-08-05,C-B73CE75D,Gapoktan 2917,P-41049F,Herbisida Metsulindo 20 WP Ukuran 250gr - Efektif kendalikan Gulma Muda,General,10,56164.0,IDR
ORD-56327061,2026-08-05,C-EA1FACE2,UD Agro 3418,P-8EDE19,RP AKP 50kg,Pupuk Grosir,200,140238.0,IDR
ORD-5CC76CBE,2026-08-05,C-A779A026,Distributor Bibit 2926,P-5A9662,ROUNDUP 486 SL (4 Liter) - Herbisida Sistemik Glifosat Tuntas,Racun,2,447368.0,IDR
ORD-5E9B4C6C,2026-08-05,C-8E84CAD3,CV Kebun 2347,P-BEDEAF,Herbisida Bablass 490 SL Kemasan 5 Liter - Pembasmi Gulma dari Akar ke Daun,General,1,355263.0,IDR
ORD-60D8E1BD,2026-08-05,C-B83BFA03,CV Kebun 6371,P-BEDEAF,Herbisida Bablass 490 SL Kemasan 5 Liter - Pembasmi Gulma dari Akar ke Daun,General,4,355263.0,IDR
ORD-6E075B21,2026-08-05,C-A24CF0AC,Toko Pupuk 2340,P-ADBBD0,RP Cap Daun 50Kg,Khusus Petani,55,124656.0,IDR
ORD-6E075B21,2026-08-05,C-A24CF0AC,Toko Pupuk 2340,P-AE5582,Bom Up 520 SL - 20 Liter,Racun,1,1102400.0,IDR
ORD-6E075B21,2026-08-05,C-A24CF0AC,Toko Pupuk 2340,P-BC1FE5,MOP/KCL Canada Cap Mahkota 50kg,Khusus Petani,43,407040.0,IDR
ORD-6E075B21,2026-08-05,C-A24CF0AC,Toko Pupuk 2340,P-C21693,ZA Cap Daun 50kg,Khusus Petani,55,356160.0,IDR
ORD-6F2B0369,2026-08-05,C-5151EC6E,Distributor Bibit 5438,P-BEDEAF,Herbisida Bablass 490 SL Kemasan 5 Liter - Pembasmi Gulma dari Akar ke Daun,General,1,355263.0,IDR
ORD-7784465B,2026-08-05,C-842B7536,Distributor Bibit 3566,P-FCD235,Herbasida Garlon 670 EC Kemasan 1 Liter - Pembasmi Gulma Berkayu,General,1,414474.0,IDR
ORD-7CA280A6,2026-08-05,C-B5366E26,Distributor Bibit 8238,P-2D0BC8,Herbisida Gramoxone 276 SL Kemasan 5 Liter - Parakuat Pembasmi Rumput Liar,General,1,381579.0,IDR
ORD-80DCC5B4,2026-08-05,C-DBDF81FF,Usaha Kebun 2111,P-FCD235,Herbasida Garlon 670 EC Kemasan 1 Liter - Pembasmi Gulma Berkayu,General,1,414474.0,IDR
ORD-81E58590,2026-08-05,C-05F6DFCD,Gapoktan 4229,P-6E74CB,Herbisida Bom Up 520 SL Kemasan 5 Liter - Pembasmi Gulma dari Akar ke Daun,General,1,355263.0,IDR
ORD-86B66FF4,2026-08-05,C-16684B12,UD Agro 4714,P-05FE0B,Herbasida Garlon 670 EC Kemasan 100ml - Pembasmi Gulma Berkayu,Racun,1,58904.0,IDR
ORD-8BCA10DD,2026-08-05,C-3745AB4F,Usaha Kebun 7719,P-BEDEAF,Herbisida Bablass 490 SL Kemasan 5 Liter - Pembasmi Gulma dari Akar ke Daun,General,1,355263.0,IDR
ORD-8C082FF1,2026-08-05,C-8F1580E6,Distributor Bibit 9142,P-6E74CB,Herbisida Bom Up 520 SL Kemasan 5 Liter - Pembasmi Gulma dari Akar ke Daun,General,1,355263.0,IDR
ORD-8F7674AD,2026-08-05,C-CA945EAC,Toko Pupuk 7196,P-05FE0B,Herbasida Garlon 670 EC Kemasan 100ml - Pembasmi Gulma Berkayu,Racun,1,58904.0,IDR
ORD-92BD0EFC,2026-08-05,C-4BB40310,Mitra Tani 9464,P-97F3A1,Herbisida Bom Up 520 SL Kemasan 1 Liter - Pembasmi Gulma dari Akar ke Daun,General,1,71053.0,IDR
ORD-99156A66,2026-08-05,C-EA85226B,CV Kebun 1643,P-4FE4FF,Herbisida Metsulindo 20 WP Ukuran 100gr - Efektif kendalikan Gulma Muda,General,2,35526.0,IDR
ORD-A03AD264,2026-08-05,C-0967CE6E,Distributor Bibit 1998,P-41049F,Herbisida Metsulindo 20 WP Ukuran 250gr - Efektif kendalikan Gulma Muda,General,2,53947.0,IDR
ORD-A03AD264,2026-08-05,C-0967CE6E,Distributor Bibit 1998,P-F9D1EF,Herbisida Bom Up 520 SL Kemasan 20 Liter - Pembasmi Gulma dari Akar ke Daun,General,1,1368421.0,IDR
ORD-A20B7D84,2026-08-05,C-2DA1F040,Mitra Tani 3520,P-6E74CB,Herbisida Bom Up 520 SL Kemasan 5 Liter - Pembasmi Gulma dari Akar ke Daun,General,1,355263.0,IDR
ORD-A31DBDA6,2026-08-05,C-CE58BF59,Koperasi Hijau 1649,P-41049F,Herbisida Metsulindo 20 WP Ukuran 250gr - Efektif kendalikan Gulma Muda,General,1,53947.0,IDR
ORD-A3B4B2B3,2026-08-05,C-5D0783BA,UD Agro 3562,P-8E4F1B,Dokter Sawit WhatsApp Group,Layanan Agronomi,1,100000.0,IDR
ORD-ABF6136B,2026-08-05,C-8D17335A,UD Agro 9930,P-6E74CB,Herbisida Bom Up 520 SL Kemasan 5 Liter - Pembasmi Gulma dari Akar ke Daun,General,1,355263.0,IDR
ORD-ACA646BA,2026-08-05,C-70C55F62,UD Agro 4202,P-FCD235,Herbasida Garlon 670 EC Kemasan 1 Liter - Pembasmi Gulma Berkayu,General,1,431507.0,IDR
ORD-ACEBC026,2026-08-05,C-DCAD713B,CV Kebun 7235,P-BEDEAF,Herbisida Bablass 490 SL Kemasan 5 Liter - Pembasmi Gulma dari Akar ke Daun,General,2,355263.0,IDR
ORD-ACEBC026,2026-08-05,C-DCAD713B,CV Kebun 7235,P-FCD235,Herbasida Garlon 670 EC Kemasan 1 Liter - Pembasmi Gulma Berkayu,General,1,414474.0,IDR
ORD-AFD0E91C,2026-08-05,C-6F216D89,Koperasi Hijau 4705,P-6E74CB,Herbisida Bom Up 520 SL Kemasan 5 Liter - Pembasmi Gulma dari Akar ke Daun,General,2,355263.0,IDR
ORD-B7600BD6,2026-08-05,C-60A09B02,UD Agro 5178,P-4FE4FF,Herbisida Metsulindo 20 WP Ukuran 100gr - Efektif kendalikan Gulma Muda,General,3,35526.0,IDR
ORD-B82614AE,2026-08-05,C-40CBBDEC,Toko Pupuk 3252,P-F9D1EF,Herbisida Bom Up 520 SL Kemasan 20 Liter - Pembasmi Gulma dari Akar ke Daun,General,1,1368421.0,IDR
ORD-BA9309FF,2026-08-05,C-60F0C50D,Gapoktan 2821,P-6E74CB,Herbisida Bom Up 520 SL Kemasan 5 Liter - Pembasmi Gulma dari Akar ke Daun,General,1,355263.0,IDR
ORD-BDB3BFB3,2026-08-05,C-40CBBDEC,Toko Pupuk 3252,P-41049F,Herbisida Metsulindo 20 WP Ukuran 250gr - Efektif kendalikan Gulma Muda,General,1,53947.0,IDR
ORD-C8988F01,2026-08-05,C-137629A8,Mitra Tani 1016,P-2D0BC8,Herbisida Gramoxone 276 SL Kemasan 5 Liter - Parakuat Pembasmi Rumput Liar,General,1,381579.0,IDR
ORD-D02A2EE0,2026-08-05,C-702D5B5E,Distributor Bibit 4702,P-55407F,Herbisida Sistemik Elang 480 SL Kemasan 4 Liter - Pembasmi Gulma dari Akar ke Daun,General,1,322367.0,IDR
ORD-D3D261ED,2026-08-05,C-9809AA4C,Toko Pupuk 9252,P-10ABDD,Herbisida Gramoxone 276 SL Kemasan 20 Liter - Parakuat Pembasmi Rumput Liar,General,1,1302632.0,IDR
ORD-D89CEA4D,2026-08-05,C-B5FF537C,Toko Pupuk 7148,P-3CD922,Herbisida Sistemik Elang 480 SL Kemasan 20 Liter - Pembasmi Gulma dari Akar ke Daun,General,1,1250007.0,IDR
ORD-DA9671AC,2026-08-05,C-9D6655AC,Toko Pupuk 4516,P-BC1FE5,MOP/KCL Canada Cap Mahkota 50kg,Pupuk Grosir,400,415520.0,IDR
ORD-DB3F4197,2026-08-05,C-1526C851,Koperasi Hijau 3185,P-F9D1EF,Herbisida Bom Up 520 SL Kemasan 20 Liter - Pembasmi Gulma dari Akar ke Daun,General,1,1368421.0,IDR
ORD-DC6E83A3,2026-08-05,C-FDA13994,Toko Pupuk 2684,P-F9D1EF,Herbisida Bom Up 520 SL Kemasan 20 Liter - Pembasmi Gulma dari Akar ke Daun,General,1,1368421.0,IDR
ORD-E016322C,2026-08-05,C-6E319023,CV Kebun 7923,P-6E74CB,Herbisida Bom Up 520 SL Kemasan 5 Liter - Pembasmi Gulma dari Akar ke Daun,General,1,355263.0,IDR
ORD-E4D9B5F2,2026-08-05,C-7CFBD32F,Usaha Kebun 5383,P-41049F,Herbisida Metsulindo 20 WP Ukuran 250gr - Efektif kendalikan Gulma Muda,General,5,53947.0,IDR
ORD-E592D15D,2026-08-05,C-52BA4148,Mitra Tani 4120,P-BC1FE5,MOP/KCL Canada Cap Mahkota 50kg,Khusus Petani,100,407040.0,IDR
ORD-E869EE5B,2026-08-05,C-F0B65405,Gapoktan 1901,P-41049F,Herbisida Metsulindo 20 WP Ukuran 250gr - Efektif kendalikan Gulma Muda,General,10,53947.0,IDR
ORD-F1CE5CE6,2026-08-05,C-C718D908,Mitra Tani 8408,P-6E74CB,Herbisida Bom Up 520 SL Kemasan 5 Liter - Pembasmi Gulma dari Akar ke Daun,General,2,355263.0,IDR
ORD-F9ECC0AE,2026-08-05,C-237639CB,CV Kebun 6603,P-6E74CB,Herbisida Bom Up 520 SL Kemasan 5 Liter - Pembasmi Gulma dari Akar ke Daun,General,1,355263.0,IDR
ORD-FFFC2239,2026-08-05,C-B6A490C8,Mitra Tani 9280,P-6E74CB,Herbisida Bom Up 520 SL Kemasan 5 Liter - Pembasmi Gulma dari Akar ke Daun,General,1,355263.0,IDR
ORD-0C51A7FD,2026-08-06,C-60CB2BE9,Koperasi Hijau 4785,P-BEDEAF,Herbisida Bablass 490 SL Kemasan 5 Liter - Pembasmi Gulma dari Akar ke Daun,General,1,355263.0,IDR
ORD-0E9DCCD4,2026-08-06,C-4D005541,Koperasi Hijau 8457,P-2D0BC8,Herbisida Gramoxone 276 SL Kemasan 5 Liter - Parakuat Pembasmi Rumput Liar,General,1,381579.0,IDR
ORD-112D3685,2026-08-06,C-EEE0DD89,Koperasi Hijau 6185,P-B1C447,Dokter Sawit Uji Hara Lengkap (Daun dan Tanah) + Rekomendasi,Layanan Agronomi,1,1599000.0,IDR
ORD-1258D425,2026-08-06,C-98934FF0,Mitra Tani 3088,P-41049F,Herbisida Metsulindo 20 WP Ukuran 250gr - Efektif kendalikan Gulma Muda,General,1,56164.0,IDR
ORD-1258D425,2026-08-06,C-98934FF0,Mitra Tani 3088,P-FCD235,Herbasida Garlon 670 EC Kemasan 1 Liter - Pembasmi Gulma Berkayu,General,1,431507.0,IDR
ORD-1600949A,2026-08-06,C-6B384354,Toko Pupuk 2364,P-A1BDE2,Herbisida Bablass 490 SL Kemasan 1 Liter - Pembasmi Gulma dari Akar ke Daun,General,1,76316.0,IDR
ORD-1A043CAD,2026-08-06,C-6DA54229,Koperasi Hijau 1921,P-B2BB93,Benih Sawit Topaz 1-3 Seri 4 (100 butir),Benih,3,950000.0,IDR
ORD-1D0B6C4E,2026-08-06,C-9FFC9F46,Distributor Bibit 1190,P-41049F,Herbisida Metsulindo 20 WP Ukuran 250gr - Efektif kendalikan Gulma Muda,General,1,53947.0,IDR
ORD-1EC28E49,2026-08-06,C-AE1929D0,Mitra Tani 7688,P-05FE0B,Herbasida Garlon 670 EC Kemasan 100ml - Pembasmi Gulma Berkayu,Racun,1,58904.0,IDR
ORD-200AD259,2026-08-06,C-4F206836,Distributor Bibit 6894,P-385FCB,Herbisida Gramoxone 276 SL Kemasan 1 Liter - Parakuat Pembasmi Rumput Liar,General,2,85526.0,IDR
ORD-224DCCE6,2026-08-06,C-92F846AA,UD Agro 6554,P-B2BB93,Benih Sawit Topaz 1-3 Seri 4 (100 butir),Benih,10,950000.0,IDR
ORD-2F619E7F,2026-08-06,C-47DD3894,Toko Pupuk 5276,P-41049F,Herbisida Metsulindo 20 WP Ukuran 250gr - Efektif kendalikan Gulma Muda,General,2,53947.0,IDR
ORD-3307348D,2026-08-06,C-73C585D2,UD Agro 8690,P-2D0BC8,Herbisida Gramoxone 276 SL Kemasan 5 Liter - Parakuat Pembasmi Rumput Liar,General,1,381579.0,IDR
ORD-4C21A10F,2026-08-06,C-1AB6E737,Usaha Kebun 4359,P-6E74CB,Herbisida Bom Up 520 SL Kemasan 5 Liter - Pembasmi Gulma dari Akar ke Daun,General,1,355263.0,IDR
ORD-4C2F1D71,2026-08-06,C-A3492D12,UD Agro 8874,P-2A5326,RP Mahkota 50kg - Egypt,Pupuk Grosir,1000,124656.0,IDR
ORD-4CECFE73,2026-08-06,C-B3A28D83,CV Kebun 8723,P-FCD235,Herbasida Garlon 670 EC Kemasan 1 Liter - Pembasmi Gulma Berkayu,General,1,414474.0,IDR
ORD-4EF49ED1,2026-08-06,C-8EF4D886,Distributor Bibit 1886,P-02E428,AC Powder AKP 50kg,Toling,60,228536.0,IDR
ORD-536848EA,2026-08-06,C-36655AB9,Koperasi Hijau 4025,P-FCD235,Herbasida Garlon 670 EC Kemasan 1 Liter - Pembasmi Gulma Berkayu,General,1,414474.0,IDR
ORD-5C49875D,2026-08-06,C-FD808D7A,UD Agro 3474,P-B2BB93,Benih Sawit Topaz 1-3 Seri 4 (100 butir),Benih,10,950000.0,IDR
ORD-6576EDD4,2026-08-06,C-4B2D9CF9,Koperasi Hijau 3505,P-41049F,Herbisida Metsulindo 20 WP Ukuran 250gr - Efektif kendalikan Gulma Muda,General,10,53947.0,IDR
ORD-6A28B046,2026-08-06,C-9D7F4A69,Koperasi Hijau 2033,P-B2BB93,Benih Sawit Topaz 1-3 Seri 4 (100 butir),Benih,5,950000.0,IDR
ORD-6CA01C52,2026-08-06,C-24428A4E,Distributor Bibit 4558,P-6E74CB,Herbisida Bom Up 520 SL Kemasan 5 Liter - Pembasmi Gulma dari Akar ke Daun,General,1,355263.0,IDR
ORD-70438B79,2026-08-06,C-732E314E,Distributor Bibit 9118,P-2A5326,RP Mahkota 50kg - Egypt,Pupuk Grosir,200,124656.0,IDR
ORD-7AE866B2,2026-08-06,C-20AD875E,Distributor Bibit 9294,P-BEDEAF,Herbisida Bablass 490 SL Kemasan 5 Liter - Pembasmi Gulma dari Akar ke Daun,General,1,355263.0,IDR
ORD-7D776DB7,2026-08-06,C-75A9C3BF,Usaha Kebun 9967,P-6E74CB,Herbisida Bom Up 520 SL Kemasan 5 Liter - Pembasmi Gulma dari Akar ke Daun,General,1,355263.0,IDR
ORD-7E5F5E89,2026-08-06,C-E71FE233,CV Kebun 4419,P-41049F,Herbisida Metsulindo 20 WP Ukuran 250gr - Efektif kendalikan Gulma Muda,General,1,56164.0,IDR
ORD-82B880D3,2026-08-06,C-3323C7BD,Gapoktan 4909,P-BC1FE5,MOP/KCL Canada Cap Mahkota 50kg,Pupuk Grosir,200,415520.0,IDR
ORD-842B8C98,2026-08-06,C-FB739150,Mitra Tani 5056,P-41049F,Herbisida Metsulindo 20 WP Ukuran 250gr - Efektif kendalikan Gulma Muda,General,1,53947.0,IDR
ORD-89BC03AD,2026-08-06,C-92BB5812,UD Agro 9314,P-41049F,Herbisida Metsulindo 20 WP Ukuran 250gr - Efektif kendalikan Gulma Muda,General,1,56164.0,IDR
ORD-89BC03AD,2026-08-06,C-92BB5812,UD Agro 9314,P-FCD235,Herbasida Garlon 670 EC Kemasan 1 Liter - Pembasmi Gulma Berkayu,General,1,431507.0,IDR
ORD-90B8927E,2026-08-06,C-CE5A2934,Toko Pupuk 4284,P-6E74CB,Herbisida Bom Up 520 SL Kemasan 5 Liter - Pembasmi Gulma dari Akar ke Daun,General,1,355263.0,IDR
ORD-968DA933,2026-08-06,C-18EC311A,UD Agro 2250,P-05FE0B,Herbasida Garlon 670 EC Kemasan 100ml - Pembasmi Gulma Berkayu,Racun,1,56579.0,IDR
ORD-96C28DF1,2026-08-06,C-2C264709,Koperasi Hijau 7057,P-2A5326,RP Mahkota 50kg - Egypt,Pupuk Grosir,600,124656.0,IDR
ORD-98E89546,2026-08-06,C-E3CC3CF8,Mitra Tani 8984,P-4D9CD6,ROUNDUP 486 SL (20 Liter) - Herbisida Sistemik Glifosat Tuntas,Racun,1,2054795.0,IDR
ORD-A237488B,2026-08-06,C-871E329A,UD Agro 2194,P-41049F,Herbisida Metsulindo 20 WP Ukuran 250gr - Efektif kendalikan Gulma Muda,General,1,56164.0,IDR
ORD-AB0262E1,2026-08-06,C-7AAE7AB8,Mitra Tani 1032,P-97F3A1,Herbisida Bom Up 520 SL Kemasan 1 Liter - Pembasmi Gulma dari Akar ke Daun,General,2,71053.0,IDR
ORD-BBA47592,2026-08-06,C-637B6CEA,UD Agro 2194,P-6E74CB,Herbisida Bom Up 520 SL Kemasan 5 Liter - Pembasmi Gulma dari Akar ke Daun,General,1,355263.0,IDR
ORD-BCE6C413,2026-08-06,C-E28392FF,Usaha Kebun 6663,P-2D0BC8,Herbisida Gramoxone 276 SL Kemasan 5 Liter - Parakuat Pembasmi Rumput Liar,General,1,381579.0,IDR
ORD-CF8A98C7,2026-08-06,C-8DFA84A4,Toko Pupuk 3412,P-FCD235,Herbasida Garlon 670 EC Kemasan 1 Liter - Pembasmi Gulma Berkayu,General,1,431507.0,IDR
ORD-D2CFE7E6,2026-08-06,C-FC7C6F31,Koperasi Hijau 2361,P-B2BB93,Benih Sawit Topaz 1-3 Seri 4 (100 butir),Benih,30,950000.0,IDR
ORD-D40F5637,2026-08-06,C-20AD875E,Distributor Bibit 9294,P-E4C339,Herbisida Centatop 288 SL Kemasan 5 Liter - Herbisida Kontak Parakuat Pembasmi Gulma Cepat,General,1,340789.0,IDR
ORD-D97D0B62,2026-08-06,C-4E6B5899,Koperasi Hijau 2881,P-BC1FE5,MOP/KCL Canada Cap Mahkota 50kg,Pupuk Grosir,200,415520.0,IDR
ORD-DAE99A5C,2026-08-06,C-AEC50994,Toko Pupuk 3628,P-B2BB93,Benih Sawit Topaz 1-3 Seri 4 (100 butir),Benih,50,950000.0,IDR
ORD-E350D533,2026-08-06,C-1179AA9C,Toko Pupuk 3204,P-2A5326,RP Mahkota 50kg - Egypt,Pupuk Grosir,600,124656.0,IDR
ORD-E7CC4C8B,2026-08-06,C-FFCCE1AF,Usaha Kebun 4199,P-05FE0B,Herbasida Garlon 670 EC Kemasan 100ml - Pembasmi Gulma Berkayu,Racun,1,58904.0,IDR
ORD-EC8F305A,2026-08-06,C-7B870241,Koperasi Hijau 7505,P-41049F,Herbisida Metsulindo 20 WP Ukuran 250gr - Efektif kendalikan Gulma Muda,General,4,53947.0,IDR
ORD-F184859A,2026-08-06,C-4D4922D8,Mitra Tani 9680,P-41049F,Herbisida Metsulindo 20 WP Ukuran 250gr - Efektif kendalikan Gulma Muda,General,1,56164.0,IDR
ORD-F2DBB5C7,2026-08-06,C-011EF461,Koperasi Hijau 5857,P-05FE0B,Herbasida Garlon 670 EC Kemasan 100ml - Pembasmi Gulma Berkayu,Racun,1,58904.0,IDR
ORD-F2EB6BE6,2026-08-06,C-6022EBD3,CV Kebun 3331,P-6E74CB,Herbisida Bom Up 520 SL Kemasan 5 Liter - Pembasmi Gulma dari Akar ke Daun,General,1,355263.0,IDR
ORD-F401199A,2026-08-06,C-3AF73C3D,Gapoktan 2341,P-41049F,Herbisida Metsulindo 20 WP Ukuran 250gr - Efektif kendalikan Gulma Muda,General,2,53947.0,IDR
ORD-F8905A45,2026-08-06,C-EC193EAE,Distributor Bibit 7422,P-4FE4FF,Herbisida Metsulindo 20 WP Ukuran 100gr - Efektif kendalikan Gulma Muda,General,1,35526.0,IDR
ORD-FDE5BA34,2026-08-06,C-40058DDA,UD Agro 1818,P-2D0BC8,Herbisida Gramoxone 276 SL Kemasan 5 Liter - Parakuat Pembasmi Rumput Liar,General,1,381579.0,IDR
ORD-01183773,2026-08-07,C-886161DF,Usaha Kebun 5423,P-41049F,Herbisida Metsulindo 20 WP Ukuran 250gr - Efektif kendalikan Gulma Muda,General,3,56164.0,IDR
ORD-06A4DAD6,2026-08-07,C-3A777556,Distributor Bibit 7350,P-F3E4E3,Herbisida Supretox 276 SL Kemasan 20 Liter - Herbisida Supretox 276 SL 20 Liter - Racun Rumput Parakuat Pembasmi Gulma Cepat Untuk Sawit,Racun,1,1309211.0,IDR
ORD-087896A6,2026-08-07,C-D6E3BFE5,Gapoktan 4021,P-41049F,Herbisida Metsulindo 20 WP Ukuran 250gr - Efektif kendalikan Gulma Muda,General,2,53947.0,IDR
ORD-103B4D5E,2026-08-07,C-CEACEB6E,Distributor Bibit 9958,P-10ABDD,Herbisida Gramoxone 276 SL Kemasan 20 Liter - Parakuat Pembasmi Rumput Liar,General,1,1302632.0,IDR
ORD-123475E3,2026-08-07,C-C9D51AFD,Gapoktan 9493,P-97F3A1,Herbisida Bom Up 520 SL Kemasan 1 Liter - Pembasmi Gulma dari Akar ke Daun,General,2,71053.0,IDR
ORD-15F9CDA0,2026-08-07,C-155C1F6E,Distributor Bibit 6894,P-41049F,Herbisida Metsulindo 20 WP Ukuran 250gr - Efektif kendalikan Gulma Muda,General,1,53947.0,IDR
ORD-183035C4,2026-08-07,C-D77914C0,Mitra Tani 7608,P-05FE0B,Herbasida Garlon 670 EC Kemasan 100ml - Pembasmi Gulma Berkayu,Racun,1,58904.0,IDR
ORD-1943E798,2026-08-07,C-C159B710,Mitra Tani 4256,P-2A5326,RP Mahkota 50kg - Egypt,Pupuk Grosir,200,124656.0,IDR
ORD-19736472,2026-08-07,C-09886C2F,Usaha Kebun 6535,P-10ABDD,Herbisida Gramoxone 276 SL Kemasan 20 Liter - Parakuat Pembasmi Rumput Liar,General,1,1302632.0,IDR
ORD-1A2AB529,2026-08-07,C-BFACEDA1,Koperasi Hijau 1281,P-41049F,Herbisida Metsulindo 20 WP Ukuran 250gr - Efektif kendalikan Gulma Muda,General,20,53947.0,IDR
ORD-1A42D38C,2026-08-07,C-697AA6D7,Usaha Kebun 3783,P-2A5326,RP Mahkota 50kg - Egypt,Pupuk Grosir,200,124656.0,IDR
ORD-1CD78391,2026-08-07,C-EAD3A974,Toko Pupuk 9020,P-D6BB73,Pupuk KCL Canada Cap Mahkota 50kg - Meningkatkan Hasil Panen,Pupuk,6,563380.0,IDR
ORD-1D8C4DF3,2026-08-07,C-6BE664E1,Koperasi Hijau 2217,P-41049F,Herbisida Metsulindo 20 WP Ukuran 250gr - Efektif kendalikan Gulma Muda,General,1,53947.0,IDR
ORD-1EBC911B,2026-08-07,C-929A4BF2,UD Agro 3522,P-3630B1,Minyak Goreng 1 Liter - Minyak Hemat Petani Hebat,Minyak Hemat,1,21000.0,IDR
ORD-30680A25,2026-08-07,C-28D9A247,Usaha Kebun 2495,P-41049F,Herbisida Metsulindo 20 WP Ukuran 250gr - Efektif kendalikan Gulma Muda,General,2,53947.0,IDR
ORD-318FF1E9,2026-08-07,C-254F7E51,Koperasi Hijau 8673,P-41049F,Herbisida Metsulindo 20 WP Ukuran 250gr - Efektif kendalikan Gulma Muda,General,1,53947.0,IDR
ORD-32DA06C3,2026-08-07,C-53E697D6,Distributor Bibit 4078,P-2D0BC8,Herbisida Gramoxone 276 SL Kemasan 5 Liter - Parakuat Pembasmi Rumput Liar,General,1,381579.0,IDR
ORD-4502F5F1,2026-08-07,C-F91A7682,UD Agro 4058,P-41049F,Herbisida Metsulindo 20 WP Ukuran 250gr - Efektif kendalikan Gulma Muda,General,1,53947.0,IDR
ORD-497CD9E5,2026-08-07,C-C159B710,Mitra Tani 4256,P-2A5326,RP Mahkota 50kg - Egypt,Pupuk Grosir,200,124656.0,IDR
ORD-49CA3264,2026-08-07,C-949BB24B,CV Kebun 7691,P-F9D1EF,Herbisida Bom Up 520 SL Kemasan 20 Liter - Pembasmi Gulma dari Akar ke Daun,General,1,1368421.0,IDR
ORD-51C68780,2026-08-07,C-D22B7875,Gapoktan 9245,P-B2BB93,Benih Sawit Topaz 1-3 Seri 4 (100 butir),Benih,3,950000.0,IDR
ORD-61A7929C,2026-08-07,C-73544236,Distributor Bibit 1814,P-41049F,Herbisida Metsulindo 20 WP Ukuran 250gr - Efektif kendalikan Gulma Muda,General,1,53947.0,IDR
ORD-6BB96F5F,2026-08-07,C-2139CC47,Usaha Kebun 3975,P-BEDEAF,Herbisida Bablass 490 SL Kemasan 5 Liter - Pembasmi Gulma dari Akar ke Daun,General,1,355263.0,IDR
ORD-6CA6FF8F,2026-08-07,C-671432FC,Toko Pupuk 1020,P-3630B1,Minyak Goreng 1 Liter - Minyak Hemat Petani Hebat,Minyak Hemat,1,21000.0,IDR
ORD-6EA1D134,2026-08-07,C-C9DB88FB,CV Kebun 7867,P-3630B1,Minyak Goreng 1 Liter - Minyak Hemat Petani Hebat,Minyak Hemat,1,21000.0,IDR
ORD-6EC9BA94,2026-08-07,C-42E6DA53,CV Kebun 9427,P-4D6695,Smart 486 SL Kemasan 1 Liter - Glifosat Sistemik Pembasmi Gulma Kuat,Racun,1,110526.0,IDR
ORD-7141A96C,2026-08-07,C-F999FED1,Koperasi Hijau 1025,P-6E74CB,Herbisida Bom Up 520 SL Kemasan 5 Liter - Pembasmi Gulma dari Akar ke Daun,General,1,355263.0,IDR
ORD-77CBCF38,2026-08-07,C-4B369EC6,Distributor Bibit 8790,P-F9D1EF,Herbisida Bom Up 520 SL Kemasan 20 Liter - Pembasmi Gulma dari Akar ke Daun,General,1,1368421.0,IDR
ORD-81F24585,2026-08-07,C-C6B5E384,Toko Pupuk 3028,P-97F3A1,Herbisida Bom Up 520 SL Kemasan 1 Liter - Pembasmi Gulma dari Akar ke Daun,General,10,71053.0,IDR
ORD-88234114,2026-08-07,C-820A96C2,UD Agro 7034,P-3630B1,Minyak Goreng 1 Liter - Minyak Hemat Petani Hebat,Minyak Hemat,1,21000.0,IDR
ORD-8D947FA7,2026-08-07,C-45775288,Mitra Tani 2816,P-3630B1,Minyak Goreng 1 Liter - Minyak Hemat Petani Hebat,Minyak Hemat,1,21000.0,IDR
ORD-92833F52,2026-08-07,C-09546DE6,Distributor Bibit 1102,P-41049F,Herbisida Metsulindo 20 WP Ukuran 250gr - Efektif kendalikan Gulma Muda,General,1,53947.0,IDR
ORD-92FA10CC,2026-08-07,C-B7EC208E,Distributor Bibit 2358,P-05FE0B,Herbasida Garlon 670 EC Kemasan 100ml - Pembasmi Gulma Berkayu,Racun,1,58904.0,IDR
ORD-94862E57,2026-08-07,C-9FA6EE8C,Toko Pupuk 1388,P-BEDEAF,Herbisida Bablass 490 SL Kemasan 5 Liter - Pembasmi Gulma dari Akar ke Daun,General,1,355263.0,IDR
ORD-95A61DBA,2026-08-07,C-DC4DECFA,UD Agro 2458,P-97F3A1,Herbisida Bom Up 520 SL Kemasan 1 Liter - Pembasmi Gulma dari Akar ke Daun,General,1,71053.0,IDR
ORD-96D17187,2026-08-07,C-BFAA7846,Distributor Bibit 2166,P-10ABDD,Herbisida Gramoxone 276 SL Kemasan 20 Liter - Parakuat Pembasmi Rumput Liar,General,1,1302632.0,IDR
ORD-98728082,2026-08-07,C-9E4BD281,Koperasi Hijau 5217,P-02E428,AC Powder AKP 50kg,Toling,25,228536.0,IDR
ORD-98728082,2026-08-07,C-9E4BD281,Koperasi Hijau 5217,P-ADBBD0,RP Cap Daun 50Kg,Toling,30,127253.0,IDR
ORD-9DCDCC14,2026-08-07,C-EDEE0B2C,Toko Pupuk 4620,P-2D0BC8,Herbisida Gramoxone 276 SL Kemasan 5 Liter - Parakuat Pembasmi Rumput Liar,General,1,381579.0,IDR
ORD-A06409CE,2026-08-07,C-41AEC09F,Usaha Kebun 3615,P-41049F,Herbisida Metsulindo 20 WP Ukuran 250gr - Efektif kendalikan Gulma Muda,General,1,53947.0,IDR
ORD-A06409CE,2026-08-07,C-41AEC09F,Usaha Kebun 3615,P-BEDEAF,Herbisida Bablass 490 SL Kemasan 5 Liter - Pembasmi Gulma dari Akar ke Daun,General,1,355263.0,IDR
ORD-A27238C7,2026-08-07,C-F605F9B4,Toko Pupuk 7740,P-2A5326,RP Mahkota 50kg - Egypt,Pupuk Grosir,200,124656.0,IDR
ORD-A3BD36AA,2026-08-07,C-97D97DEF,Usaha Kebun 2167,P-41049F,Herbisida Metsulindo 20 WP Ukuran 250gr - Efektif kendalikan Gulma Muda,General,5,56164.0,IDR
ORD-A941F8D4,2026-08-07,C-52E8D46C,Toko Pupuk 5444,P-DDB457,NPK Mahkota 13-8-27-4 0.5 B 50kg,Pupuk Grosir,200,597310.0,IDR
ORD-AE073C38,2026-08-07,C-05CD8F63,CV Kebun 5667,P-05FE0B,Herbasida Garlon 670 EC Kemasan 100ml - Pembasmi Gulma Berkayu,Racun,2,56579.0,IDR
ORD-AE073C38,2026-08-07,C-05CD8F63,CV Kebun 5667,P-28A54F,Turmadan 328 SL 1 Liter - Herbisida Parakuat Pembasmi Gulma Super Cepat,Racun,1,85526.0,IDR
ORD-B53F918C,2026-08-07,C-01209242,UD Agro 3810,P-54AEF5,Urea Nitrea 46% N 50kg,Khusus Petani,20,605981.0,IDR
ORD-B53F918C,2026-08-07,C-01209242,UD Agro 3810,P-ADBBD0,RP Cap Daun 50Kg,Khusus Petani,20,124656.0,IDR
ORD-B53F918C,2026-08-07,C-01209242,UD Agro 3810,P-BC1FE5,MOP/KCL Canada Cap Mahkota 50kg,Khusus Petani,20,407040.0,IDR
ORD-B6A583D4,2026-08-07,C-3F1AC924,Toko Pupuk 6036,P-3630B1,Minyak Goreng 1 Liter - Minyak Hemat Petani Hebat,Minyak Hemat,1,21000.0,IDR
ORD-B91A32D0,2026-08-07,C-6C12EF95,Gapoktan 5309,P-41049F,Herbisida Metsulindo 20 WP Ukuran 250gr - Efektif kendalikan Gulma Muda,General,1,53947.0,IDR
ORD-B9EFBB23,2026-08-07,C-0EFE9E36,Distributor Bibit 9670,P-3630B1,Minyak Goreng 1 Liter - Minyak Hemat Petani Hebat,Minyak Hemat,1,21000.0,IDR
ORD-C219F1B2,2026-08-07,C-A2502A4E,Distributor Bibit 6702,P-E4C339,Herbisida Centatop 288 SL Kemasan 5 Liter - Herbisida Kontak Parakuat Pembasmi Gulma Cepat,General,1,340789.0,IDR
ORD-C2B8EEE4,2026-08-07,C-FDD5F8C8,Mitra Tani 3504,P-3630B1,Minyak Goreng 1 Liter - Minyak Hemat Petani Hebat,Minyak Hemat,1,21000.0,IDR
ORD-C4371173,2026-08-07,C-09546DE6,Distributor Bibit 1102,P-41049F,Herbisida Metsulindo 20 WP Ukuran 250gr - Efektif kendalikan Gulma Muda,General,1,53947.0,IDR
ORD-C5B469DD,2026-08-07,C-C664DA81,Koperasi Hijau 2305,P-10ABDD,Herbisida Gramoxone 276 SL Kemasan 20 Liter - Parakuat Pembasmi Rumput Liar,General,1,1302632.0,IDR
ORD-C5B469DD,2026-08-07,C-C664DA81,Koperasi Hijau 2305,P-41049F,Herbisida Metsulindo 20 WP Ukuran 250gr - Efektif kendalikan Gulma Muda,General,2,53947.0,IDR
ORD-C5B8A321,2026-08-07,C-4C11F2C1,Koperasi Hijau 9673,P-B2BB93,Benih Sawit Topaz 1-3 Seri 4 (100 butir),Benih,400,950000.0,IDR
ORD-C6B70376,2026-08-07,C-0AD806CD,Gapoktan 4677,P-6E74CB,Herbisida Bom Up 520 SL Kemasan 5 Liter - Pembasmi Gulma dari Akar ke Daun,General,1,355263.0,IDR
ORD-C984217A,2026-08-07,C-2DDF93F5,Gapoktan 2125,P-6E74CB,Herbisida Bom Up 520 SL Kemasan 5 Liter - Pembasmi Gulma dari Akar ke Daun,General,2,355263.0,IDR
ORD-D06E2689,2026-08-07,C-B864B0AC,Toko Pupuk 1572,P-3630B1,Minyak Goreng 1 Liter - Minyak Hemat Petani Hebat,Minyak Hemat,2,21000.0,IDR
ORD-D09CD379,2026-08-07,C-88E6EE36,Distributor Bibit 9638,P-B1C447,Dokter Sawit Uji Hara Lengkap (Daun dan Tanah) + Rekomendasi,Layanan Agronomi,1,1599000.0,IDR
ORD-D09CD379,2026-08-07,C-88E6EE36,Distributor Bibit 9638,P-FEF9E9,"Dokter Sawit Ujidaun (NPK, Mg, Ca, B, Cu, Zn) + Rekomendasi",Layanan Agronomi,1,799000.0,IDR
ORD-D1492858,2026-08-07,C-A1E4E41D,Gapoktan 5381,P-3630B1,Minyak Goreng 1 Liter - Minyak Hemat Petani Hebat,Minyak Hemat,1,21000.0,IDR
ORD-D18C8889,2026-08-07,C-A15A7E5D,Gapoktan 7365,P-6E74CB,Herbisida Bom Up 520 SL Kemasan 5 Liter - Pembasmi Gulma dari Akar ke Daun,General,1,355263.0,IDR
ORD-D39A1582,2026-08-07,C-775D617D,Gapoktan 1509,P-41049F,Herbisida Metsulindo 20 WP Ukuran 250gr - Efektif kendalikan Gulma Muda,General,1,53947.0,IDR
ORD-D590C414,2026-08-07,C-50AB0BCD,Gapoktan 3957,P-F9D1EF,Herbisida Bom Up 520 SL Kemasan 20 Liter - Pembasmi Gulma dari Akar ke Daun,General,1,1368421.0,IDR
ORD-D8B57D34,2026-08-07,C-DABF3F75,Gapoktan 1709,P-41049F,Herbisida Metsulindo 20 WP Ukuran 250gr - Efektif kendalikan Gulma Muda,General,1,56164.0,IDR
ORD-DA00ECD1,2026-08-07,C-54FD6DF6,Distributor Bibit 7902,P-05FE0B,Herbasida Garlon 670 EC Kemasan 100ml - Pembasmi Gulma Berkayu,Racun,1,58904.0,IDR
ORD-DADE2714,2026-08-07,C-A7CD8592,UD Agro 2146,P-41049F,Herbisida Metsulindo 20 WP Ukuran 250gr - Efektif kendalikan Gulma Muda,General,2,53947.0,IDR
ORD-DBC1AD39,2026-08-07,C-9362AAF7,Usaha Kebun 4047,P-BC1FE5,MOP/KCL Canada Cap Mahkota 50kg,Pupuk Grosir,600,415520.0,IDR
ORD-DD7A1FE3,2026-08-07,C-2005914A,UD Agro 8786,P-B2BB93,Benih Sawit Topaz 1-3 Seri 4 (100 butir),Benih,3,950000.0,IDR
ORD-DF41A452,2026-08-07,C-89EB83B9,Koperasi Hijau 5273,P-BC1FE5,MOP/KCL Canada Cap Mahkota 50kg,Pupuk Grosir,200,415520.0,IDR
ORD-E01D1C9E,2026-08-07,C-58623B04,Toko Pupuk 2644,P-E4C339,Herbisida Centatop 288 SL Kemasan 5 Liter - Herbisida Kontak Parakuat Pembasmi Gulma Cepat,General,1,340789.0,IDR
ORD-E2E22B9A,2026-08-07,C-60DF705E,Distributor Bibit 1030,P-6E74CB,Herbisida Bom Up 520 SL Kemasan 5 Liter - Pembasmi Gulma dari Akar ke Daun,General,1,355263.0,IDR
ORD-E36D02D8,2026-08-07,C-18D23B0A,UD Agro 1858,P-41049F,Herbisida Metsulindo 20 WP Ukuran 250gr - Efektif kendalikan Gulma Muda,General,1,53947.0,IDR
ORD-E3A7565E,2026-08-07,C-CC1D6A89,Koperasi Hijau 7881,P-385FCB,Herbisida Gramoxone 276 SL Kemasan 1 Liter - Parakuat Pembasmi Rumput Liar,General,2,85526.0,IDR
ORD-E9025E0C,2026-08-07,C-932A7CA8,Mitra Tani 3176,P-05FE0B,Herbasida Garlon 670 EC Kemasan 100ml - Pembasmi Gulma Berkayu,Racun,1,56579.0,IDR
ORD-E9025E0C,2026-08-07,C-932A7CA8,Mitra Tani 3176,P-41049F,Herbisida Metsulindo 20 WP Ukuran 250gr - Efektif kendalikan Gulma Muda,General,1,53947.0,IDR
ORD-EB884D44,2026-08-07,C-A7337935,Gapoktan 4437,P-4FE4FF,Herbisida Metsulindo 20 WP Ukuran 100gr - Efektif kendalikan Gulma Muda,General,1,35526.0,IDR
ORD-EC5D83FE,2026-08-07,C-939D45F1,Koperasi Hijau 1809,P-6E74CB,Herbisida Bom Up 520 SL Kemasan 5 Liter - Pembasmi Gulma dari Akar ke Daun,General,1,355263.0,IDR
ORD-F035F49B,2026-08-07,C-E5BD6AD5,Gapoktan 3117,P-E4C339,Herbisida Centatop 288 SL Kemasan 5 Liter - Herbisida Kontak Parakuat Pembasmi Gulma Cepat,General,1,340789.0,IDR
ORD-F46BC3E8,2026-08-07,C-83C6B019,Koperasi Hijau 5505,P-97F3A1,Herbisida Bom Up 520 SL Kemasan 1 Liter - Pembasmi Gulma dari Akar ke Daun,General,2,71053.0,IDR
ORD-F7FA8C6F,2026-08-07,C-B1D0EC06,Distributor Bibit 3142,P-BEDEAF,Herbisida Bablass 490 SL Kemasan 5 Liter - Pembasmi Gulma dari Akar ke Daun,General,1,355263.0,IDR
ORD-FA3608CD,2026-08-07,C-0170FCA1,Koperasi Hijau 8921,P-3630B1,Minyak Goreng 1 Liter - Minyak Hemat Petani Hebat,Minyak Hemat,1,21000.0,IDR
ORD-FA9AE484,2026-08-07,C-52E8D46C,Toko Pupuk 5444,P-DDB457,NPK Mahkota 13-8-27-4 0.5 B 50kg,Pupuk Grosir,200,597310.0,IDR
ORD-FC3B745B,2026-08-07,C-17425AEA,UD Agro 3618,P-101D4A,Triester 670 EC 100 ml - Herbisida Khusus Pembasmi Semak & Gulma Berkayu,Racun,1,44521.0,IDR
ORD-FC3B745B,2026-08-07,C-17425AEA,UD Agro 3618,P-A1BDE2,Herbisida Bablass 490 SL Kemasan 1 Liter - Pembasmi Gulma dari Akar ke Daun,General,1,79452.0,IDR
ORD-FC78AAA6,2026-08-07,C-391C23C8,Mitra Tani 6480,P-05FE0B,Herbasida Garlon 670 EC Kemasan 100ml - Pembasmi Gulma Berkayu,Racun,50,56579.0,IDR
ORD-FC78AAA6,2026-08-07,C-391C23C8,Mitra Tani 6480,P-41049F,Herbisida Metsulindo 20 WP Ukuran 250gr - Efektif kendalikan Gulma Muda,General,20,53947.0,IDR
ORD-FC78AAA6,2026-08-07,C-391C23C8,Mitra Tani 6480,P-4FE4FF,Herbisida Metsulindo 20 WP Ukuran 100gr - Efektif kendalikan Gulma Muda,General,20,35526.0,IDR
ORD-FE703689,2026-08-07,C-6480315F,Usaha Kebun 9847,P-385FCB,Herbisida Gramoxone 276 SL Kemasan 1 Liter - Parakuat Pembasmi Rumput Liar,General,1,85526.0,IDR
ORD-FFD1A99C,2026-08-07,C-3C9CB87A,UD Agro 3802,P-B2BB93,Benih Sawit Topaz 1-3 Seri 4 (100 butir),Benih,7,950000.0,IDR
ORD-017D42E3,2026-08-08,C-79B01CC3,CV Kebun 7835,P-05FE0B,Herbasida Garlon 670 EC Kemasan 100ml - Pembasmi Gulma Berkayu,Racun,1,56579.0,IDR
ORD-01A526C0,2026-08-08,C-6E7B7E1B,CV Kebun 1971,P-4FE4FF,Herbisida Metsulindo 20 WP Ukuran 100gr - Efektif kendalikan Gulma Muda,General,1,35526.0,IDR
ORD-01A526C0,2026-08-08,C-6E7B7E1B,CV Kebun 1971,P-6E74CB,Herbisida Bom Up 520 SL Kemasan 5 Liter - Pembasmi Gulma dari Akar ke Daun,General,1,355263.0,IDR
ORD-08A4C8D3,2026-08-08,C-0194FAFF,Usaha Kebun 9799,P-6E74CB,Herbisida Bom Up 520 SL Kemasan 5 Liter - Pembasmi Gulma dari Akar ke Daun,General,1,355263.0,IDR
ORD-0B3AF0D9,2026-08-08,C-835728C9,Koperasi Hijau 4369,P-41049F,Herbisida Metsulindo 20 WP Ukuran 250gr - Efektif kendalikan Gulma Muda,General,2,53947.0,IDR
ORD-0B3AF0D9,2026-08-08,C-835728C9,Koperasi Hijau 4369,P-BEDEAF,Herbisida Bablass 490 SL Kemasan 5 Liter - Pembasmi Gulma dari Akar ke Daun,General,1,355263.0,IDR
ORD-0F88BC08,2026-08-08,C-719B25CA,UD Agro 1162,P-2D0BC8,Herbisida Gramoxone 276 SL Kemasan 5 Liter - Parakuat Pembasmi Rumput Liar,General,1,381579.0,IDR
ORD-124DC7CB,2026-08-08,C-85263F26,Distributor Bibit 5262,P-3E8E64,Herbisida Bablass 490 SL Kemasan 20 Liter - Pembasmi Gulma dari Akar ke Daun,General,1,1513158.0,IDR
ORD-1879CE94,2026-08-08,C-151D0A8B,CV Kebun 3779,P-10ABDD,Herbisida Gramoxone 276 SL Kemasan 20 Liter - Parakuat Pembasmi Rumput Liar,General,1,1302632.0,IDR
ORD-19B604F8,2026-08-08,C-4F6D1F02,UD Agro 3426,P-3630B1,Minyak Goreng 1 Liter - Minyak Hemat Petani Hebat,Minyak Hemat,2,21000.0,IDR
ORD-1BF56A09,2026-08-08,C-4150FA10,Mitra Tani 4936,P-D6BB73,Pupuk KCL Canada Cap Mahkota 50kg - Meningkatkan Hasil Panen,Pupuk,3,563380.0,IDR
ORD-1DD3E988,2026-08-08,C-9C20ADF6,Distributor Bibit 1382,P-6E74CB,Herbisida Bom Up 520 SL Kemasan 5 Liter - Pembasmi Gulma dari Akar ke Daun,General,1,355263.0,IDR
ORD-1EE92C4A,2026-08-08,C-D4B69130,Mitra Tani 1512,P-6E74CB,Herbisida Bom Up 520 SL Kemasan 5 Liter - Pembasmi Gulma dari Akar ke Daun,General,2,355263.0,IDR
ORD-22FC4761,2026-08-08,C-C185CA8F,Usaha Kebun 3831,P-41049F,Herbisida Metsulindo 20 WP Ukuran 250gr - Efektif kendalikan Gulma Muda,General,10,53947.0,IDR
ORD-2E1E4CF4,2026-08-08,C-889C46D6,Distributor Bibit 4126,P-5F46F7,Pupuk MOP/KCL Mentari 50 Kg - Kalium Klorida Murni Peningkat Kualitas Hasil Panen,Pupuk,1,554225.0,IDR
ORD-3232D5F5,2026-08-08,C-9E4BD281,Koperasi Hijau 5217,P-BC1FE5,MOP/KCL Canada Cap Mahkota 50kg,Khusus Petani,40,407040.0,IDR
ORD-344BF980,2026-08-08,C-A2849A09,Koperasi Hijau 5177,P-41049F,Herbisida Metsulindo 20 WP Ukuran 250gr - Efektif kendalikan Gulma Muda,General,20,53947.0,IDR
ORD-35846C26,2026-08-08,C-5ADD83D1,Koperasi Hijau 2641,P-41049F,Herbisida Metsulindo 20 WP Ukuran 250gr - Efektif kendalikan Gulma Muda,General,6,53947.0,IDR
ORD-3B2ED94B,2026-08-08,C-0A283B17,Usaha Kebun 3727,P-41049F,Herbisida Metsulindo 20 WP Ukuran 250gr - Efektif kendalikan Gulma Muda,General,1,53947.0,IDR
ORD-3F178768,2026-08-08,C-D0EA9963,CV Kebun 4619,P-F9D1EF,Herbisida Bom Up 520 SL Kemasan 20 Liter - Pembasmi Gulma dari Akar ke Daun,General,1,1368421.0,IDR
ORD-434544EF,2026-08-08,C-6BA4D705,Gapoktan 8061,P-F9D1EF,Herbisida Bom Up 520 SL Kemasan 20 Liter - Pembasmi Gulma dari Akar ke Daun,General,1,1368421.0,IDR
ORD-4375F0E7,2026-08-08,C-3489D192,UD Agro 6314,P-41049F,Herbisida Metsulindo 20 WP Ukuran 250gr - Efektif kendalikan Gulma Muda,General,1,53947.0,IDR
ORD-46D79D45,2026-08-08,C-E0516EF1,Koperasi Hijau 3201,P-B2BB93,Benih Sawit Topaz 1-3 Seri 4 (100 butir),Benih,10,950000.0,IDR
ORD-4AEB8457,2026-08-08,C-CB056171,Koperasi Hijau 6473,P-B2BB93,Benih Sawit Topaz 1-3 Seri 4 (100 butir),Benih,10,950000.0,IDR
ORD-4B28BFE8,2026-08-08,C-D335F4C5,Gapoktan 4645,P-6E74CB,Herbisida Bom Up 520 SL Kemasan 5 Liter - Pembasmi Gulma dari Akar ke Daun,General,1,355263.0,IDR
ORD-577042EF,2026-08-08,C-BAE8C7B6,Distributor Bibit 2654,P-F9D1EF,Herbisida Bom Up 520 SL Kemasan 20 Liter - Pembasmi Gulma dari Akar ke Daun,General,1,1368421.0,IDR
ORD-5CBAD5E5,2026-08-08,C-76BB1AE7,Usaha Kebun 4607,P-2D0BC8,Herbisida Gramoxone 276 SL Kemasan 5 Liter - Parakuat Pembasmi Rumput Liar,General,1,381579.0,IDR
ORD-6494A449,2026-08-08,C-96AE75A3,CV Kebun 6779,P-2D0BC8,Herbisida Gramoxone 276 SL Kemasan 5 Liter - Parakuat Pembasmi Rumput Liar,General,1,381579.0,IDR
ORD-6494A449,2026-08-08,C-96AE75A3,CV Kebun 6779,P-41049F,Herbisida Metsulindo 20 WP Ukuran 250gr - Efektif kendalikan Gulma Muda,General,1,53947.0,IDR
ORD-6929D800,2026-08-08,C-889C46D6,Distributor Bibit 4126,P-5F46F7,Pupuk MOP/KCL Mentari 50 Kg - Kalium Klorida Murni Peningkat Kualitas Hasil Panen,Pupuk,1,554225.0,IDR
ORD-6CCBF99D,2026-08-08,C-896E96D7,Usaha Kebun 8167,P-41049F,Herbisida Metsulindo 20 WP Ukuran 250gr - Efektif kendalikan Gulma Muda,General,1,56164.0,IDR
ORD-6CCBF99D,2026-08-08,C-896E96D7,Usaha Kebun 8167,P-97F3A1,Herbisida Bom Up 520 SL Kemasan 1 Liter - Pembasmi Gulma dari Akar ke Daun,General,1,73973.0,IDR
ORD-753C105C,2026-08-08,C-62E11C34,Toko Pupuk 4988,P-05FE0B,Herbasida Garlon 670 EC Kemasan 100ml - Pembasmi Gulma Berkayu,Racun,1,58904.0,IDR
ORD-799B1D80,2026-08-08,C-04377ECB,CV Kebun 6803,P-6E74CB,Herbisida Bom Up 520 SL Kemasan 5 Liter - Pembasmi Gulma dari Akar ke Daun,General,1,355263.0,IDR
ORD-83EEB2F2,2026-08-08,C-46A772AE,Distributor Bibit 7990,P-41049F,Herbisida Metsulindo 20 WP Ukuran 250gr - Efektif kendalikan Gulma Muda,General,1,53947.0,IDR
ORD-85453921,2026-08-08,C-FE4CE038,Mitra Tani 2000,P-4FE4FF,Herbisida Metsulindo 20 WP Ukuran 100gr - Efektif kendalikan Gulma Muda,General,2,35526.0,IDR
ORD-8919E28B,2026-08-08,C-FD6C53A6,Distributor Bibit 9950,P-05FE0B,Herbasida Garlon 670 EC Kemasan 100ml - Pembasmi Gulma Berkayu,Racun,1,58904.0,IDR
ORD-8ADA8055,2026-08-08,C-79B01CC3,CV Kebun 7835,P-2D0BC8,Herbisida Gramoxone 276 SL Kemasan 5 Liter - Parakuat Pembasmi Rumput Liar,General,1,381579.0,IDR
ORD-8B0AC153,2026-08-08,C-ECBD5B7A,UD Agro 7698,P-6E74CB,Herbisida Bom Up 520 SL Kemasan 5 Liter - Pembasmi Gulma dari Akar ke Daun,General,1,355263.0,IDR
ORD-8B8980FF,2026-08-08,C-C714506E,Distributor Bibit 8294,P-9E50B8,Herbasida Marxone 300 SL Kemasan 5 Liter - Parakuat Pembasmi Rumput Liar,Pupuk,1,342105.0,IDR
ORD-8F8153A0,2026-08-08,C-EEEFABB9,Koperasi Hijau 4473,P-97F3A1,Herbisida Bom Up 520 SL Kemasan 1 Liter - Pembasmi Gulma dari Akar ke Daun,General,1,71053.0,IDR
ORD-A2C9EF7D,2026-08-08,C-0A1B2E48,Mitra Tani 3480,P-A1BDE2,Herbisida Bablass 490 SL Kemasan 1 Liter - Pembasmi Gulma dari Akar ke Daun,General,1,76316.0,IDR
ORD-ABA183E1,2026-08-08,C-6317138F,Usaha Kebun 4719,P-05FE0B,Herbasida Garlon 670 EC Kemasan 100ml - Pembasmi Gulma Berkayu,Racun,2,56579.0,IDR
ORD-AED9CD31,2026-08-08,C-2C730925,Gapoktan 6485,P-41049F,Herbisida Metsulindo 20 WP Ukuran 250gr - Efektif kendalikan Gulma Muda,General,18,53947.0,IDR
ORD-B36BAC17,2026-08-08,C-19EADAFD,Gapoktan 5885,P-385FCB,Herbisida Gramoxone 276 SL Kemasan 1 Liter - Parakuat Pembasmi Rumput Liar,General,2,85526.0,IDR
ORD-B9D985BC,2026-08-08,C-7AAE7AB8,Mitra Tani 1032,P-97F3A1,Herbisida Bom Up 520 SL Kemasan 1 Liter - Pembasmi Gulma dari Akar ke Daun,General,2,71053.0,IDR
ORD-BA553B82,2026-08-08,C-AAEC8403,CV Kebun 3011,P-6E74CB,Herbisida Bom Up 520 SL Kemasan 5 Liter - Pembasmi Gulma dari Akar ke Daun,General,1,355263.0,IDR
ORD-BCD6B14A,2026-08-08,C-E2AB7056,Distributor Bibit 9230,P-8FBA7E,Benih Sawit Topaz GT (moderat toleran Ganoderma) (100 butir),Benih & Bibit,1,1900000.0,IDR
ORD-C1ED00E6,2026-08-08,C-D117638E,Distributor Bibit 5958,P-BEDEAF,Herbisida Bablass 490 SL Kemasan 5 Liter - Pembasmi Gulma dari Akar ke Daun,General,1,355263.0,IDR
ORD-C329232E,2026-08-08,C-E21CFD47,Usaha Kebun 6663,P-41049F,Herbisida Metsulindo 20 WP Ukuran 250gr - Efektif kendalikan Gulma Muda,General,3,53947.0,IDR
ORD-CAB2F00D,2026-08-08,C-7D2863FD,Gapoktan 1037,P-05FE0B,Herbasida Garlon 670 EC Kemasan 100ml - Pembasmi Gulma Berkayu,Racun,1,58904.0,IDR
ORD-D1A49A7E,2026-08-08,C-05895263,CV Kebun 6603,P-BEDEAF,Herbisida Bablass 490 SL Kemasan 5 Liter - Pembasmi Gulma dari Akar ke Daun,General,4,355263.0,IDR
ORD-D4848E10,2026-08-08,C-BC6DE585,Gapoktan 6789,P-6E74CB,Herbisida Bom Up 520 SL Kemasan 5 Liter - Pembasmi Gulma dari Akar ke Daun,General,1,355263.0,IDR
ORD-D937F67B,2026-08-08,C-07FDF45C,Toko Pupuk 2676,P-10ABDD,Herbisida Gramoxone 276 SL Kemasan 20 Liter - Parakuat Pembasmi Rumput Liar,General,1,1302632.0,IDR
ORD-D97AC9E5,2026-08-08,C-AA04C052,UD Agro 6098,P-6E74CB,Herbisida Bom Up 520 SL Kemasan 5 Liter - Pembasmi Gulma dari Akar ke Daun,General,1,355263.0,IDR
ORD-D98BF260,2026-08-08,C-70A36A70,Mitra Tani 1808,P-41049F,Herbisida Metsulindo 20 WP Ukuran 250gr - Efektif kendalikan Gulma Muda,General,2,53947.0,IDR
ORD-E8377EBF,2026-08-08,C-F017E8BA,UD Agro 5746,P-6E74CB,Herbisida Bom Up 520 SL Kemasan 5 Liter - Pembasmi Gulma dari Akar ke Daun,General,1,355263.0,IDR
ORD-EE216FD0,2026-08-08,C-CF685C8C,Toko Pupuk 9148,P-20909A,Bablass 490 SL - 1 Liter,Khusus Petani,20,59021.0,IDR
ORD-EE216FD0,2026-08-08,C-CF685C8C,Toko Pupuk 9148,P-3FC5B7,Gramoxone 276 SL - 20 Liter,Khusus Petani,2,1007424.0,IDR
ORD-EE216FD0,2026-08-08,C-CF685C8C,Toko Pupuk 9148,P-BC1FE5,MOP/KCL Canada Cap Mahkota 50kg,Khusus Petani,40,407040.0,IDR
ORD-EE216FD0,2026-08-08,C-CF685C8C,Toko Pupuk 9148,P-DA84BC,Centatop 288 SL - 5 Liter,Khusus Petani,8,263558.0,IDR
ORD-EE216FD0,2026-08-08,C-CF685C8C,Toko Pupuk 9148,P-F07128,Bablass 490 SL - 5 Liter,Khusus Petani,8,274752.0,IDR
ORD-EF8BDB64,2026-08-08,C-8BF29542,UD Agro 2946,P-41049F,Herbisida Metsulindo 20 WP Ukuran 250gr - Efektif kendalikan Gulma Muda,General,6,53947.0,IDR
ORD-F81D3809,2026-08-08,C-F0C40BF7,Usaha Kebun 9959,P-41049F,Herbisida Metsulindo 20 WP Ukuran 250gr - Efektif kendalikan Gulma Muda,General,2,53947.0,IDR
ORD-FC9581A4,2026-08-08,C-24FCC0C8,Mitra Tani 4200,P-10ABDD,Herbisida Gramoxone 276 SL Kemasan 20 Liter - Parakuat Pembasmi Rumput Liar,General,1,1302632.0,IDR
ORD-FE64A526,2026-08-08,C-6236B51B,CV Kebun 6475,P-BEDEAF,Herbisida Bablass 490 SL Kemasan 5 Liter - Pembasmi Gulma dari Akar ke Daun,General,1,355263.0,IDR
ORD-FEE9FBEE,2026-08-08,C-07409C97,Usaha Kebun 4903,P-28A54F,Turmadan 328 SL 1 Liter - Herbisida Parakuat Pembasmi Gulma Super Cepat,Racun,1,85526.0,IDR
ORD-FEE9FBEE,2026-08-08,C-07409C97,Usaha Kebun 4903,P-4FE4FF,Herbisida Metsulindo 20 WP Ukuran 100gr - Efektif kendalikan Gulma Muda,General,1,35526.0,IDR
ORD-FEE9FBEE,2026-08-08,C-07409C97,Usaha Kebun 4903,P-97F3A1,Herbisida Bom Up 520 SL Kemasan 1 Liter - Pembasmi Gulma dari Akar ke Daun,General,1,71053.0,IDR
ORD-0173BF1D,2026-08-09,C-18B8F96D,Gapoktan 2661,P-6E74CB,Herbisida Bom Up 520 SL Kemasan 5 Liter - Pembasmi Gulma dari Akar ke Daun,General,1,355263.0,IDR
ORD-0D9C05F6,2026-08-09,C-B099E1F3,CV Kebun 3867,P-6E74CB,Herbisida Bom Up 520 SL Kemasan 5 Liter - Pembasmi Gulma dari Akar ke Daun,General,1,355263.0,IDR
ORD-0DA63A0D,2026-08-09,C-745DF7EE,Distributor Bibit 9374,P-41049F,Herbisida Metsulindo 20 WP Ukuran 250gr - Efektif kendalikan Gulma Muda,General,1,53947.0,IDR
ORD-1C344470,2026-08-09,C-BC915094,Toko Pupuk 5956,P-FCD235,Herbasida Garlon 670 EC Kemasan 1 Liter - Pembasmi Gulma Berkayu,General,1,431507.0,IDR
ORD-1F33F787,2026-08-09,C-43ACAD0F,Usaha Kebun 4967,P-41049F,Herbisida Metsulindo 20 WP Ukuran 250gr - Efektif kendalikan Gulma Muda,General,1,53947.0,IDR
ORD-2043C482,2026-08-09,C-74E1C022,UD Agro 5842,P-2D0BC8,Herbisida Gramoxone 276 SL Kemasan 5 Liter - Parakuat Pembasmi Rumput Liar,General,1,381579.0,IDR
ORD-2BA9F1D2,2026-08-09,C-F3CE3AB4,Toko Pupuk 5932,P-6E74CB,Herbisida Bom Up 520 SL Kemasan 5 Liter - Pembasmi Gulma dari Akar ke Daun,General,1,355263.0,IDR
ORD-309F8F19,2026-08-09,C-40A09B4E,Distributor Bibit 2342,P-6E74CB,Herbisida Bom Up 520 SL Kemasan 5 Liter - Pembasmi Gulma dari Akar ke Daun,General,1,355263.0,IDR
ORD-387B8620,2026-08-09,C-A64B4B5D,Gapoktan 7349,P-41049F,Herbisida Metsulindo 20 WP Ukuran 250gr - Efektif kendalikan Gulma Muda,General,1,53947.0,IDR
ORD-438CB406,2026-08-09,C-1504DF92,UD Agro 3914,P-97F3A1,Herbisida Bom Up 520 SL Kemasan 1 Liter - Pembasmi Gulma dari Akar ke Daun,General,3,71053.0,IDR
ORD-48AAEBF7,2026-08-09,C-2170B803,CV Kebun 3267,P-3630B1,Minyak Goreng 1 Liter - Minyak Hemat Petani Hebat,Minyak Hemat,1,21000.0,IDR
ORD-55E9260F,2026-08-09,C-37C15AB6,Distributor Bibit 4550,P-6E74CB,Herbisida Bom Up 520 SL Kemasan 5 Liter - Pembasmi Gulma dari Akar ke Daun,General,2,355263.0,IDR
ORD-58C476A4,2026-08-09,C-9157D62C,Toko Pupuk 2780,P-05FE0B,Herbasida Garlon 670 EC Kemasan 100ml - Pembasmi Gulma Berkayu,Racun,1,56579.0,IDR
ORD-596EFA61,2026-08-09,C-B10ADE37,Usaha Kebun 1479,P-97F3A1,Herbisida Bom Up 520 SL Kemasan 1 Liter - Pembasmi Gulma dari Akar ke Daun,General,2,71053.0,IDR
ORD-5D1C3743,2026-08-09,C-7E04C78A,UD Agro 8442,P-97F3A1,Herbisida Bom Up 520 SL Kemasan 1 Liter - Pembasmi Gulma dari Akar ke Daun,General,10,71053.0,IDR
ORD-5F53C0F8,2026-08-09,C-98116EC8,Mitra Tani 5304,P-6E74CB,Herbisida Bom Up 520 SL Kemasan 5 Liter - Pembasmi Gulma dari Akar ke Daun,General,1,355263.0,IDR
ORD-6E4CEACD,2026-08-09,C-49FBAA83,CV Kebun 4955,P-F9D1EF,Herbisida Bom Up 520 SL Kemasan 20 Liter - Pembasmi Gulma dari Akar ke Daun,General,1,1368421.0,IDR
ORD-71BD31FF,2026-08-09,C-67EDE980,Mitra Tani 4056,P-05FE0B,Herbasida Garlon 670 EC Kemasan 100ml - Pembasmi Gulma Berkayu,Racun,1,56579.0,IDR
ORD-79969973,2026-08-09,C-BB0FADDC,Toko Pupuk 4940,P-10ABDD,Herbisida Gramoxone 276 SL Kemasan 20 Liter - Parakuat Pembasmi Rumput Liar,General,1,1302632.0,IDR
ORD-7FF98D04,2026-08-09,C-B10ADE37,Usaha Kebun 1479,P-41049F,Herbisida Metsulindo 20 WP Ukuran 250gr - Efektif kendalikan Gulma Muda,General,4,53947.0,IDR
ORD-80ECF4CF,2026-08-09,C-5E071A94,Toko Pupuk 4860,P-10ABDD,Herbisida Gramoxone 276 SL Kemasan 20 Liter - Parakuat Pembasmi Rumput Liar,General,1,1302632.0,IDR
ORD-8BDB3910,2026-08-09,C-62C352A1,Koperasi Hijau 5841,P-6E74CB,Herbisida Bom Up 520 SL Kemasan 5 Liter - Pembasmi Gulma dari Akar ke Daun,General,1,355263.0,IDR
ORD-8D02F735,2026-08-09,C-3745AB4F,Usaha Kebun 7719,P-2D0BC8,Herbisida Gramoxone 276 SL Kemasan 5 Liter - Parakuat Pembasmi Rumput Liar,General,1,381579.0,IDR
ORD-8F13EA41,2026-08-09,C-43842FDB,CV Kebun 6475,P-6E74CB,Herbisida Bom Up 520 SL Kemasan 5 Liter - Pembasmi Gulma dari Akar ke Daun,General,1,355263.0,IDR
ORD-97AAE00D,2026-08-09,C-98116EC8,Mitra Tani 5304,P-6E74CB,Herbisida Bom Up 520 SL Kemasan 5 Liter - Pembasmi Gulma dari Akar ke Daun,General,1,355263.0,IDR
ORD-980EDDA2,2026-08-09,C-18FED571,Koperasi Hijau 8969,P-2D0BC8,Herbisida Gramoxone 276 SL Kemasan 5 Liter - Parakuat Pembasmi Rumput Liar,General,1,381579.0,IDR
ORD-9BF37264,2026-08-09,C-F2A459A5,Gapoktan 5125,P-10ABDD,Herbisida Gramoxone 276 SL Kemasan 20 Liter - Parakuat Pembasmi Rumput Liar,General,1,1302632.0,IDR
ORD-A05A6DB1,2026-08-09,C-9D479FC0,Mitra Tani 7864,P-05FE0B,Herbasida Garlon 670 EC Kemasan 100ml - Pembasmi Gulma Berkayu,Racun,1,58904.0,IDR
ORD-A1128219,2026-08-09,C-9D01273B,CV Kebun 6491,P-4FE4FF,Herbisida Metsulindo 20 WP Ukuran 100gr - Efektif kendalikan Gulma Muda,General,1,35526.0,IDR
ORD-ABFCE423,2026-08-09,C-9DAF623F,Usaha Kebun 3863,P-6E74CB,Herbisida Bom Up 520 SL Kemasan 5 Liter - Pembasmi Gulma dari Akar ke Daun,General,1,355263.0,IDR
ORD-B0D8330C,2026-08-09,C-15C60B87,Usaha Kebun 9615,P-3630B1,Minyak Goreng 1 Liter - Minyak Hemat Petani Hebat,Minyak Hemat,1,21000.0,IDR
ORD-B15151A1,2026-08-09,C-141064E6,Distributor Bibit 1726,P-6E74CB,Herbisida Bom Up 520 SL Kemasan 5 Liter - Pembasmi Gulma dari Akar ke Daun,General,1,355263.0,IDR
ORD-BAAE5EA2,2026-08-09,C-8C8D6130,Mitra Tani 4696,P-BEDEAF,Herbisida Bablass 490 SL Kemasan 5 Liter - Pembasmi Gulma dari Akar ke Daun,General,1,355263.0,IDR
ORD-BEA43C71,2026-08-09,C-01735F12,UD Agro 3194,P-4FE4FF,Herbisida Metsulindo 20 WP Ukuran 100gr - Efektif kendalikan Gulma Muda,General,2,35526.0,IDR
ORD-C5D4279F,2026-08-09,C-BBEBF702,UD Agro 5586,P-3630B1,Minyak Goreng 1 Liter - Minyak Hemat Petani Hebat,Minyak Hemat,1,21000.0,IDR
ORD-C760A81F,2026-08-09,C-B10ADE37,Usaha Kebun 1479,P-516722,ROUNDUP 486 SL (1 Liter) - Herbisida Sistemik Glifosat Tuntas,General,2,116184.0,IDR
ORD-CBEECD25,2026-08-09,C-6D6A221D,Gapoktan 6093,P-6E74CB,Herbisida Bom Up 520 SL Kemasan 5 Liter - Pembasmi Gulma dari Akar ke Daun,General,1,355263.0,IDR
ORD-D9DD7572,2026-08-09,C-68D6C2E8,Mitra Tani 9064,P-97F3A1,Herbisida Bom Up 520 SL Kemasan 1 Liter - Pembasmi Gulma dari Akar ke Daun,General,3,71053.0,IDR
ORD-DA1CFBD4,2026-08-09,C-29B11036,Distributor Bibit 8878,P-6E74CB,Herbisida Bom Up 520 SL Kemasan 5 Liter - Pembasmi Gulma dari Akar ke Daun,General,1,355263.0,IDR
ORD-E5B37B24,2026-08-09,C-AC6FAE90,Mitra Tani 5336,P-41049F,Herbisida Metsulindo 20 WP Ukuran 250gr - Efektif kendalikan Gulma Muda,General,5,53947.0,IDR
ORD-E9A01A8D,2026-08-09,C-2F9041EE,Distributor Bibit 8214,P-F9D1EF,Herbisida Bom Up 520 SL Kemasan 20 Liter - Pembasmi Gulma dari Akar ke Daun,General,1,1368421.0,IDR
ORD-F74741E2,2026-08-09,C-9C5C4702,UD Agro 1186,P-41049F,Herbisida Metsulindo 20 WP Ukuran 250gr - Efektif kendalikan Gulma Muda,General,1,53947.0,IDR
ORD-F92808EA,2026-08-09,C-AD425CDF,Usaha Kebun 6519,P-6E74CB,Herbisida Bom Up 520 SL Kemasan 5 Liter - Pembasmi Gulma dari Akar ke Daun,General,1,355263.0,IDR
ORD-FC3C63C4,2026-08-09,C-2E8565A6,Distributor Bibit 6246,P-41049F,Herbisida Metsulindo 20 WP Ukuran 250gr - Efektif kendalikan Gulma Muda,General,5,53947.0,IDR
ORD-FEAF604E,2026-08-09,C-38E85685,Gapoktan 4597,P-10ABDD,Herbisida Gramoxone 276 SL Kemasan 20 Liter - Parakuat Pembasmi Rumput Liar,General,1,1302632.0,IDR
ORD-FFA9544C,2026-08-09,C-E5C5C4EC,Toko Pupuk 1468,P-10ABDD,Herbisida Gramoxone 276 SL Kemasan 20 Liter - Parakuat Pembasmi Rumput Liar,General,1,1302632.0,IDR
ORD-0089DCC7,2026-08-10,C-906AD963,CV Kebun 5571,P-97F3A1,Herbisida Bom Up 520 SL Kemasan 1 Liter - Pembasmi Gulma dari Akar ke Daun,General,1,71053.0,IDR
ORD-0786C7A3,2026-08-10,C-E56F761B,CV Kebun 6195,P-B2BB93,Benih Sawit Topaz 1-3 Seri 4 (100 butir),Benih,10,950000.0,IDR
ORD-13D56A72,2026-08-10,C-13D4A671,Koperasi Hijau 1345,P-F9D1EF,Herbisida Bom Up 520 SL Kemasan 20 Liter - Pembasmi Gulma dari Akar ke Daun,General,1,1368421.0,IDR
ORD-1F6D19DF,2026-08-10,C-54A3F191,Koperasi Hijau 2353,P-54AEF5,Urea Nitrea 46% N 50kg,Khusus Petani,100,605981.0,IDR
ORD-235CE917,2026-08-10,C-6EFD46CE,Distributor Bibit 2494,P-41049F,Herbisida Metsulindo 20 WP Ukuran 250gr - Efektif kendalikan Gulma Muda,General,2,53947.0,IDR
ORD-235CE917,2026-08-10,C-6EFD46CE,Distributor Bibit 2494,P-F9D1EF,Herbisida Bom Up 520 SL Kemasan 20 Liter - Pembasmi Gulma dari Akar ke Daun,General,1,1368421.0,IDR
ORD-239F3669,2026-08-10,C-19842C24,Toko Pupuk 8452,P-2D0BC8,Herbisida Gramoxone 276 SL Kemasan 5 Liter - Parakuat Pembasmi Rumput Liar,General,1,381579.0,IDR
ORD-3C59D520,2026-08-10,C-C7891540,Mitra Tani 1856,P-41049F,Herbisida Metsulindo 20 WP Ukuran 250gr - Efektif kendalikan Gulma Muda,General,1,53947.0,IDR
ORD-3E9F6930,2026-08-10,C-391C23C8,Mitra Tani 6480,P-97F3A1,Herbisida Bom Up 520 SL Kemasan 1 Liter - Pembasmi Gulma dari Akar ke Daun,General,9,71053.0,IDR
ORD-3FC70B35,2026-08-10,C-63F033FF,Usaha Kebun 5335,P-41049F,Herbisida Metsulindo 20 WP Ukuran 250gr - Efektif kendalikan Gulma Muda,General,16,53947.0,IDR
ORD-402B7E9D,2026-08-10,C-E87246CD,Gapoktan 5341,P-B2BB93,Benih Sawit Topaz 1-3 Seri 4 (100 butir),Benih,100,950000.0,IDR
ORD-447F0BCD,2026-08-10,C-F3AB30AF,Usaha Kebun 4607,P-4FE4FF,Herbisida Metsulindo 20 WP Ukuran 100gr - Efektif kendalikan Gulma Muda,General,2,35526.0,IDR
ORD-470102FB,2026-08-10,C-43DD9A53,CV Kebun 7435,P-101D4A,Triester 670 EC 100 ml - Herbisida Khusus Pembasmi Semak & Gulma Berkayu,Racun,2,42763.0,IDR
ORD-484051DA,2026-08-10,C-4308AF58,Mitra Tani 3648,P-FCD235,Herbasida Garlon 670 EC Kemasan 1 Liter - Pembasmi Gulma Berkayu,General,1,431507.0,IDR
ORD-63080AB6,2026-08-10,C-5CC5A5A0,Mitra Tani 6864,P-41049F,Herbisida Metsulindo 20 WP Ukuran 250gr - Efektif kendalikan Gulma Muda,General,6,53947.0,IDR
ORD-65249894,2026-08-10,C-CC881364,Toko Pupuk 4924,P-E4C339,Herbisida Centatop 288 SL Kemasan 5 Liter - Herbisida Kontak Parakuat Pembasmi Gulma Cepat,General,1,340789.0,IDR
ORD-6E38B9BC,2026-08-10,C-DB673BAB,CV Kebun 3787,P-516722,ROUNDUP 486 SL (1 Liter) - Herbisida Sistemik Glifosat Tuntas,General,1,116184.0,IDR
ORD-79C9B1B0,2026-08-10,C-B3C2434E,Distributor Bibit 7878,P-2D0BC8,Herbisida Gramoxone 276 SL Kemasan 5 Liter - Parakuat Pembasmi Rumput Liar,General,1,381579.0,IDR
ORD-79C9B1B0,2026-08-10,C-B3C2434E,Distributor Bibit 7878,P-41049F,Herbisida Metsulindo 20 WP Ukuran 250gr - Efektif kendalikan Gulma Muda,General,2,53947.0,IDR
ORD-7B005F71,2026-08-10,C-D6B7D4EE,Distributor Bibit 5822,P-05FE0B,Herbasida Garlon 670 EC Kemasan 100ml - Pembasmi Gulma Berkayu,Racun,1,58904.0,IDR
ORD-7EED370E,2026-08-10,C-19842C24,Toko Pupuk 8452,P-05FE0B,Herbasida Garlon 670 EC Kemasan 100ml - Pembasmi Gulma Berkayu,Racun,1,56579.0,IDR
ORD-80089BBA,2026-08-10,C-BF470F7D,Gapoktan 3277,P-101D4A,Triester 670 EC 100 ml - Herbisida Khusus Pembasmi Semak & Gulma Berkayu,Racun,1,42763.0,IDR
ORD-80089BBA,2026-08-10,C-BF470F7D,Gapoktan 3277,P-6E74CB,Herbisida Bom Up 520 SL Kemasan 5 Liter - Pembasmi Gulma dari Akar ke Daun,General,1,355263.0,IDR
ORD-82F56558,2026-08-10,C-E294D167,Usaha Kebun 2751,P-AF0C11,Pupuk NPK Phonska Plus 15-15-15 Ukuran 25 Kg - Pupuk Anorganik,Pupuk,1,492958.0,IDR
ORD-8A809F47,2026-08-10,C-54A3F191,Koperasi Hijau 2353,P-54AEF5,Urea Nitrea 46% N 50kg,Khusus Petani,100,605981.0,IDR
ORD-8EFCC37F,2026-08-10,C-503169EC,Toko Pupuk 6660,P-97F3A1,Herbisida Bom Up 520 SL Kemasan 1 Liter - Pembasmi Gulma dari Akar ke Daun,General,9,71053.0,IDR
ORD-9311A109,2026-08-10,C-346DD14B,CV Kebun 7235,P-41049F,Herbisida Metsulindo 20 WP Ukuran 250gr - Efektif kendalikan Gulma Muda,General,15,53947.0,IDR
ORD-A0A43A89,2026-08-10,C-ACB07BCE,Distributor Bibit 4182,P-41049F,Herbisida Metsulindo 20 WP Ukuran 250gr - Efektif kendalikan Gulma Muda,General,1,53947.0,IDR
ORD-A46F6569,2026-08-10,C-80DE63A5,Gapoktan 7149,P-05FE0B,Herbasida Garlon 670 EC Kemasan 100ml - Pembasmi Gulma Berkayu,Racun,2,58904.0,IDR
ORD-A97B7636,2026-08-10,C-7565270C,Toko Pupuk 4404,P-2D0BC8,Herbisida Gramoxone 276 SL Kemasan 5 Liter - Parakuat Pembasmi Rumput Liar,General,1,381579.0,IDR
ORD-ABC25477,2026-08-10,C-D5599464,Toko Pupuk 1700,P-10ABDD,Herbisida Gramoxone 276 SL Kemasan 20 Liter - Parakuat Pembasmi Rumput Liar,General,1,1302632.0,IDR
ORD-AD475997,2026-08-10,C-2F3FE2D1,Koperasi Hijau 5985,P-05FE0B,Herbasida Garlon 670 EC Kemasan 100ml - Pembasmi Gulma Berkayu,Racun,1,56579.0,IDR
ORD-ADA12AFC,2026-08-10,C-298C1F58,Mitra Tani 8920,P-3E8E64,Herbisida Bablass 490 SL Kemasan 20 Liter - Pembasmi Gulma dari Akar ke Daun,General,1,1513158.0,IDR
ORD-B09A037C,2026-08-10,C-A105F6C5,Gapoktan 2629,P-2D0BC8,Herbisida Gramoxone 276 SL Kemasan 5 Liter - Parakuat Pembasmi Rumput Liar,General,1,381579.0,IDR
ORD-B44F140F,2026-08-10,C-37407AF5,Gapoktan 9661,P-41049F,Herbisida Metsulindo 20 WP Ukuran 250gr - Efektif kendalikan Gulma Muda,General,2,53947.0,IDR
ORD-B886F1AF,2026-08-10,C-26A5535F,Usaha Kebun 9991,P-B29CD2,NPK Mahkota 13-6-27-4 0.65 B 50kg,Pupuk Grosir,200,512908.0,IDR
ORD-C4AD3265,2026-08-10,C-26A5535F,Usaha Kebun 9991,P-B29CD2,NPK Mahkota 13-6-27-4 0.65 B 50kg,Pupuk Grosir,200,512908.0,IDR
ORD-C799B0AE,2026-08-10,C-E87246CD,Gapoktan 5341,P-B2BB93,Benih Sawit Topaz 1-3 Seri 4 (100 butir),Benih,150,950000.0,IDR
ORD-D13C10B4,2026-08-10,C-F944C159,Koperasi Hijau 3729,P-41049F,Herbisida Metsulindo 20 WP Ukuran 250gr - Efektif kendalikan Gulma Muda,General,1,56164.0,IDR
ORD-D665B5AA,2026-08-10,C-07A311D5,Gapoktan 4445,P-032ED5,Herbisida Sistemik Elang 480 SL Kemasan 1 Liter - Pembasmi Gulma dari Akar ke Daun,General,1,85525.0,IDR
ORD-D6E7787C,2026-08-10,C-E79C904E,Distributor Bibit 3454,P-F9D1EF,Herbisida Bom Up 520 SL Kemasan 20 Liter - Pembasmi Gulma dari Akar ke Daun,General,1,1368421.0,IDR
ORD-DA846AB0,2026-08-10,C-22AD7ED2,UD Agro 9538,P-F9D1EF,Herbisida Bom Up 520 SL Kemasan 20 Liter - Pembasmi Gulma dari Akar ke Daun,General,1,1368421.0,IDR
ORD-E1EC0C6E,2026-08-10,C-C5C19248,Mitra Tani 2448,P-54AEF5,Urea Nitrea 46% N 50kg,Khusus Petani,20,605981.0,IDR
ORD-E1EC0C6E,2026-08-10,C-C5C19248,Mitra Tani 2448,P-69F8AE,RP Sasco 50kg - Egypt,Khusus Petani,20,123384.0,IDR
ORD-E1EC0C6E,2026-08-10,C-C5C19248,Mitra Tani 2448,P-89A982,MOP/KCL Sasco 50kg,Khusus Petani,20,417216.0,IDR
ORD-E420E5A9,2026-08-10,C-F07604B5,Gapoktan 8293,P-41049F,Herbisida Metsulindo 20 WP Ukuran 250gr - Efektif kendalikan Gulma Muda,General,3,53947.0,IDR
ORD-EC036E89,2026-08-10,C-ACC010F8,Mitra Tani 8408,P-4D6695,Smart 486 SL Kemasan 1 Liter - Glifosat Sistemik Pembasmi Gulma Kuat,Racun,1,110526.0,IDR
ORD-F25F5D75,2026-08-10,C-9CCF08B3,CV Kebun 6875,P-385FCB,Herbisida Gramoxone 276 SL Kemasan 1 Liter - Parakuat Pembasmi Rumput Liar,General,2,85526.0,IDR
ORD-FC7458C8,2026-08-10,C-3703D74B,CV Kebun 4603,P-2A5326,RP Mahkota 50kg - Egypt,Pupuk Grosir,200,124656.0,IDR
ORD-FEE086E5,2026-08-10,C-6987FA7D,Gapoktan 4165,P-F9D1EF,Herbisida Bom Up 520 SL Kemasan 20 Liter - Pembasmi Gulma dari Akar ke Daun,General,1,1368421.0,IDR
ORD-0CB5A4E9,2026-08-11,C-A6B995E7,Usaha Kebun 8391,P-05FE0B,Herbasida Garlon 670 EC Kemasan 100ml - Pembasmi Gulma Berkayu,Racun,1,56579.0,IDR
ORD-13B2B1FA,2026-08-11,C-42156A76,Distributor Bibit 8766,P-BEDEAF,Herbisida Bablass 490 SL Kemasan 5 Liter - Pembasmi Gulma dari Akar ke Daun,General,1,355263.0,IDR
ORD-14F97BAE,2026-08-11,C-6EFFAC22,UD Agro 6506,P-BC1FE5,MOP/KCL Canada Cap Mahkota 50kg,Pupuk,40,424000.0,IDR
ORD-16ED39C0,2026-08-11,C-02618A9E,Distributor Bibit 5910,P-41049F,Herbisida Metsulindo 20 WP Ukuran 250gr - Efektif kendalikan Gulma Muda,General,1,53947.0,IDR
ORD-16ED39C0,2026-08-11,C-02618A9E,Distributor Bibit 5910,P-97F3A1,Herbisida Bom Up 520 SL Kemasan 1 Liter - Pembasmi Gulma dari Akar ke Daun,General,1,71053.0,IDR
ORD-174C68D8,2026-08-11,C-E87246CD,Gapoktan 5341,P-B2BB93,Benih Sawit Topaz 1-3 Seri 4 (100 butir),Benih,100,950000.0,IDR
ORD-1CC58338,2026-08-11,C-A083B2F0,Mitra Tani 6584,P-2A5326,RP Mahkota 50kg - Egypt,Pupuk Grosir,200,124656.0,IDR
ORD-20388EFF,2026-08-11,C-DD93B14E,Distributor Bibit 3918,P-05FE0B,Herbasida Garlon 670 EC Kemasan 100ml - Pembasmi Gulma Berkayu,Racun,1,58904.0,IDR
ORD-259417EB,2026-08-11,C-6B4AC5F9,Koperasi Hijau 9457,P-41049F,Herbisida Metsulindo 20 WP Ukuran 250gr - Efektif kendalikan Gulma Muda,General,1,53947.0,IDR
ORD-2DDAF240,2026-08-11,C-99005AAC,Toko Pupuk 3260,P-4D9CD6,ROUNDUP 486 SL (20 Liter) - Herbisida Sistemik Glifosat Tuntas,Racun,1,2054795.0,IDR
ORD-35022F4F,2026-08-11,C-BBEE065B,CV Kebun 5587,P-6E74CB,Herbisida Bom Up 520 SL Kemasan 5 Liter - Pembasmi Gulma dari Akar ke Daun,General,1,355263.0,IDR
ORD-36D03898,2026-08-11,C-D4E5F5D7,Usaha Kebun 2471,P-2D0BC8,Herbisida Gramoxone 276 SL Kemasan 5 Liter - Parakuat Pembasmi Rumput Liar,General,1,381579.0,IDR
ORD-37B2C9EE,2026-08-11,C-C2C8BB4C,Toko Pupuk 9052,P-4D9CD6,ROUNDUP 486 SL (20 Liter) - Herbisida Sistemik Glifosat Tuntas,Racun,1,2054795.0,IDR
ORD-3A187021,2026-08-11,C-6A2F2F9B,CV Kebun 9275,P-41049F,Herbisida Metsulindo 20 WP Ukuran 250gr - Efektif kendalikan Gulma Muda,General,2,53947.0,IDR
ORD-413F2534,2026-08-11,C-D5C7332D,Gapoktan 3773,P-6E74CB,Herbisida Bom Up 520 SL Kemasan 5 Liter - Pembasmi Gulma dari Akar ke Daun,General,1,355263.0,IDR
ORD-425B6D9A,2026-08-11,C-0EC76294,Toko Pupuk 7924,P-05FE0B,Herbasida Garlon 670 EC Kemasan 100ml - Pembasmi Gulma Berkayu,Racun,1,56579.0,IDR
ORD-42D806A1,2026-08-11,C-560DDA0D,Gapoktan 5365,P-ADBBD0,RP Cap Daun 50Kg,Pupuk,1,129850.0,IDR
ORD-4D493353,2026-08-11,C-2EA76837,Usaha Kebun 3127,P-E4C339,Herbisida Centatop 288 SL Kemasan 5 Liter - Herbisida Kontak Parakuat Pembasmi Gulma Cepat,General,1,340789.0,IDR
ORD-4D5DF24F,2026-08-11,C-38C09961,Koperasi Hijau 1273,P-41049F,Herbisida Metsulindo 20 WP Ukuran 250gr - Efektif kendalikan Gulma Muda,General,3,53947.0,IDR
ORD-596A82E5,2026-08-11,C-5A84E860,Mitra Tani 9680,P-DA0BCA,MOP/KCL Mentari 50kg,Toling,64,408768.0,IDR
ORD-596A82E5,2026-08-11,C-5A84E860,Mitra Tani 9680,P-E671B4,Elang 480 SL - 20 Liter,Toling,4,1089276.0,IDR
ORD-596A82E5,2026-08-11,C-5A84E860,Mitra Tani 9680,P-FD375A,Metsulindo 20 WP - 250gr,Toling,4,42591.0,IDR
ORD-61AD8B75,2026-08-11,C-697AA6D7,Usaha Kebun 3783,P-BC1FE5,MOP/KCL Canada Cap Mahkota 50kg,Pupuk Grosir,200,415520.0,IDR
ORD-71D34C89,2026-08-11,C-BC9233FC,Toko Pupuk 1172,P-41049F,Herbisida Metsulindo 20 WP Ukuran 250gr - Efektif kendalikan Gulma Muda,General,1,53947.0,IDR
ORD-736AD1B3,2026-08-11,C-26C8DAA9,Koperasi Hijau 7385,P-4FE4FF,Herbisida Metsulindo 20 WP Ukuran 100gr - Efektif kendalikan Gulma Muda,General,1,35526.0,IDR
ORD-756844E9,2026-08-11,C-1CC73CA5,Gapoktan 6237,P-BC1FE5,MOP/KCL Canada Cap Mahkota 50kg,Khusus Petani,100,407040.0,IDR
ORD-771608C8,2026-08-11,C-653BC6FA,UD Agro 9378,P-41049F,Herbisida Metsulindo 20 WP Ukuran 250gr - Efektif kendalikan Gulma Muda,General,4,53947.0,IDR
ORD-82815EA0,2026-08-11,C-EBD660B8,Mitra Tani 8224,P-4D9CD6,ROUNDUP 486 SL (20 Liter) - Herbisida Sistemik Glifosat Tuntas,Racun,1,2054795.0,IDR
ORD-893EE585,2026-08-11,C-2AF4D0CF,Usaha Kebun 4311,P-05FE0B,Herbasida Garlon 670 EC Kemasan 100ml - Pembasmi Gulma Berkayu,Racun,2,58904.0,IDR
ORD-8BBE845C,2026-08-11,C-857EBF33,CV Kebun 9211,P-BEDEAF,Herbisida Bablass 490 SL Kemasan 5 Liter - Pembasmi Gulma dari Akar ke Daun,General,2,355263.0,IDR
ORD-A076F308,2026-08-11,C-4567F6AF,Usaha Kebun 4263,P-41049F,Herbisida Metsulindo 20 WP Ukuran 250gr - Efektif kendalikan Gulma Muda,General,1,53947.0,IDR
ORD-A4031EC0,2026-08-11,C-223FE932,UD Agro 9810,P-05FE0B,Herbasida Garlon 670 EC Kemasan 100ml - Pembasmi Gulma Berkayu,Racun,1,58904.0,IDR
ORD-A58832C4,2026-08-11,C-C07BFEB9,Koperasi Hijau 8609,P-BC1FE5,MOP/KCL Canada Cap Mahkota 50kg,Khusus Petani,100,407040.0,IDR
ORD-AA838589,2026-08-11,C-560DDA0D,Gapoktan 5365,P-ADBBD0,RP Cap Daun 50Kg,Pupuk,1,129850.0,IDR
ORD-B2381162,2026-08-11,C-ECE159F3,CV Kebun 8603,P-101D4A,Triester 670 EC 100 ml - Herbisida Khusus Pembasmi Semak & Gulma Berkayu,Racun,1,42763.0,IDR
ORD-B2381162,2026-08-11,C-ECE159F3,CV Kebun 8603,P-41049F,Herbisida Metsulindo 20 WP Ukuran 250gr - Efektif kendalikan Gulma Muda,General,3,53947.0,IDR
ORD-B2E9AF13,2026-08-11,C-FFA744F6,Distributor Bibit 5246,P-6E74CB,Herbisida Bom Up 520 SL Kemasan 5 Liter - Pembasmi Gulma dari Akar ke Daun,General,1,355263.0,IDR
ORD-B6E1F3F5,2026-08-11,C-923CCCB9,Koperasi Hijau 5105,P-4D9CD6,ROUNDUP 486 SL (20 Liter) - Herbisida Sistemik Glifosat Tuntas,Racun,1,2054795.0,IDR
ORD-C616DC97,2026-08-11,C-AF967F28,Mitra Tani 5752,P-101D4A,Triester 670 EC 100 ml - Herbisida Khusus Pembasmi Semak & Gulma Berkayu,Racun,2,42763.0,IDR
ORD-CA345BD2,2026-08-11,C-F59ADA4C,Toko Pupuk 7348,P-41049F,Herbisida Metsulindo 20 WP Ukuran 250gr - Efektif kendalikan Gulma Muda,General,1,53947.0,IDR
ORD-DCE809B5,2026-08-11,C-1C09434C,Toko Pupuk 3100,P-6E74CB,Herbisida Bom Up 520 SL Kemasan 5 Liter - Pembasmi Gulma dari Akar ke Daun,General,1,355263.0,IDR
ORD-E8755455,2026-08-11,C-B4ACD976,Distributor Bibit 9742,P-6E74CB,Herbisida Bom Up 520 SL Kemasan 5 Liter - Pembasmi Gulma dari Akar ke Daun,General,1,355263.0,IDR
ORD-EEAEBAF4,2026-08-11,C-D4E102B5,Gapoktan 2085,P-E4C339,Herbisida Centatop 288 SL Kemasan 5 Liter - Herbisida Kontak Parakuat Pembasmi Gulma Cepat,General,1,340789.0,IDR
ORD-F01CF8BF,2026-08-11,C-85061985,Gapoktan 4477,P-2A5326,RP Mahkota 50kg - Egypt,Pupuk Grosir,200,124656.0,IDR
ORD-F06C8C09,2026-08-11,C-C9DBB6BA,UD Agro 1578,P-F9D1EF,Herbisida Bom Up 520 SL Kemasan 20 Liter - Pembasmi Gulma dari Akar ke Daun,General,1,1368421.0,IDR
ORD-F1D0D985,2026-08-11,C-0CC1898A,UD Agro 9250,P-41049F,Herbisida Metsulindo 20 WP Ukuran 250gr - Efektif kendalikan Gulma Muda,General,2,53947.0,IDR
ORD-F31F16A5,2026-08-11,C-55C4F604,Toko Pupuk 7396,P-AE5582,Bom Up 520 SL - 20 Liter,Racun,10,1102400.0,IDR
ORD-F31F16A5,2026-08-11,C-55C4F604,Toko Pupuk 7396,P-FD375A,Metsulindo 20 WP - 250gr,Racun,80,43460.0,IDR
ORD-F34CCD0C,2026-08-11,C-26C969C4,Toko Pupuk 8020,P-2D0BC8,Herbisida Gramoxone 276 SL Kemasan 5 Liter - Parakuat Pembasmi Rumput Liar,General,1,381579.0,IDR
ORD-FD4407CF,2026-08-11,C-1637FF9D,Gapoktan 7669,P-BC1FE5,MOP/KCL Canada Cap Mahkota 50kg,Pupuk Grosir,200,415520.0,IDR
ORD-02A1EAAB,2026-08-12,C-5DA2CBBC,Toko Pupuk 1076,P-6E74CB,Herbisida Bom Up 520 SL Kemasan 5 Liter - Pembasmi Gulma dari Akar ke Daun,General,1,355263.0,IDR
ORD-02D537F2,2026-08-12,C-8836CCDB,CV Kebun 4763,P-41049F,Herbisida Metsulindo 20 WP Ukuran 250gr - Efektif kendalikan Gulma Muda,General,2,53947.0,IDR
ORD-062EA345,2026-08-12,C-39124D2F,Usaha Kebun 9719,P-B2BB93,Benih Sawit Topaz 1-3 Seri 4 (100 butir),Benih,3,950000.0,IDR
ORD-11645A50,2026-08-12,C-F81A827C,Toko Pupuk 5908,P-934820,Langganan Laporan FFB - 1 Mill (Monthly),General,1,60000.0,IDR
ORD-11E202E2,2026-08-12,C-F93DFF0E,Distributor Bibit 1774,P-BEDEAF,Herbisida Bablass 490 SL Kemasan 5 Liter - Pembasmi Gulma dari Akar ke Daun,General,1,355263.0,IDR
ORD-169DB5B4,2026-08-12,C-CF685C8C,Toko Pupuk 9148,P-BC1FE5,MOP/KCL Canada Cap Mahkota 50kg,Khusus Petani,40,407040.0,IDR
ORD-16A4C43C,2026-08-12,C-74C94D6D,Gapoktan 5613,P-41049F,Herbisida Metsulindo 20 WP Ukuran 250gr - Efektif kendalikan Gulma Muda,General,4,53947.0,IDR
ORD-16A4C43C,2026-08-12,C-74C94D6D,Gapoktan 5613,P-4FE4FF,Herbisida Metsulindo 20 WP Ukuran 100gr - Efektif kendalikan Gulma Muda,General,4,35526.0,IDR
ORD-199AD1EB,2026-08-12,C-D8E8F2D6,Distributor Bibit 5174,P-41049F,Herbisida Metsulindo 20 WP Ukuran 250gr - Efektif kendalikan Gulma Muda,General,4,53947.0,IDR
ORD-1FFAD78A,2026-08-12,C-A24E23E5,Gapoktan 8989,P-41049F,Herbisida Metsulindo 20 WP Ukuran 250gr - Efektif kendalikan Gulma Muda,General,1,53947.0,IDR
ORD-231DDD70,2026-08-12,C-5614476F,Usaha Kebun 3583,P-6E74CB,Herbisida Bom Up 520 SL Kemasan 5 Liter - Pembasmi Gulma dari Akar ke Daun,General,2,355263.0,IDR
ORD-233E7897,2026-08-12,C-035F173F,Usaha Kebun 8519,P-FEF9E9,"Dokter Sawit Ujidaun (NPK, Mg, Ca, B, Cu, Zn) + Rekomendasi",Layanan Agronomi,2,799000.0,IDR
ORD-237B8826,2026-08-12,C-873CF979,Koperasi Hijau 3185,P-B2BB93,Benih Sawit Topaz 1-3 Seri 4 (100 butir),Benih,5,950000.0,IDR
ORD-276019F6,2026-08-12,C-BB6536C8,Mitra Tani 3552,P-6E74CB,Herbisida Bom Up 520 SL Kemasan 5 Liter - Pembasmi Gulma dari Akar ke Daun,General,1,355263.0,IDR
ORD-2AF67E0B,2026-08-12,C-38448D86,Distributor Bibit 7774,P-4FE4FF,Herbisida Metsulindo 20 WP Ukuran 100gr - Efektif kendalikan Gulma Muda,General,2,35526.0,IDR
ORD-2D403631,2026-08-12,C-A6C6F981,Koperasi Hijau 3857,P-BC1FE5,MOP/KCL Canada Cap Mahkota 50kg,Pupuk Grosir,200,415520.0,IDR
ORD-2F61AC7D,2026-08-12,C-89EB83B9,Koperasi Hijau 5273,P-DA84BC,Centatop 288 SL - 5 Liter,Racun,20,274540.0,IDR
ORD-2F61AC7D,2026-08-12,C-89EB83B9,Koperasi Hijau 5273,P-F07128,Bablass 490 SL - 5 Liter,Racun,20,286200.0,IDR
ORD-4429EA2F,2026-08-12,C-8888628A,UD Agro 5498,P-F3E4E3,Herbisida Supretox 276 SL Kemasan 20 Liter - Herbisida Supretox 276 SL 20 Liter - Racun Rumput Parakuat Pembasmi Gulma Cepat Untuk Sawit,Racun,1,1363014.0,IDR
ORD-4557B2E3,2026-08-12,C-6BA4D705,Gapoktan 8061,P-F9D1EF,Herbisida Bom Up 520 SL Kemasan 20 Liter - Pembasmi Gulma dari Akar ke Daun,General,1,1368421.0,IDR
ORD-4754F4A2,2026-08-12,C-E6D0FCB3,CV Kebun 8859,P-41049F,Herbisida Metsulindo 20 WP Ukuran 250gr - Efektif kendalikan Gulma Muda,General,2,53947.0,IDR
ORD-4FBFDB30,2026-08-12,C-D7BB6CAE,Distributor Bibit 8494,P-97F3A1,Herbisida Bom Up 520 SL Kemasan 1 Liter - Pembasmi Gulma dari Akar ke Daun,General,1,71053.0,IDR
ORD-5594681F,2026-08-12,C-D494C69C,Toko Pupuk 9964,P-BEDEAF,Herbisida Bablass 490 SL Kemasan 5 Liter - Pembasmi Gulma dari Akar ke Daun,General,2,355263.0,IDR
ORD-5A1063B2,2026-08-12,C-38DA13F4,Toko Pupuk 6052,P-E4C339,Herbisida Centatop 288 SL Kemasan 5 Liter - Herbisida Kontak Parakuat Pembasmi Gulma Cepat,General,1,340789.0,IDR
ORD-5ABFD41A,2026-08-12,C-C185CA8F,Usaha Kebun 3831,P-41049F,Herbisida Metsulindo 20 WP Ukuran 250gr - Efektif kendalikan Gulma Muda,General,12,53947.0,IDR
ORD-63DA46E0,2026-08-12,C-9C858F22,UD Agro 6626,P-6E74CB,Herbisida Bom Up 520 SL Kemasan 5 Liter - Pembasmi Gulma dari Akar ke Daun,General,1,355263.0,IDR
ORD-7129CF46,2026-08-12,C-E5F9EA6E,Distributor Bibit 7942,P-41049F,Herbisida Metsulindo 20 WP Ukuran 250gr - Efektif kendalikan Gulma Muda,General,1,53947.0,IDR
ORD-71C861B2,2026-08-12,C-1EEDEE6D,Gapoktan 6549,P-97F3A1,Herbisida Bom Up 520 SL Kemasan 1 Liter - Pembasmi Gulma dari Akar ke Daun,General,1,73973.0,IDR
ORD-8017E027,2026-08-12,C-FFB30E2E,Distributor Bibit 3654,P-41049F,Herbisida Metsulindo 20 WP Ukuran 250gr - Efektif kendalikan Gulma Muda,General,20,53947.0,IDR
ORD-88D2146F,2026-08-12,C-355A553E,Distributor Bibit 9510,P-6E74CB,Herbisida Bom Up 520 SL Kemasan 5 Liter - Pembasmi Gulma dari Akar ke Daun,General,1,355263.0,IDR
ORD-94642189,2026-08-12,C-8314DD77,Usaha Kebun 6711,P-64CA8D,Dolomite M-100 50kg,Toling,131,51940.0,IDR
ORD-A4DAF8F5,2026-08-12,C-CFB37E05,Gapoktan 9917,P-05A702,Marxone 300 SL - 20 Liter,Racun,1,1060000.0,IDR
ORD-AAB0E117,2026-08-12,C-AE00CAB8,Mitra Tani 3480,P-2D0BC8,Herbisida Gramoxone 276 SL Kemasan 5 Liter - Parakuat Pembasmi Rumput Liar,General,1,381579.0,IDR
ORD-AADBFB1C,2026-08-12,C-D9FDB81B,CV Kebun 8611,P-BC1FE5,MOP/KCL Canada Cap Mahkota 50kg,Pupuk Grosir,600,415520.0,IDR
ORD-AD1D14D7,2026-08-12,C-E139437A,UD Agro 4426,P-B1C447,Dokter Sawit Uji Hara Lengkap (Daun dan Tanah) + Rekomendasi,Layanan Agronomi,1,1599000.0,IDR
ORD-ADC81948,2026-08-12,C-45DB5E22,UD Agro 7386,P-2D0BC8,Herbisida Gramoxone 276 SL Kemasan 5 Liter - Parakuat Pembasmi Rumput Liar,General,1,381579.0,IDR
ORD-B3CF3DCE,2026-08-12,C-F0F7F987,Usaha Kebun 2111,P-41049F,Herbisida Metsulindo 20 WP Ukuran 250gr - Efektif kendalikan Gulma Muda,General,1,53947.0,IDR
ORD-B3CF3DCE,2026-08-12,C-F0F7F987,Usaha Kebun 2111,P-6E74CB,Herbisida Bom Up 520 SL Kemasan 5 Liter - Pembasmi Gulma dari Akar ke Daun,General,1,355263.0,IDR
ORD-B3E33F89,2026-08-12,C-8F1580E6,Distributor Bibit 9142,P-41049F,Herbisida Metsulindo 20 WP Ukuran 250gr - Efektif kendalikan Gulma Muda,General,1,53947.0,IDR
ORD-B82C029D,2026-08-12,C-28CE78FF,Usaha Kebun 9031,P-6E74CB,Herbisida Bom Up 520 SL Kemasan 5 Liter - Pembasmi Gulma dari Akar ke Daun,General,1,355263.0,IDR
ORD-BB724366,2026-08-12,C-641105B9,Koperasi Hijau 5177,P-10ABDD,Herbisida Gramoxone 276 SL Kemasan 20 Liter - Parakuat Pembasmi Rumput Liar,General,1,1302632.0,IDR
ORD-C2D58D8A,2026-08-12,C-3FD90F43,CV Kebun 1827,P-BC1FE5,MOP/KCL Canada Cap Mahkota 50kg,Pupuk Grosir,200,415520.0,IDR
ORD-C4DC62E6,2026-08-12,C-035F173F,Usaha Kebun 8519,P-74CF0C,"Dokter Sawit Ujidaun (NPK, Mg, Ca, B, Cu, Zn)",Layanan Agronomi,2,499000.0,IDR
ORD-C5C1564E,2026-08-12,C-79045A3A,UD Agro 1378,P-05FE0B,Herbasida Garlon 670 EC Kemasan 100ml - Pembasmi Gulma Berkayu,Racun,1,56579.0,IDR
ORD-CDEC2418,2026-08-12,C-E4721622,UD Agro 6018,P-BEDEAF,Herbisida Bablass 490 SL Kemasan 5 Liter - Pembasmi Gulma dari Akar ke Daun,General,1,355263.0,IDR
ORD-DCED3168,2026-08-12,C-DB72C1AB,CV Kebun 2987,P-3630B1,Minyak Goreng 1 Liter - Minyak Hemat Petani Hebat,Minyak Hemat,2,21000.0,IDR
ORD-EDDF1B6B,2026-08-12,C-BF370415,Gapoktan 4781,P-4FE4FF,Herbisida Metsulindo 20 WP Ukuran 100gr - Efektif kendalikan Gulma Muda,General,1,35526.0,IDR
ORD-EF3A3274,2026-08-12,C-A592A632,UD Agro 2442,P-385FCB,Herbisida Gramoxone 276 SL Kemasan 1 Liter - Parakuat Pembasmi Rumput Liar,General,1,89041.0,IDR
ORD-F2DCB2EC,2026-08-12,C-3A2BBB27,Usaha Kebun 3487,P-6E74CB,Herbisida Bom Up 520 SL Kemasan 5 Liter - Pembasmi Gulma dari Akar ke Daun,General,2,355263.0,IDR
ORD-F350D53A,2026-08-12,C-29986CED,Gapoktan 5213,P-F9D1EF,Herbisida Bom Up 520 SL Kemasan 20 Liter - Pembasmi Gulma dari Akar ke Daun,General,1,1424658.0,IDR
ORD-F9388EA1,2026-08-12,C-F892A8AF,Usaha Kebun 5007,P-032ED5,Herbisida Sistemik Elang 480 SL Kemasan 1 Liter - Pembasmi Gulma dari Akar ke Daun,General,1,85525.0,IDR
ORD-0BD7D34C,2026-08-13,C-504A31C4,Toko Pupuk 1684,P-41049F,Herbisida Metsulindo 20 WP Ukuran 250gr - Efektif kendalikan Gulma Muda,General,8,53947.0,IDR
ORD-0C234FC1,2026-08-13,C-A9579AF0,Mitra Tani 7800,P-4FE4FF,Herbisida Metsulindo 20 WP Ukuran 100gr - Efektif kendalikan Gulma Muda,General,1,35526.0,IDR
ORD-0D9D81D2,2026-08-13,C-BB0FADDC,Toko Pupuk 4940,P-41049F,Herbisida Metsulindo 20 WP Ukuran 250gr - Efektif kendalikan Gulma Muda,General,20,53947.0,IDR
ORD-184C38E8,2026-08-13,C-51F158CB,CV Kebun 4403,P-385FCB,Herbisida Gramoxone 276 SL Kemasan 1 Liter - Parakuat Pembasmi Rumput Liar,General,1,85526.0,IDR
ORD-1CF6E1DD,2026-08-13,C-05C72E0C,Toko Pupuk 1532,P-6E74CB,Herbisida Bom Up 520 SL Kemasan 5 Liter - Pembasmi Gulma dari Akar ke Daun,General,1,355263.0,IDR
ORD-24B3895E,2026-08-13,C-3D11C4FA,UD Agro 6714,P-2A5326,RP Mahkota 50kg - Egypt,Pupuk Grosir,200,124656.0,IDR
ORD-2804437C,2026-08-13,C-02DA8303,CV Kebun 4819,P-97F3A1,Herbisida Bom Up 520 SL Kemasan 1 Liter - Pembasmi Gulma dari Akar ke Daun,General,1,71053.0,IDR
ORD-2D1053BB,2026-08-13,C-5325D5B1,Koperasi Hijau 7465,P-54AEF5,Urea Nitrea 46% N 50kg,Toling,30,618605.0,IDR
ORD-2D1053BB,2026-08-13,C-5325D5B1,Koperasi Hijau 7465,P-69F8AE,RP Sasco 50kg - Egypt,Toling,70,125955.0,IDR
ORD-2D1053BB,2026-08-13,C-5325D5B1,Koperasi Hijau 7465,P-C21693,ZA Cap Daun 50kg,Toling,20,363580.0,IDR
ORD-457BEA57,2026-08-13,C-9DDF225F,Usaha Kebun 1239,P-4D9CD6,ROUNDUP 486 SL (20 Liter) - Herbisida Sistemik Glifosat Tuntas,Racun,1,2054795.0,IDR
ORD-4AB023AE,2026-08-13,C-DE7916B7,Usaha Kebun 7623,P-385FCB,Herbisida Gramoxone 276 SL Kemasan 1 Liter - Parakuat Pembasmi Rumput Liar,General,3,85526.0,IDR
ORD-4C533723,2026-08-13,C-E81CD80E,Distributor Bibit 4430,P-2A5326,RP Mahkota 50kg - Egypt,Pupuk Grosir,200,124656.0,IDR
ORD-4E69C8A5,2026-08-13,C-AA0D2E07,Usaha Kebun 9471,P-2D0BC8,Herbisida Gramoxone 276 SL Kemasan 5 Liter - Parakuat Pembasmi Rumput Liar,General,1,381579.0,IDR
ORD-58D47708,2026-08-13,C-C2D5F740,Mitra Tani 3368,P-41049F,Herbisida Metsulindo 20 WP Ukuran 250gr - Efektif kendalikan Gulma Muda,General,5,53947.0,IDR
ORD-5ADDE794,2026-08-13,C-BF3AA6A9,Koperasi Hijau 9009,P-41049F,Herbisida Metsulindo 20 WP Ukuran 250gr - Efektif kendalikan Gulma Muda,General,1,53947.0,IDR
ORD-5F090AC2,2026-08-13,C-59A2B907,Usaha Kebun 9423,P-6E74CB,Herbisida Bom Up 520 SL Kemasan 5 Liter - Pembasmi Gulma dari Akar ke Daun,General,1,355263.0,IDR
ORD-6C1132C3,2026-08-13,C-43A6CFB6,Distributor Bibit 7622,P-20909A,Bablass 490 SL - 1 Liter,Racun,20,61480.0,IDR
ORD-6C1132C3,2026-08-13,C-43A6CFB6,Distributor Bibit 7622,P-45051A,Garlon 670 EC - 1 Liter,Racun,12,333900.0,IDR
ORD-6C1132C3,2026-08-13,C-43A6CFB6,Distributor Bibit 7622,P-860322,Garlon 670 EC - 100ml,Racun,100,45580.0,IDR
ORD-6C1132C3,2026-08-13,C-43A6CFB6,Distributor Bibit 7622,P-94768A,Bom Up 520 SL - 5 Liter,Racun,4,286200.0,IDR
ORD-6C1132C3,2026-08-13,C-43A6CFB6,Distributor Bibit 7622,P-A2668B,Noxone 297 SL - 5 Liter,Racun,4,323300.0,IDR
ORD-6C1132C3,2026-08-13,C-43A6CFB6,Distributor Bibit 7622,P-AE5582,Bom Up 520 SL - 20 Liter,Racun,4,1102400.0,IDR
ORD-6C1132C3,2026-08-13,C-43A6CFB6,Distributor Bibit 7622,P-C0352C,Bablass 490 SL - 20 Liter,Racun,5,1219000.0,IDR
ORD-6C1132C3,2026-08-13,C-43A6CFB6,Distributor Bibit 7622,P-EDFB81,Metsulindo 20 WP - 100gr,Racun,40,28620.0,IDR
ORD-6C1132C3,2026-08-13,C-43A6CFB6,Distributor Bibit 7622,P-F07128,Bablass 490 SL - 5 Liter,Racun,8,286200.0,IDR
ORD-6C1132C3,2026-08-13,C-43A6CFB6,Distributor Bibit 7622,P-FD375A,Metsulindo 20 WP - 250gr,Racun,20,43460.0,IDR
ORD-7E3B2310,2026-08-13,C-757DF430,Mitra Tani 9784,P-4FE4FF,Herbisida Metsulindo 20 WP Ukuran 100gr - Efektif kendalikan Gulma Muda,General,1,35526.0,IDR
ORD-7E3B2310,2026-08-13,C-757DF430,Mitra Tani 9784,P-97F3A1,Herbisida Bom Up 520 SL Kemasan 1 Liter - Pembasmi Gulma dari Akar ke Daun,General,1,71053.0,IDR
ORD-7EBFD113,2026-08-13,C-AAF3482F,Usaha Kebun 5447,P-05FE0B,Herbasida Garlon 670 EC Kemasan 100ml - Pembasmi Gulma Berkayu,Racun,2,58904.0,IDR
ORD-80F29CA1,2026-08-13,C-36A49E53,CV Kebun 1099,P-3630B1,Minyak Goreng 1 Liter - Minyak Hemat Petani Hebat,Minyak Hemat,2,21000.0,IDR
ORD-82CCD752,2026-08-13,C-4F99BF6B,CV Kebun 3075,P-41049F,Herbisida Metsulindo 20 WP Ukuran 250gr - Efektif kendalikan Gulma Muda,General,3,53947.0,IDR
ORD-82F6AFC6,2026-08-13,C-FB6D0738,Mitra Tani 8488,P-05FE0B,Herbasida Garlon 670 EC Kemasan 100ml - Pembasmi Gulma Berkayu,Racun,1,56579.0,IDR
ORD-83BEF23F,2026-08-13,C-BEDAB680,Mitra Tani 3608,P-4FE4FF,Herbisida Metsulindo 20 WP Ukuran 100gr - Efektif kendalikan Gulma Muda,General,4,35526.0,IDR
ORD-84D90EBF,2026-08-13,C-C4A14375,Gapoktan 7901,P-BC1FE5,MOP/KCL Canada Cap Mahkota 50kg,Pupuk Grosir,400,415520.0,IDR
ORD-8A3821EF,2026-08-13,C-9ECA9AE9,Koperasi Hijau 7057,P-41049F,Herbisida Metsulindo 20 WP Ukuran 250gr - Efektif kendalikan Gulma Muda,General,1,56164.0,IDR
ORD-8A8DB0F2,2026-08-13,C-A9325C7F,Usaha Kebun 5983,P-FCD235,Herbasida Garlon 670 EC Kemasan 1 Liter - Pembasmi Gulma Berkayu,General,1,431507.0,IDR
ORD-8D48EC6C,2026-08-13,C-F5A6549F,Usaha Kebun 3559,P-6E74CB,Herbisida Bom Up 520 SL Kemasan 5 Liter - Pembasmi Gulma dari Akar ke Daun,General,1,355263.0,IDR
ORD-8FE5E371,2026-08-13,C-C0AA077D,Gapoktan 1509,P-41049F,Herbisida Metsulindo 20 WP Ukuran 250gr - Efektif kendalikan Gulma Muda,General,4,53947.0,IDR
ORD-97558874,2026-08-13,C-30AE673E,Distributor Bibit 5062,P-BC1FE5,MOP/KCL Canada Cap Mahkota 50kg,Pupuk,60,424000.0,IDR
ORD-9C5452BE,2026-08-13,C-5325D5B1,Koperasi Hijau 7465,P-05A702,Marxone 300 SL - 20 Liter,Toling,2,1038800.0,IDR
ORD-9C5452BE,2026-08-13,C-5325D5B1,Koperasi Hijau 7465,P-0BA982,Supretox 276 SL - 20 Liter,Toling,1,1033606.0,IDR
ORD-9C5452BE,2026-08-13,C-5325D5B1,Koperasi Hijau 7465,P-1F1EA1,Topzone 276 SL - 20 Liter,Toling,1,1028412.0,IDR
ORD-9C5452BE,2026-08-13,C-5325D5B1,Koperasi Hijau 7465,P-3FC5B7,Gramoxone 276 SL - 20 Liter,Toling,1,1028412.0,IDR
ORD-9C5452BE,2026-08-13,C-5325D5B1,Koperasi Hijau 7465,P-6C5C87,Elang 480 SL - 4 Liter,Toling,4,254505.0,IDR
ORD-9C5452BE,2026-08-13,C-5325D5B1,Koperasi Hijau 7465,P-6CCF91,Topzone 276 SL - 4 Liter,Toling,4,249312.0,IDR
ORD-9C5452BE,2026-08-13,C-5325D5B1,Koperasi Hijau 7465,P-7354B9,Bom Up 520 SL - 1 Liter,Toling,20,56095.0,IDR
ORD-9C5452BE,2026-08-13,C-5325D5B1,Koperasi Hijau 7465,P-946FF8,Marxone 300 SL - 5 Liter,Toling,4,270088.0,IDR
ORD-9C5452BE,2026-08-13,C-5325D5B1,Koperasi Hijau 7465,P-94768A,Bom Up 520 SL - 5 Liter,Toling,4,280476.0,IDR
ORD-9C5452BE,2026-08-13,C-5325D5B1,Koperasi Hijau 7465,P-AE5582,Bom Up 520 SL - 20 Liter,Toling,2,1080352.0,IDR
ORD-9C5452BE,2026-08-13,C-5325D5B1,Koperasi Hijau 7465,P-DA84BC,Centatop 288 SL - 5 Liter,Toling,12,269049.0,IDR
ORD-9C5452BE,2026-08-13,C-5325D5B1,Koperasi Hijau 7465,P-F07128,Bablass 490 SL - 5 Liter,Toling,8,280476.0,IDR
ORD-9FA2E535,2026-08-13,C-2A583E61,Koperasi Hijau 3209,P-41049F,Herbisida Metsulindo 20 WP Ukuran 250gr - Efektif kendalikan Gulma Muda,General,1,53947.0,IDR
ORD-B45DA6EE,2026-08-13,C-754884B4,Toko Pupuk 8836,P-4D9CD6,ROUNDUP 486 SL (20 Liter) - Herbisida Sistemik Glifosat Tuntas,Racun,1,2054795.0,IDR
ORD-BCC9F848,2026-08-13,C-89B4B40C,Toko Pupuk 4164,P-6E74CB,Herbisida Bom Up 520 SL Kemasan 5 Liter - Pembasmi Gulma dari Akar ke Daun,General,1,355263.0,IDR
ORD-C1270659,2026-08-13,C-F7A63F35,Gapoktan 9509,P-6E74CB,Herbisida Bom Up 520 SL Kemasan 5 Liter - Pembasmi Gulma dari Akar ke Daun,General,2,355263.0,IDR
ORD-C93503AD,2026-08-13,C-75A38463,CV Kebun 5531,P-3630B1,Minyak Goreng 1 Liter - Minyak Hemat Petani Hebat,Minyak Hemat,2,21000.0,IDR
ORD-CDC8A00E,2026-08-13,C-29885105,Gapoktan 2493,P-4D9CD6,ROUNDUP 486 SL (20 Liter) - Herbisida Sistemik Glifosat Tuntas,Racun,1,2054795.0,IDR
ORD-D4B4297E,2026-08-13,C-07DDED0F,Usaha Kebun 9655,P-54AEF5,Urea Nitrea 46% N 50kg,Pupuk Grosir,970,618605.0,IDR
ORD-E3E702FC,2026-08-13,C-A04B444F,Usaha Kebun 7247,P-41049F,Herbisida Metsulindo 20 WP Ukuran 250gr - Efektif kendalikan Gulma Muda,General,1,56164.0,IDR
ORD-F574BF79,2026-08-13,C-06EE1231,Koperasi Hijau 4521,P-4D6695,Smart 486 SL Kemasan 1 Liter - Glifosat Sistemik Pembasmi Gulma Kuat,Racun,2,110526.0,IDR
ORD-F8BBC8F9,2026-08-13,C-9E4BD281,Koperasi Hijau 5217,P-69F8AE,RP Sasco 50kg - Egypt,Toling,20,125955.0,IDR
ORD-F8BBC8F9,2026-08-13,C-9E4BD281,Koperasi Hijau 5217,P-C21693,ZA Cap Daun 50kg,Toling,10,363580.0,IDR
ORD-F8BBC8F9,2026-08-13,C-9E4BD281,Koperasi Hijau 5217,P-DA0BCA,MOP/KCL Mentari 50kg,Toling,30,408768.0,IDR
ORD-FD7EA055,2026-08-13,C-9E4CF047,Usaha Kebun 6375,P-B2BB93,Benih Sawit Topaz 1-3 Seri 4 (100 butir),Benih,10,950000.0,IDR
ORD-18462F96,2026-08-14,C-6F04A07E,Distributor Bibit 7206,P-41049F,Herbisida Metsulindo 20 WP Ukuran 250gr - Efektif kendalikan Gulma Muda,General,2,53947.0,IDR
ORD-1F37F148,2026-08-14,C-60D5F262,UD Agro 8954,P-B2BB93,Benih Sawit Topaz 1-3 Seri 4 (100 butir),Benih,10,950000.0,IDR
ORD-34B8BBE2,2026-08-14,C-9B30EC3E,Distributor Bibit 2686,P-4D9CD6,ROUNDUP 486 SL (20 Liter) - Herbisida Sistemik Glifosat Tuntas,Racun,1,2054795.0,IDR
ORD-590F7ADD,2026-08-14,C-6104E354,Toko Pupuk 7292,P-385FCB,Herbisida Gramoxone 276 SL Kemasan 1 Liter - Parakuat Pembasmi Rumput Liar,General,1,85526.0,IDR
ORD-5BC65EC2,2026-08-14,C-7B19F869,Koperasi Hijau 7561,P-41049F,Herbisida Metsulindo 20 WP Ukuran 250gr - Efektif kendalikan Gulma Muda,General,10,53947.0,IDR
ORD-831F4158,2026-08-14,C-15E80A8D,Gapoktan 5589,P-B2BB93,Benih Sawit Topaz 1-3 Seri 4 (100 butir),Benih,10,950000.0,IDR
ORD-843728EF,2026-08-14,C-D4E5F5D7,Usaha Kebun 2471,P-2D0BC8,Herbisida Gramoxone 276 SL Kemasan 5 Liter - Parakuat Pembasmi Rumput Liar,General,1,381579.0,IDR
ORD-BCCB4808,2026-08-14,C-20B3ECB7,Usaha Kebun 5455,P-B2BB93,Benih Sawit Topaz 1-3 Seri 4 (100 butir),Benih,3,950000.0,IDR
